ID,Index,Time,Time1,Time2,State,Fatigue,Task,Resting_hr,HRRMean,HRRCV,Wrist_jerk_Mean,Wrist_jerk_CV,Wrist_ACC_Mean,Wrist_ACC_CV,Wrist_xposture_Mean,Wrist_xposture_CV,Wrist_yposture_Mean,Wrist_yposture_CV,Wrist_zposture_Mean,Wrist_zposture_CV,Hip_jerk_Mean,Hip_jerk_CV,Hip_ACC_Mean,Hip_ACC_CV,Hip_xposture_Mean,Hip_xposture_CV,Hip_yposture_Mean,Hip_yposture_CV,Hip_zposture_Mean,Hip_zposture_CV,Chest_jerk_Mean,Chest_jerk_CV,Chest_ACC_Mean,Chest_ACC_CV,Chest_xposture_Mean,Chest_xposture_CV,Chest_yposture_Mean,Chest_yposture_CV,Chest_zposture_Mean,Chest_zposture_CV,Ankle_jerk_Mean,Ankle_jerk_CV,Ankle_ACC_Mean,Ankle_ACC_CV,Ankle_xposture_Mean,Ankle_xposture_CV,Ankle_yposture_Mean,Ankle_yposture_CV,Ankle_zposture_Mean,Ankle_zposture_CV,HRRSD,Wrist_zposture_SD,Wrist_yposture_SD,Wrist_xposture_SD,Wrist_ACC_SD,Wrist_jerk_SD,Hip_zposture_SD,Hip_yposture_SD,Hip_xposture_SD,Hip_ACC_SD,Hip_jerk_SD,Chest_zposture_SD,Chest_yposture_SD,Chest_xposture_SD,Chest_ACC_SD,Chest_jerk_SD,Ankle_zposture_SD,Ankle_yposture_SD,Ankle_xposture_SD,Ankle_ACC_SD,Ankle_jerk_SD
1,1,180,10,20,0,0,MMH,60,0.433859028,0.116107334,11.49790332,1.006286374,10.28990445,0.33677446,28.40625266,0.423017974,29.05526288,0.683897311,36.7639687,0.657414366,22.60599268,0.90342947,4.294409253,0.582382365,-33.86763937,-0.431915188,51.62783395,0.281603771,6.523167118,1.167373346,12.19649851,0.902148282,5.407989423,0.584521329,-8.999139924,-1.39938386,62.61291392,0.321645502,19.62389396,0.664644714,45.75704808,1.123986427,5.661827692,0.702635848,-4.425708429,-2.040941106,64.79497131,0.128919496,-14.52900196,-0.357785273,0.050374215,24.16916117,19.87081615,19.87081615,3.465377015,11.57018344,7.614971425,14.53859273,14.53859273,2.500988217,20.42291999,13.04291739,20.13916213,20.13916213,3.161085165,11.00305018,5.198262933,8.353335045,8.353335045,3.978203102,51.43030098
1,1,180,20,30,0,0,MMH,60,0.428982358,0.134553769,10.78541371,0.970621697,9.764042791,0.37759037,28.74653452,0.416447368,32.02187684,0.661515653,34.14430998,0.674962247,21.73171112,0.90289445,4.333790793,0.616143837,-34.58307065,-0.464942798,51.06237527,0.313983572,6.714651981,1.077654501,11.62078738,0.898732511,5.464541898,0.616579927,-8.319922878,-1.505811958,62.01950906,0.349200013,20.48942968,0.688842029,43.82619564,1.125491948,5.616292344,0.681537954,-4.494322612,-2.066651159,64.83689291,0.125636756,-14.55277946,-0.386233729,0.057721193,23.04612019,21.18297277,21.18297277,3.68680853,10.46855656,7.23607493,16.03274698,16.03274698,2.670238488,19.62144136,14.11398031,21.65721337,21.65721337,3.369326845,10.44397942,5.620774278,8.145896894,8.145896894,3.827716393,49.3260303
1,1,180,30,40,0,0,MMH,60,0.41459883,0.132038323,9.737025091,1.041753521,9.445886139,0.411632774,28.17006688,0.430246735,34.17281805,0.666557129,32.89298316,0.721134269,20.96342696,0.963875902,3.808491992,0.576855287,-31.69456219,-0.370062741,54.38463821,0.221606452,6.628378284,0.994566238,11.11344481,0.953169286,4.736922334,0.566653069,-6.549834364,-1.774729555,66.56435385,0.246975493,17.59822325,0.567528163,42.08988991,1.173638291,5.572966381,0.683369103,-3.752361231,-2.413930087,64.80364381,0.121830127,-15.48361113,-0.299564793,0.054742934,23.72025737,22.77813549,22.77813549,3.888236314,10.14358017,6.592361254,12.05198672,12.05198672,2.196948741,20.20614207,9.987487313,16.43976411,16.43976411,2.684191578,10.59299425,4.638344763,7.895036155,7.895036155,3.808393037,49.39830646
1,1,180,40,50,0,0,MMH,60,0.426119291,0.104705587,11.09001586,1.000677987,9.142082855,0.449828355,28.98599286,0.411458973,35.55243779,0.703044305,29.32218289,0.793995729,20.92000403,0.894720912,4.060843379,0.599853968,-32.87079372,-0.419321515,53.05048741,0.26275327,5.928147144,1.276544784,11.13672847,0.907850411,5.169097052,0.587110313,-8.705559517,-1.553785418,63.85522612,0.298026336,18.78980091,0.621264606,43.09402583,1.135685965,5.596212991,0.670331668,-4.011968806,-2.263844246,64.70678759,0.118876489,-15.29116677,-0.314908649,0.04461707,23.28168798,24.99493892,24.99493892,4.112368092,11.09753475,7.567545315,13.93918904,13.93918904,2.435913014,18.71756508,11.67343826,19.03053907,19.03053907,3.034830188,10.11048352,4.815320669,7.692115723,7.692115723,3.751318789,48.94128031
1,1,180,50,60,0,0,MMH,60,0.42223617,0.11959079,10.25359908,0.979330186,10.29014427,0.352738328,30.13771445,0.385839038,28.516531,0.725561665,36.31818342,0.616890042,19.99806404,0.938002807,4.178874489,0.620117946,-34.00853229,-0.448088668,52.05548953,0.296676349,5.911572235,1.185935631,10.70107233,0.902303703,5.279203478,0.599517758,-8.067933054,-1.534840226,63.02193102,0.318158638,20.0220354,0.63436266,41.00654734,1.16687386,5.438927357,0.677993384,-3.706857687,-2.346713419,65.22315056,0.118589427,-15.1603752,-0.322212444,0.050495557,22.4043257,20.69050171,20.69050171,3.629728285,10.04165909,7.010744149,15.44363258,15.44363258,2.591395065,18.7582402,12.70123163,20.05097174,20.05097174,3.164976233,9.655617189,4.884861545,7.734776052,7.734776052,3.687556764,47.84946818
1,1,180,60,70,0,0,MMH,60,0.404445019,0.140384487,9.880886659,1.078649337,9.784010999,0.409411303,28.74888824,0.430949049,31.8575761,0.749466392,33.8658681,0.680676563,18.86140425,0.972638762,3.684312407,0.591975084,-31.52419818,-0.394339313,54.91234558,0.225199168,6.487084596,0.969172812,10.12222555,0.976436693,4.819589979,0.556400552,-6.653089961,-1.579130033,65.92459096,0.247904,18.73380322,0.62454344,38.95879155,1.212849226,5.347922158,0.674875333,-4.001429906,-2.183429118,65.59293436,0.113806509,-15.16756391,-0.311181216,0.056777807,23.0517027,23.87618262,23.87618262,4.005684692,10.65801184,6.28710602,12.36621454,12.36621454,2.181021147,18.34533288,11.70007391,16.3429698,16.3429698,2.681622525,9.883712442,4.719860981,7.464902875,7.464902875,3.609180747,47.25114018
1,1,180,70,80,0,0,MMH,60,0.396166837,0.173327965,9.457487634,1.081104001,10.1802191,0.390407053,27.45364465,0.377073808,29.71262089,0.795938977,37.70677876,0.623243018,18.38962269,1.012729102,3.539294865,0.593856589,-30.67491079,-0.346604318,55.40518851,0.194843754,6.945799521,1.059922632,10.18155204,1.002415063,4.653106029,0.515064819,-6.02597791,-1.833531492,67.06209442,0.21088925,17.75725409,0.571219894,38.78245119,1.24395734,5.293459805,0.692084131,-4.265575689,-2.115778154,65.84629934,0.117409423,-14.3185854,-0.397238015,0.068666792,23.50048659,23.64943308,23.64943308,3.974429338,10.22452772,7.36201011,10.79535492,10.79535492,2.101833576,18.62370607,10.1432968,14.1426748,14.1426748,2.396651215,10.20614113,5.687886442,7.730976012,7.730976012,3.663519529,48.24371482
1,1,180,80,90,0,0,MMH,60,0.447014599,0.09818701,10.61009255,1.046925015,9.878594666,0.346927561,28.28773115,0.43128568,32.02031374,0.626769047,35.66276298,0.582067568,20.47251153,0.901104318,4.09629662,0.612272611,-33.99840306,-0.427286471,52.10740398,0.281546105,6.4484174,1.06159062,10.64774679,0.892290716,5.35640685,0.569450289,-8.042500245,-1.549957048,62.73357005,0.307619973,20.76358539,0.600953264,43.20880828,1.132280757,5.522356259,0.67260759,-3.429867911,-2.548728032,65.20203588,0.112782534,-15.04357792,-0.315345657,0.043891027,20.75813772,20.06934153,20.06934153,3.427156754,11.1079713,6.845579426,14.67063663,14.67063663,2.508050227,18.44786854,12.47794441,19.29809912,19.29809912,3.050207429,9.500885607,4.743926963,7.353650829,7.353650829,3.714378734,48.92450215
1,1,180,90,100,0,0,MMH,60,0.444846601,0.092784875,10.58028863,1.026900201,10.18264371,0.34117362,26.59261208,0.401676626,30.9002763,0.690801459,38.99197173,0.50089468,20.34056036,0.906839164,3.755766629,0.589254369,-31.53507283,-0.380612462,54.36930426,0.224468967,6.712609341,1.007849334,11.08494973,0.902458273,4.820366812,0.547450668,-6.931543529,-1.668129095,66.04979698,0.242490394,18.07004098,0.570428634,43.75491564,1.128736969,5.597879008,0.663723784,-3.571555381,-2.355439811,64.9057328,0.109917938,-15.38897093,-0.295153314,0.041275036,19.5308712,21.34595595,21.34595595,3.474049416,10.86490052,6.765298854,12.20422156,12.20422156,2.213101895,18.44561675,10.30766879,16.01644129,16.01644129,2.638913031,10.00370459,4.542105769,7.134304314,7.134304314,3.715445438,49.38779086
1,1,180,100,110,0,0,MMH,60,0.451526266,0.094391627,10.54589975,1.179622459,9.155388809,0.405050947,24.96212957,0.431530275,37.21314209,0.576817181,34.10728097,0.624838313,19.12731628,0.965753982,4.096873446,0.666616909,-33.77445526,-0.444781903,52.06392364,0.310394312,5.909328837,1.254528392,10.29505508,0.962515515,5.177971111,0.624109985,-8.148050083,-1.625759245,63.43371871,0.333080583,18.87981774,0.572862556,40.9286568,1.195560663,5.509850305,0.64887169,-1.76639243,-5.64874128,64.80296485,0.105930301,-15.73251647,-0.262153753,0.042620299,21.3115359,21.46517972,21.46517972,3.708398907,12.4401802,7.413420804,16.16034576,16.16034576,2.731045113,18.47228186,10.81554065,21.12854001,21.12854001,3.231623472,9.909150242,4.124338237,6.864597572,6.864597572,3.575185879,48.93269206
1,1,180,110,120,0,0,MMH,60,0.450604366,0.082697662,10.25884901,1.070623184,9.569792066,0.384157018,25.05612839,0.456645059,34.80406345,0.644777836,36.02832092,0.576985188,18.36097791,0.959096288,3.769568749,0.604667076,-32.68932429,-0.395163584,53.8086814,0.24216371,6.282989266,1.05269511,9.425434728,0.964949079,4.746277413,0.585066841,-6.554876566,-1.701226919,66.15258011,0.255186599,18.29227933,0.661378809,38.5460232,1.218695505,5.224614371,0.680916879,-3.175717909,-2.652516216,65.93797172,0.110488257,-15.19909615,-0.315582472,0.037263928,20.78780752,22.44088872,22.44088872,3.676302783,10.98336159,6.614072077,13.03050992,13.03050992,2.279334113,17.60994576,12.09812592,16.88125193,16.88125193,2.776889533,9.09506456,4.796568335,7.285371565,7.285371565,3.557528111,46.97586521
1,1,180,120,130,0,0,MMH,60,0.401736747,0.130793679,8.654765101,1.08915788,10.86834942,0.334251545,29.7201446,0.407264014,25.32323669,0.889640884,39.9607184,0.53221508,15.11844278,1.084951016,3.324446045,0.621560376,-30.22078013,-0.389509316,56.37962649,0.210833286,6.850234662,0.9262369,8.440893779,1.028421888,4.175223521,0.577121668,-4.494830939,-2.198071082,69.32530059,0.208271063,15.84828774,0.690360838,33.78527328,1.324308492,5.128580564,0.648261203,-6.123819927,-1.586375365,66.01184974,0.10633465,-14.0246854,-0.350024668,0.052544627,21.26769694,22.52858667,22.52858667,3.632762585,9.426405609,6.344940118,11.88670192,11.88670192,2.066343934,16.40276985,10.94103721,14.43845405,14.43845405,2.409611963,8.680799917,4.908985851,7.019346938,7.019346938,3.324659806,44.74212431
1,1,180,130,140,0,0,MMH,60,0.429648376,0.077777125,10.07021013,1.132816095,9.966636981,0.347737386,27.5086183,0.424829197,31.86365268,0.651740397,36.72449771,0.563348962,16.65528774,0.990567786,3.260724339,0.563247669,-29.66071998,-0.334860441,56.55535353,0.17627506,7.520451341,0.895531752,8.732167812,0.961508117,4.112194257,0.548573882,-4.229759767,-2.471008112,69.73595058,0.190153243,15.40672231,0.614683578,36.23829497,1.226802667,5.117154395,0.66344247,-4.142563853,-1.886596662,66.33155953,0.101664014,-15.01013462,-0.293173186,0.033416815,20.68870766,20.76682965,20.76682965,3.465772291,11.40769612,6.734802965,9.969298337,9.969298337,1.836595383,16.4981915,9.470259195,13.26051716,13.26051716,2.255842367,8.39605023,4.400568989,6.743532597,6.743532597,3.394937551,44.45723692
1,1,180,140,150,0,0,MMH,60,0.431843999,0.075161029,10.17611317,1.01760027,10.08502387,0.384881272,29.15909151,0.392329973,29.68569623,0.779131858,35.18006112,0.647569431,17.57257332,0.968334244,3.788263345,0.637969624,-32.52653256,-0.421095071,53.55063653,0.261811605,6.804667173,1.092116477,9.481885424,0.93757829,4.730880816,0.617928093,-6.796696484,-1.911481348,66.04023177,0.27110255,17.49013531,0.673470606,37.98156462,1.209064119,5.183805437,0.686585672,-3.747155261,-2.234994037,66.19563717,0.110342647,-14.66597732,-0.317114585,0.032457839,22.78153216,23.12907166,23.12907166,3.881536815,10.35521551,7.43148914,14.0201781,14.0201781,2.416796942,17.0161245,11.77909203,17.90367524,17.90367524,2.923344161,8.890009922,4.650795311,7.304201825,7.304201825,3.559126539,45.92214697
1,1,180,150,160,0,0,MMH,60,0.460528192,0.088695552,10.75871224,0.985617412,9.899855763,0.368827424,28.52475812,0.411098651,31.54434057,0.688969663,35.68572795,0.589430698,18.21318352,0.950256413,3.652257997,0.602676056,-31.72120428,-0.385002248,54.53331832,0.223682062,6.68553044,1.061886793,10.09700605,0.928609749,4.494933098,0.578976211,-6.101691715,-1.922624269,67.64138429,0.229968565,16.55429717,0.636431268,39.9855888,1.184350576,5.354114655,0.684360141,-3.840269076,-2.224866343,65.7208721,0.113806303,-14.98771187,-0.306509979,0.040846802,21.03426353,21.73309369,21.73309369,3.651338299,10.60397411,7.099276478,12.19812509,12.19812509,2.201128445,17.30719444,10.53567234,15.55539208,15.55539208,2.602459334,9.376178254,4.593883251,7.479449484,7.479449484,3.66414266,47.35695513
1,1,180,160,170,0,0,MMH,60,0.472183491,0.080926079,10.55580332,1.033740586,9.996063664,0.364507022,30.19681266,0.418285232,30.56853191,0.734734445,33.96729176,0.590162427,20.46573146,0.898342763,3.790181411,0.607595632,-31.98864463,-0.396309059,54.12394638,0.237154595,6.738591196,0.994021226,11.47463561,0.909997362,4.675543289,0.579060374,-6.184444995,-1.854634052,66.89500512,0.246391352,17.29688426,0.623807159,44.75165996,1.122648219,5.679408789,0.685564116,-4.073151802,-2.144647414,64.87793233,0.117156634,-15.121108,-0.30521243,0.038211958,20.04621934,22.45975333,22.45975333,3.643635398,10.91196231,6.698302682,12.83574258,12.83574258,2.30289767,18.38524175,10.78992023,16.48235075,16.48235075,2.707421846,10.44188814,4.615150117,7.600880173,7.600880173,3.893598866,50.24037135
1,1,180,170,180,0,0,MMH,60,0.510115685,0.086221015,10.8772926,1.081869288,9.405293415,0.35985684,28.03339824,0.378424384,35.36046505,0.543629052,33.9767047,0.601868149,21.91418697,0.905846542,4.028493798,0.585673384,-33.30351281,-0.391693246,52.85959931,0.248485853,6.48101622,1.074818377,12.75068335,0.905171864,5.091324745,0.551864316,-6.952771097,-1.727327123,64.75664973,0.264827882,19.28820347,0.590032737,46.05735542,1.140070164,5.687243041,0.722189872,-2.867647574,-3.204411688,65.00819714,0.12461975,-14.93284737,-0.319637046,0.043982692,20.44949637,19.22297609,19.22297609,3.384559168,11.7678088,6.965915335,13.13486262,13.13486262,2.359381595,19.85089049,11.38067149,17.14936639,17.14936639,2.809720448,11.54155982,4.773091222,8.101305276,8.101305276,4.107269324,52.50861675
2,2,130,10,20,0,1,MMH,72,0.401415109,0.101732395,18.44752616,1.003974583,10.97022191,0.294553016,29.55078112,0.548605791,34.12356596,0.638736172,23.86649721,0.780488893,30.49857615,1.032878163,4.890688483,0.492450256,-15.69184427,-0.650735113,59.72385181,0.174148826,17.43080652,0.433823081,20.3348293,0.915324371,4.409882976,0.83180428,1.31499077,7.531080957,67.16058147,0.317958352,8.955102319,2.521882379,66.81850296,1.13908055,6.983328634,0.881580571,1.604259703,7.428766177,62.13668017,0.167041929,-8.286043795,-0.8887002,0.04083692,18.62753599,21.7959559,21.7959559,3.23131195,18.52084738,7.561886189,10.40083868,10.40083868,2.408420795,31.50131331,22.58371474,21.3542678,21.3542678,3.668159534,18.61296484,7.363808778,10.37943092,10.37943092,6.156366845,76.1116571
2,2,130,20,30,0,1,MMH,72,0.366740885,0.14293876,18.15614951,1.069989024,10.35476129,0.330627679,31.93213659,0.480201759,36.43713869,0.625019867,16.55603649,1.149834645,25.28530673,1.085002894,4.33273636,0.543299631,-10.79504052,-1.167585071,63.10934989,0.177594564,16.04525083,0.465181477,18.15870257,1.00846893,4.158282313,0.853491717,2.369073219,4.079482941,68.14979186,0.300820289,8.634656903,2.511353043,65.34937207,1.30040218,6.749053794,0.959783029,-2.717402997,-3.42198832,62.66792466,0.20422868,-6.977868884,-1.513206938,0.052421487,19.03670434,22.77393558,22.77393558,3.423570692,19.42688069,7.46395348,11.20787748,11.20787748,2.353974066,27.43463098,21.68467189,20.50084008,20.50084008,3.549059511,18.31248735,10.55895961,12.79858753,12.79858753,6.477627293,84.9804659
2,2,130,30,40,0,1,MMH,72,0.334080006,0.13883805,18.54326603,0.988836528,11.39155638,0.305198486,31.14011216,0.527126056,30.44646029,0.829129447,23.95142581,0.787164409,27.62180121,1.038268407,3.934896089,0.556880935,-9.698618964,-0.938255208,65.49047018,0.142074821,14.02427176,0.45621125,19.7308968,0.944118296,3.619399834,0.776737767,3.718410774,2.082781589,71.02812388,0.215561633,2.854448068,6.53034754,69.51173804,1.272679126,7.06709395,0.96840823,-0.475196866,-17.38986749,61.96525743,0.206529488,-7.604134642,-1.449257544,0.046383017,18.85370994,25.24405678,25.24405678,3.47668576,18.3362588,6.39803055,9.304546828,9.304546828,2.191268613,28.67884354,18.64053792,15.31093837,15.31093837,2.811324545,18.62830067,11.0203495,12.79765289,12.79765289,6.843831943,88.46613802
2,2,130,40,50,0,1,MMH,72,0.313535372,0.123956957,17.99611163,0.998244235,11.4755154,0.322667942,29.6214635,0.607780488,30.01329671,0.886796636,25.79122757,0.689414248,24.60042434,1.06214577,4.076855238,0.48932724,-10.23718417,-0.795324129,64.42915449,0.127663416,15.61476208,0.408103338,18.76986531,0.949050306,3.875643217,0.799915816,3.996837851,2.265381972,69.36591559,0.24808933,4.518089878,4.462919329,67.50231743,1.26597936,6.811303524,0.972399192,-1.144775623,-7.160574384,62.70566034,0.196097014,-7.452851597,-1.435360384,0.038864891,17.78083976,26.61569056,26.61569056,3.702780938,17.96451469,6.372436527,8.225245952,8.225245952,1.994916321,26.12923665,20.16387065,17.20894352,17.20894352,3.100188306,17.81354642,10.69752793,12.29639275,12.29639275,6.623306043,85.45654062
2,2,130,50,60,0,1,MMH,72,0.308529603,0.16888306,16.65441996,1.0999365,10.15129509,0.346299472,24.36055062,0.702086026,39.43426342,0.568456746,22.81825659,0.857549035,23.59531673,1.188904722,4.339409237,0.472642053,-15.18510724,-0.614494524,62.41031375,0.130157484,15.01934514,0.402525703,17.07838648,1.091232559,3.981367016,0.837233034,1.399445289,9.436875157,68.33071814,0.265515772,4.530817034,4.45093589,60.19343642,1.414833897,6.274288534,1.046775504,-0.795281858,-10.1547014,64.45418958,0.204923628,-7.464028561,-1.383279705,0.052105423,19.56777392,22.41667306,22.41667306,3.51538813,18.3188044,6.045672461,8.123169413,8.123169413,2.050987291,28.05258348,20.16637615,18.14288338,18.14288338,3.333331986,18.63649138,10.32483923,13.20818637,13.20818637,6.567771542,85.16371422
2,2,130,60,70,0,1,MMH,72,0.30553458,0.203169541,17.94454676,1.043413387,11.38872295,0.302624214,32.24941518,0.612610389,30.62499717,0.786148471,23.31277282,0.846027684,26.40511262,1.124442065,4.742171165,0.45820544,-15.74269524,-0.681298298,60.6085945,0.145610433,16.39723417,0.357681838,19.16786686,1.021294151,4.185686109,0.79648693,2.09194943,4.563217078,68.13126851,0.27735003,6.521249005,3.308131122,66.1111602,1.331800165,7.118757003,0.945044159,-1.415479918,-6.011749338,61.08382733,0.226044212,-4.574133057,-3.525863028,0.06207532,19.7232512,24.0757947,24.0757947,3.446503331,18.72358031,5.864992856,8.825243689,8.825243689,2.172888625,29.69101936,21.57314679,18.89620937,18.89620937,3.333844279,19.57603031,16.12776663,13.80764561,13.80764561,6.727539725,88.04685406
2,2,130,70,80,0,1,MMH,72,0.346494725,0.118298928,18.66549046,0.967861258,10.59848864,0.33572453,30.34626485,0.586769989,35.13663934,0.724873534,18.65752028,1.032990606,27.0802388,1.092262088,4.853263186,0.447418174,-17.30765441,-0.579173746,59.81736837,0.145335515,16.45778606,0.354777817,19.99501282,0.999978663,4.354079459,0.783732753,1.076249434,10.17604529,67.25841125,0.285484365,7.87130734,2.76521311,67.83728305,1.320442449,6.844730702,1.012451858,-0.454255508,-17.44860734,62.82022186,0.214625714,-8.143754905,-1.275042633,0.040989955,19.27304318,25.46961993,25.46961993,3.558172617,18.06560508,5.838857411,8.693588038,8.693588038,2.171438153,29.57871818,21.76584225,19.20122483,19.20122483,3.412434681,19.99458619,10.3836347,13.48283497,13.48283497,6.929960317,89.57522816
2,2,130,80,90,0,1,MMH,72,0.360578653,0.144130117,18.48367105,1.029190818,10.64447325,0.310323877,31.9488511,0.451981732,36.26975801,0.593058022,20.89747911,0.834227737,30.24238221,1.070106572,4.71873642,0.46519445,-15.9068961,-0.554819733,60.89933133,0.128023044,15.79493725,0.322557356,21.55095541,0.9832306,3.660181236,0.767119938,2.588523013,3.086772455,71.34954168,0.210527606,3.828413195,4.526991355,73.74840862,1.27590442,7.520101152,0.955903217,-1.042251728,-8.070191026,60.67902464,0.220022039,-8.805239191,-1.217781702,0.051970243,17.43325671,21.51007094,21.51007094,3.303234208,19.02322453,5.094773198,7.796517774,7.796517774,2.195129994,32.36257196,17.33119344,15.0210482,15.0210482,2.807798003,21.18955882,10.72285917,13.35072273,13.35072273,7.188488883,94.09592053
2,2,130,90,100,0,1,MMH,72,0.298233736,0.185728638,16.87345563,1.003800303,11.09605112,0.340874052,33.23978521,0.485938084,30.5206624,0.936873502,18.35418511,1.13636838,26.14779987,1.051659716,4.220576516,0.501407446,-13.24974494,-0.704343062,63.62044057,0.134015281,15.24652231,0.371575412,19.90022759,0.964405283,3.714143851,0.785503972,1.742882497,5.16881083,70.74858258,0.224506988,4.133683638,4.475295178,69.24356318,1.261743812,6.882762861,0.981995299,-1.317950725,-5.848736152,62.45572576,0.203839983,-8.422032992,-1.252070462,0.055390546,20.8571156,28.59399987,28.59399987,3.782355906,16.93757987,5.665232809,8.52611122,8.52611122,2.116228492,27.49858779,18.49945445,15.88355118,15.88355118,2.917474748,19.19188462,10.54497874,12.73097408,12.73097408,6.758840774,87.36763736
2,2,130,100,110,0,1,MMH,72,0.281416281,0.20586549,17.36152764,1.006886682,10.17977849,0.330037389,30.89304082,0.561756796,38.97027866,0.570070248,19.28548182,0.842952571,24.51102438,1.092330506,4.172545636,0.538452673,-13.69126367,-0.81085949,63.67240121,0.152798584,14.41183322,0.465830736,17.86614876,1.035420822,3.914988047,0.84990481,-0.295115275,-44.07902028,68.97959977,0.264677155,4.022866431,4.824077508,62.2551845,1.33031162,6.25848003,1.029411409,-1.183433656,-6.332812743,64.41362366,0.19899989,-7.898344125,-1.221059154,0.057933901,16.25674648,22.21579642,22.21579642,3.359707513,17.48109096,6.713474876,9.729052745,9.729052745,2.246718351,26.77413966,19.40661947,18.25732422,18.25732422,3.327367172,18.49898244,9.644345395,12.81830402,12.81830402,6.442550746,82.81879535
2,2,130,110,120,0,1,MMH,72,0.266010759,0.187798322,15.03219188,1.020862439,10.87711066,0.308310333,33.56622544,0.531790426,33.67259688,0.720045157,20.7161445,0.838976011,22.00464283,1.123809644,3.872831021,0.541057901,-11.61374261,-0.834298707,65.05849374,0.143616166,15.78674984,0.330822037,16.94654249,1.003707363,3.44598506,0.836502095,2.701300179,2.915607605,71.37919348,0.221381086,2.662822481,7.098854989,59.37857687,1.316631248,6.032427618,1.010407689,-1.046226377,-6.767876625,64.98331511,0.185495353,-8.480791365,-1.179716719,0.049956374,17.38034828,24.24579031,24.24579031,3.35352561,15.34580007,5.22260474,9.343451437,9.343451437,2.095425823,24.72902983,18.90299065,15.80200337,15.80200337,2.882573722,17.00936947,10.00493136,12.05410298,12.05410298,6.095211249,78.17968977
2,2,130,120,130,1,1,MMH,72,0.257319657,0.210093058,15.63351884,1.041049285,10.77118274,0.327481559,35.21861593,0.460063259,33.72962755,0.746133016,19.11529369,0.838762871,20.47030436,1.088354876,3.973553834,0.574156831,-12.07348166,-1.055109915,64.4404157,0.176346384,15.3225492,0.439324603,15.39061542,0.997364662,3.545949251,0.918811795,0.94642328,11.83170502,71.31496003,0.262144936,5.400345891,3.378605711,55.41626616,1.303595951,5.92352546,0.951457158,-1.402643644,-4.899255649,65.09711605,0.174188723,-5.412311694,-2.533819975,0.054061074,16.03319862,25.16678873,25.16678873,3.527363716,16.27526361,6.731572844,11.36383429,11.36383429,2.281443077,22.27895556,18.24563947,18.69485563,18.69485563,3.258059996,15.35005595,13.71382348,11.33918352,11.33918352,5.6359807,72.24042019
3,3,150,10,20,0,1,MMH,55,0.293727579,0.203590074,12.33119178,1.025093597,7.330009326,0.5517753,27.82641791,0.715036372,44.07122234,0.601038199,13.06713087,1.63609846,17.76160911,1.085312692,4.725164118,0.41696815,-22.49820975,-0.41752894,64.24330156,0.154250494,1.598868999,4.262420254,11.28998817,1.064198584,3.562458123,0.890963346,-3.435890561,-2.531745613,70.22932857,0.276136812,12.77877679,1.407690651,35.29973227,1.373065999,4.281365025,0.889487998,-3.022802386,-2.707690133,71.07058767,0.11546472,-8.461675057,-0.671537318,0.05980002,21.37911269,26.4884881,26.4884881,4.044518095,12.64062574,6.815051605,9.909561002,9.909561002,1.970242941,19.2768998,17.98856462,19.3929029,19.3929029,3.174019609,12.01478942,5.682330574,8.206145506,8.206145506,3.808222805,48.46886215
3,3,150,20,30,0,1,MMH,55,0.307932317,0.178915271,13.50696697,0.949507314,9.092706,0.384182985,34.65709368,0.575397617,33.32794637,0.681715346,20.13786904,1.115577251,17.71311417,0.955792735,4.673219538,0.405724476,-21.81071219,-0.443312432,64.6923498,0.148029774,3.908301665,1.488168078,12.04474486,0.962999916,3.598742759,0.914389644,-2.12644986,-3.851906212,69.97561948,0.292025814,14.3176823,1.24670107,39.23978628,1.196943973,4.611645982,0.812066196,-3.413974004,-2.541485855,70.03794299,0.105170916,-8.358261597,-0.627677522,0.055093794,22.46534858,22.72017249,22.72017249,3.493262933,12.82496393,5.816209777,9.57639392,9.57639392,1.896039548,16.93006584,17.84986984,20.43468724,20.43468724,3.29065311,11.59908829,5.246292927,7.365954619,7.365954619,3.74496181,46.96782569
3,3,150,30,40,0,1,MMH,55,0.28623168,0.192012703,12.99746473,1.050910949,8.162259898,0.437020788,30.78520293,0.604440187,39.14385827,0.588046912,17.98043806,1.166325889,15.57181833,1.071684044,4.441038664,0.439415293,-20.01934686,-0.508847494,65.75840139,0.15618814,3.822003087,1.877136594,10.61925392,0.960641264,3.316512646,0.976032537,-2.43116635,-4.402197438,71.64711349,0.281216738,6.387279414,3.04717193,37.69960132,1.337674968,4.365215569,0.888808448,-2.321002342,-3.589352279,70.89395702,0.112433538,-8.577637484,-0.593583005,0.054960119,20.9710504,23.01842498,23.01842498,3.567077252,13.65917799,7.174421857,10.2706824,10.2706824,1.951460306,16.68806924,19.46313854,20.14836754,20.14836754,3.237024252,10.20129351,5.091539834,7.970858411,7.970858411,3.879840475,50.42981299
3,3,150,40,50,0,1,MMH,55,0.293884532,0.196952611,13.1651157,0.986853351,7.730607905,0.404676237,27.34587503,0.628676686,42.57543346,0.466319045,23.91056039,0.678244741,14.46353018,1.024079313,4.219974972,0.411501025,-16.72682302,-0.568818853,67.20230577,0.132267534,8.263522929,0.77658064,11.97892981,0.935988073,3.338887268,1.002661054,-2.554868054,-4.010256385,71.51729073,0.288189767,8.356324964,2.317709053,38.52752381,1.237444327,4.555229204,0.813053924,-3.34912266,-2.410825629,70.30412471,0.098720042,-8.675839951,-0.556882207,0.057881326,16.21721184,19.85373547,19.85373547,3.128393317,12.99203854,6.417291925,8.888683263,8.888683263,1.736524026,14.81180205,19.36753002,20.61055135,20.61055135,3.347772227,11.21213543,4.831420899,6.940426144,6.940426144,3.703646979,47.67566577
3,3,150,50,60,0,1,MMH,55,0.282835635,0.220134456,12.56898219,0.991018649,7.880501153,0.418997639,31.35552702,0.603166722,41.10022799,0.520758757,18.02857659,1.016283616,13.10285003,1.031888616,4.405778722,0.401102622,-18.50191891,-0.527626205,66.0367063,0.139974472,8.878172871,0.698666997,10.68570267,1.044088433,3.230339534,1.011526095,-1.323966925,-6.433229112,71.82302265,0.277226979,9.782852228,2.055181964,32.3977795,1.292381675,4.173931707,0.788109238,-3.443708559,-2.103457529,71.59043286,0.09211284,-8.292385578,-0.64290476,0.062261869,18.32214701,21.40330364,21.40330364,3.301911377,12.45609575,6.202886379,9.243453097,9.243453097,1.767169397,13.52068178,20.10554146,19.91127959,19.91127959,3.267572734,11.15681856,5.33121416,6.594398088,6.594398088,3.289514137,41.87029654
3,3,150,60,70,0,1,MMH,55,0.269415121,0.234174133,12.50664213,1.065148357,8.35032822,0.450770058,31.49969606,0.618048841,37.80198627,0.676562751,19.90599375,0.935865922,12.44007928,1.066489812,4.388334802,0.375569696,-19.14873094,-0.474050184,66.17553066,0.127203041,8.562083134,0.609993285,9.842594745,1.112614565,3.349342202,0.974060188,-1.18666316,-6.547320938,71.11698954,0.275648715,11.06071218,1.885412173,28.96641499,1.340887534,4.023891973,0.756467902,-3.506912244,-2.020869014,71.88526704,0.083137412,-8.750952055,-0.573112163,0.063090052,18.62934119,25.57541582,25.57541582,3.764077936,13.32142932,5.222813217,8.41772874,8.41772874,1.648125568,13.26721781,20.85400139,19.60330678,19.60330678,3.262460895,10.95101427,5.015277061,5.976355063,5.976355063,3.043945119,38.84070476
3,3,150,70,80,0,1,MMH,55,0.256671611,0.212747471,11.55091532,1.101610822,7.850769137,0.446200876,29.82769963,0.68784413,41.04546081,0.563254321,15.32370339,1.338333432,12.17199369,1.090801188,4.039385856,0.402568031,-16.48317317,-0.522771568,68.07871724,0.12130814,8.73936652,0.649824982,9.921512526,1.08548561,2.723965093,1.0272999,-0.536908837,-13.97101811,74.68012226,0.226509635,4.767698817,3.710640135,29.05908397,1.375940646,3.964176059,0.783349785,-3.606566554,-1.890947237,72.35773756,0.089769816,-8.604799944,-0.513617274,0.054606236,20.50822455,23.11903316,23.11903316,3.503020066,12.72461332,5.679058692,8.258502562,8.258502562,1.62612761,13.27722518,17.69121458,16.91576723,16.91576723,2.798329068,10.76965908,4.419573891,6.495540787,6.495540787,3.105336464,39.98357477
3,3,150,80,90,0,1,MMH,55,0.268960854,0.203397679,12.26730302,1.04105105,6.962167763,0.443745982,27.11192511,0.584942295,47.07198732,0.412268019,17.45587804,0.953625994,11.84295829,1.012085554,4.114028249,0.404230981,-15.68308892,-0.617858009,67.7753846,0.127488988,9.665569672,0.648228441,10.39527144,1.059517301,3.364272377,1.03438713,-1.41848324,-6.441396643,70.72732208,0.302000152,8.955649829,2.398414474,30.8491553,1.296035967,4.145161228,0.745219353,-3.49978881,-1.847207057,71.6217904,0.082324874,-8.735909903,-0.549697848,0.054706013,16.64637905,19.40627496,19.40627496,3.089433971,12.77088869,6.26549716,8.640615194,8.640615194,1.663017675,11.986087,21.47936017,21.35966202,21.35966202,3.479960049,11.01396994,4.802110874,5.89625487,5.89625487,3.089054368,39.98161482
3,3,150,90,100,0,1,MMH,55,0.255319722,0.231880468,12.2977771,1.047977569,8.309019033,0.499452163,34.78157892,0.622676138,37.43054558,0.74068685,12.22965201,1.543871174,12.65598059,0.976362026,4.274442179,0.39136371,-17.49926315,-0.53427701,66.83360551,0.128954713,9.543211705,0.645877671,10.49188356,1.105650461,3.180748253,1.045961146,0.278364371,26.97004535,72.00911451,0.285405225,7.162284903,3.047602584,25.15270041,1.292805882,3.876887205,0.641717788,-4.516487297,-1.336966487,72.38404593,0.07145944,-8.46235767,-0.57637999,0.059203657,18.88100721,27.7243129,27.7243129,4.149957528,12.88779455,6.16374735,8.618508417,8.618508417,1.672861549,12.35681885,21.82779798,20.55177753,20.55177753,3.326939088,11.60035589,4.877533629,5.172523387,5.172523387,2.487867482,32.51755904
3,3,150,100,110,0,1,MMH,55,0.226184517,0.231028601,11.75335809,1.078367348,7.652559666,0.479464875,30.32656053,0.665382784,42.0351874,0.572006451,12.58687046,1.632726579,10.50293301,1.011939721,3.76147637,0.362279729,-13.12740339,-0.580721287,69.75770432,0.096252586,10.28119228,0.604180438,10.40321612,1.069862464,3.075995069,1.014265356,-1.609343878,-5.819405296,72.5196418,0.26407783,5.412194077,3.594437803,24.44010577,1.305853696,3.819082725,0.657362763,-4.373473297,-1.363634643,72.67045167,0.071438436,-8.637075258,-0.540629666,0.052255093,20.55091795,24.04439836,24.04439836,3.669133564,12.67443759,6.211695255,6.714359434,6.714359434,1.36270664,10.6283351,19.45379499,19.15082964,19.15082964,3.119875234,11.13001043,4.669459112,5.191463411,5.191463411,2.510522772,31.91520245
3,3,150,110,120,0,1,MMH,55,0.221463513,0.247228321,9.875283189,1.198076046,11.98838313,0.373051189,53.05425682,0.414093639,11.13412968,2.769176772,1.870956324,9.178187351,10.07615428,1.023764232,3.459543341,0.412848182,-10.88952384,-0.691749883,71.62998285,0.100299438,10.75159132,0.52743307,9.975777239,1.113291204,2.782785487,0.951977258,1.229138838,6.705209423,74.63750204,0.21503292,2.028005689,8.435391772,19.8956616,1.287838995,3.503822831,0.5552556,-4.626686815,-1.210342306,73.60290077,0.062039891,-8.854099435,-0.503580773,0.054752052,17.17198767,30.83237329,30.83237329,4.472280581,11.83134024,5.670744817,7.184447024,7.184447024,1.428266179,10.31560635,17.1070225,16.04952001,16.04952001,2.649148498,11.10594505,4.458754238,4.566315941,4.566315941,1.945517248,25.62240884
3,3,150,120,130,0,1,MMH,55,0.24363326,0.245854728,10.48234369,1.099422555,9.305198188,0.478958614,39.79459025,0.570130712,30.42317572,1.001507125,8.711207595,2.215564709,9.82163055,1.088282688,3.569204912,0.378917826,-11.92051902,-0.606987928,70.88326964,0.093514319,10.35973489,0.588245831,9.611669364,1.194939302,2.898408738,0.983053437,0.08500814,96.17363171,73.67220894,0.231240082,6.065493957,3.058373375,22.65923259,1.416757549,3.618377644,0.694848626,-4.164950304,-1.443646365,73.2871517,0.075629249,-8.483040277,-0.566812472,0.059898389,19.30024412,30.46902725,30.46902725,4.456804827,11.52452508,6.094070859,6.628600689,6.628600689,1.352435366,10.6887105,18.55054522,17.03596764,17.03596764,2.849290672,11.48536148,4.808293029,5.542652244,5.542652244,2.514224734,32.10263883
3,3,150,130,140,0,1,MMH,55,0.238048258,0.217010092,9.759067564,1.336416383,11.39581763,0.412741376,45.93433859,0.45013304,15.16602962,2.144587261,-3.011574156,-7.359487146,9.136485185,1.146502202,3.585553962,0.411184114,-11.96447175,-0.630643802,70.8912426,0.106083652,11.51928005,0.456020386,8.673064382,1.238720057,2.469640082,1.001262964,2.223377006,3.238993216,76.19597807,0.19466415,3.346506609,4.615642071,19.04723917,1.506050474,3.48590119,0.605235018,-3.882453456,-1.74745957,73.18034782,0.065642144,-9.15249395,-0.613038342,0.051658874,22.16364129,32.52487392,32.52487392,4.703525449,13.04217778,5.253026535,7.52040191,7.52040191,1.474322829,10.47500038,15.4462767,14.8326253,14.8326253,2.472759149,10.74349881,5.610829716,4.80371493,4.80371493,2.109789469,28.68610358
3,3,150,140,150,1,1,MMH,55,0.237848026,0.227371051,10.75641816,1.208049654,8.791688049,0.500734955,34.94196031,0.585983497,33.42173219,0.901478646,3.943038219,6.008437362,12.53774272,1.072296795,4.227305455,0.382916649,-18.89052205,-0.434814083,66.96810493,0.126645409,5.343954329,1.49312041,9.445581568,1.143184277,2.719100432,0.982076894,-0.809200908,-11.61858306,74.80269163,0.215475777,3.057028614,5.303991895,20.45749108,1.438159489,3.513253831,0.658715027,-4.354710775,-1.340800342,73.55159058,0.071768383,-8.809035382,-0.540362158,0.054079756,23.69149815,30.12897788,30.12897788,4.40230552,12.99428724,7.979167279,8.481203039,8.481203039,1.618705639,13.44418134,16.21445499,16.1181681,16.1181681,2.670365707,10.79804034,4.760069369,5.278678723,5.278678723,2.314233092,29.42113492
4,4,120,10,20,0,1,MMH,51,0.420998899,0.107966192,18.03464749,0.947147763,10.18815717,0.364545077,27.17293828,0.529133006,27.87958641,0.945091634,32.77434266,0.53085143,27.87995949,0.896568219,4.956855575,0.433101704,-8.0084993,-1.692713909,62.16103763,0.157400989,16.46416103,0.354192863,21.3130247,0.952345872,4.369077439,0.594101339,0.954915575,8.092456643,71.08542441,0.236839857,6.860706287,2.60777002,75.68694024,1.108135044,7.485880011,0.8323911,-0.737810415,-12.29329151,59.12797573,0.196237106,-6.803505946,-1.346154505,0.045453648,17.39830667,26.34876388,26.34876388,3.71404254,17.08147603,5.831488332,9.7842088,9.7842088,2.146822596,24.99628563,17.89114417,16.83586175,16.83586175,2.595674757,20.29737109,9.158570179,11.60310284,11.60310284,6.231179897,83.87135085
4,4,120,20,30,0,1,MMH,51,0.418183553,0.089371815,17.65744376,1.02359632,9.626476087,0.384298735,26.02911065,0.554419494,31.97583739,0.813311886,30.35037007,0.565420788,24.88507874,0.912812075,4.784531976,0.462021168,-9.179326552,-1.660814393,62.44440982,0.175503264,15.44216325,0.402802415,19.84178952,0.943774076,4.243613914,0.675499189,0.673765488,10.86547499,70.73738997,0.280198325,8.711452515,2.17258069,71.74795424,1.085269244,7.087303622,0.830295602,0.661332496,13.8001713,60.88118848,0.175453651,-6.802587992,-1.150477177,0.037373823,17.16073016,26.00632861,26.00632861,3.699442583,18.07409445,6.22014065,10.95919774,10.95919774,2.210555052,22.71540036,18.92633352,19.82049818,19.82049818,2.866557757,18.72616657,7.826222229,10.6818268,10.6818268,5.884557027,77.86584806
4,4,120,30,40,0,1,MMH,51,0.429736141,0.099678023,18.17419474,1.009906058,9.992261331,0.382856383,28.0830865,0.515846248,28.61204998,0.925579728,30.48533736,0.634420042,25.08697606,0.953962888,4.999772755,0.459514188,-8.674919946,-1.913068639,61.46246504,0.189248338,15.04725642,0.49107156,19.70188725,0.991221777,4.656155323,0.654581927,0.167604226,47.25929934,68.42025168,0.317681865,8.58458036,2.491288008,65.799568,1.053368636,6.612784618,0.85020291,4.750813542,2.064759438,63.12019511,0.158478115,-5.511196873,-1.247418935,0.042835249,19.34050901,26.48273344,26.48273344,3.825601031,18.35422937,7.389279684,11.63166936,11.63166936,2.297466518,23.93204413,21.3866621,21.73587316,21.73587316,3.047835124,19.52893969,6.874771334,10.00316954,10.00316954,5.622208725,69.31120119
4,4,120,40,50,0,1,MMH,51,0.40165585,0.088565005,17.37995895,1.023002607,9.703657287,0.401852185,27.35851017,0.514611061,30.68994493,0.912573252,29.26719011,0.578587455,23.28924125,0.956117898,4.674849174,0.459492795,-7.785913861,-1.996204147,62.7441305,0.173686104,15.08404921,0.423961236,18.54456722,0.99929276,4.197100939,0.705810042,1.043234575,6.606797933,71.22484426,0.287043869,7.527838818,2.602623654,63.44155164,1.091268552,6.406516811,0.843907256,4.544744587,2.084929015,64.05165288,0.153798593,-5.359364647,-1.277369338,0.035572652,16.93362904,28.00682285,28.00682285,3.899435883,17.77974332,6.395052147,10.89778358,10.89778358,2.148059513,22.26726039,19.59213137,20.44465487,20.44465487,2.96235599,18.53145176,6.845888071,9.851054092,9.851054092,5.406506022,69.23177019
4,4,120,50,60,0,1,MMH,51,0.360309155,0.147156936,14.23885198,1.143582807,10.28611314,0.384873672,31.32036871,0.564219141,25.64295167,1.112873146,25.7264766,0.91827153,19.81123828,1.10625307,4.249020734,0.456195682,-4.724374314,-2.867171554,64.98036967,0.150562457,15.4222553,0.35531107,15.11673853,1.157762298,3.905323428,0.632348918,0.968847264,5.804181052,73.74480219,0.230343966,3.133386499,5.742677718,53.83502093,1.242038213,5.436591096,0.983143399,4.258944159,1.827151101,67.72942529,0.173709771,-4.19685256,-1.587016818,0.053021991,23.62389103,28.5373523,28.5373523,3.958854135,16.28330632,5.479698032,9.783604114,9.783604114,1.938384912,21.91624317,17.99402883,16.98667021,16.98667021,2.469527044,17.50158994,6.660475595,11.76526296,11.76526296,5.344948649,66.86515319
4,4,120,60,70,0,1,MMH,51,0.36268843,0.201632693,14.84226634,1.117366788,10.01365304,0.395784774,31.0958811,0.638382251,28.0100426,1.042391872,27.224885,0.666976384,18.89118353,1.075673851,4.347730887,0.523824101,-7.425587437,-2.293727287,64.32274486,0.191082633,13.93839551,0.457155014,15.10284238,1.109944657,4.110319834,0.740868443,0.292885517,23.1100236,69.9308407,0.309759147,10.38318951,1.995619342,51.60654592,1.252452028,5.656555286,0.859738224,5.110412378,1.772841293,65.72584393,0.133651865,-5.563657664,-1.463016314,0.073129845,18.15835535,29.19744074,29.19744074,3.963251405,16.58425547,6.372007395,12.29095945,12.29095945,2.277446223,20.32075214,20.72089382,21.66171756,21.66171756,3.045206256,16.76331921,8.139721928,8.78438162,8.78438162,4.863156796,64.6347231
4,4,120,70,80,0,1,MMH,51,0.407380143,0.135587836,16.2524032,1.034046675,8.741879591,0.434653112,26.58362378,0.570062205,36.49879528,0.729935056,25.23276833,0.697381991,21.2031128,0.984520738,4.644181444,0.546093326,-9.560403415,-2.01576848,62.60144889,0.22205474,12.36460829,0.628200509,17.11841443,1.009035683,4.405534314,0.767547194,-0.625850261,-11.86551699,67.90695645,0.356839371,12.41662972,1.805092109,57.9672071,1.155899097,5.98480825,0.863923158,4.877565962,1.88475435,65.19084158,0.143227436,-4.553186201,-1.531714761,0.055235792,17.59687822,26.64175018,26.64175018,3.799685169,16.80574349,7.767453221,13.90094846,13.90094846,2.536156491,20.87490426,22.41316033,24.23187563,24.23187563,3.381455501,17.273091,6.974182514,9.33711709,9.33711709,5.170414443,67.00424234
4,4,120,80,90,0,1,MMH,51,0.375621388,0.122603812,14.13084303,1.132503894,10.69380937,0.37242744,35.39859464,0.440002688,21.51698759,1.287530704,24.58234612,0.971501255,17.65218571,1.139748955,4.193298973,0.481909173,-4.904389948,-3.171202451,65.13520912,0.162378559,13.9147495,0.487900347,13.79340034,1.167469966,4.091332307,0.667664276,0.97434745,7.502164293,71.99714265,0.270520047,5.501441121,3.672590869,48.27878472,1.334200757,5.103780409,0.980641896,4.736221874,1.799685445,68.37031016,0.154914521,-3.84668467,-1.752443341,0.046052614,23.88178011,27.70378218,27.70378218,3.982668048,16.00323476,6.789011109,10.5765614,10.5765614,2.02078924,20.11906022,20.20454243,19.47667041,19.47667041,2.731636423,16.10338063,6.741096935,10.59155385,10.59155385,5.004980897,64.41359112
4,4,120,90,100,0,1,MMH,51,0.384139056,0.09435612,16.54020588,1.01658112,9.404231096,0.374894066,28.9067944,0.477288706,32.82346684,0.763988963,28.4516556,0.546641897,21.28095011,0.930876561,4.100917051,0.501678416,-7.458416707,-1.867941664,65.47992095,0.157220328,13.4849357,0.38746191,16.90127676,0.985961708,3.749412255,0.666195495,-1.133500944,-6.515810452,73.25810303,0.232503652,5.143337935,3.307203377,62.00362915,1.090585525,6.235273406,0.829936391,4.491547813,1.980787478,64.63978017,0.134739672,-4.931325169,-1.453330434,0.036245871,15.55286699,25.07676639,25.07676639,3.525590433,16.81446102,5.224898943,10.29477465,10.29477465,2.05734157,19.80993765,17.01006459,17.03277649,17.03277649,2.497841553,16.6640117,7.166844948,8.709542778,8.709542778,5.174880307,67.62026045
4,4,120,100,110,0,1,MMH,51,0.380738172,0.094373836,16.74006445,1.051866095,10.49603587,0.318273465,27.34453706,0.500049772,26.68813812,0.872899616,35.81298564,0.488805151,23.03060081,0.938389012,4.25819707,0.477333753,-5.165284999,-2.73075635,64.61269568,0.15265671,14.19781413,0.357176841,17.19238534,1.014122825,4.032542497,0.56223691,-1.465595238,-5.374395748,72.25796414,0.215630436,0.43985444,38.32735604,64.21857678,1.068139687,6.311049154,0.825391497,4.010806455,2.138153981,64.503035,0.130718406,-5.174442243,-1.335280395,0.035931722,17.50557185,23.29606552,23.29606552,3.340609705,17.60830622,5.0711304,9.863561547,9.863561547,2.032581188,21.61166274,16.85845773,15.58101631,15.58101631,2.267244233,17.43519039,6.909331282,8.431733917,8.431733917,5.209086309,68.5944105
4,4,120,110,120,1,1,MMH,51,0.369301683,0.091719517,15.23254673,1.065106564,11.13620956,0.270094625,34.47152177,0.399319316,21.49410458,0.917075515,36.02696366,0.489800294,21.99589707,0.951006302,4.269850346,0.444519868,-4.180958807,-3.262319957,64.74314183,0.142110758,14.79543289,0.340161362,16.09006047,1.021303392,4.11003047,0.512183124,-1.841460292,-4.907097742,72.30766259,0.203284613,-2.284403842,-6.910798073,62.95722285,1.079374904,6.177337195,0.838106587,3.529393521,2.345911041,65.05924018,0.134571032,-5.69257892,-1.190346173,0.033872172,17.64601739,19.71171703,19.71171703,3.007830345,16.22428551,5.032834603,9.200696961,9.200696961,1.898033312,20.91823673,15.78705367,14.69903521,14.69903521,2.105088246,16.43283334,6.776139532,8.755089092,8.755089092,5.177266993,67.95444637
5,5,80,10,20,0,1,MMH,75,0.297,0.196,18.10184881,1.038202035,9.719111055,0.328249053,18.1798824,0.948481586,43.41870721,0.541743287,22.28043959,0.706585154,19.28028964,0.944790705,3.010567062,0.502592294,-10.35942021,-0.871298241,69.55432033,0.104522335,11.16499706,0.511516175,12.40590042,0.943897991,3.613453787,0.883632114,-2.15792584,-4.181118018,71.48160186,0.278654359,11.78545934,1.583935533,45.61850286,1.185880645,5.111095572,0.920892108,5.336186316,1.821232709,67.30433332,0.136140978,-6.105070027,-0.89392011,0.058212,15.74302784,23.52179316,23.52179316,3.190289,18.79337627,5.71107659,7.26997997,7.26997997,1.513087806,18.21583844,18.66740782,19.91865995,19.91865995,3.192963809,11.70990448,5.45744487,9.162877762,9.162877762,4.706767575,54.0980996
5,5,80,20,30,0,1,MMH,75,0.287,0.149,16.35543888,1.073613058,11.44949493,0.333503842,24.54076202,0.607258054,24.1081501,1.495456409,24.72065785,0.801218873,19.68981962,0.999502276,3.228793666,0.504746018,-8.957439373,-1.045129331,67.7860068,0.113940192,14.67782721,0.415237395,13.17690934,0.961214635,3.139446682,0.87710295,-0.386066235,-22.14009891,74.40419317,0.222456787,8.638814946,1.828442822,44.83059991,1.187853991,4.967944062,0.925564653,6.235627863,1.472447787,67.56714959,0.130668249,-5.961105879,-0.895445825,0.042763,19.80665762,36.05268758,36.05268758,3.818450548,17.55941275,6.094782735,7.72355063,7.72355063,1.629720746,19.68001952,15.79557918,16.55171775,16.55171775,2.753617946,12.6658381,5.337847372,8.828881127,8.828881127,4.598153422,53.25220702
5,5,80,30,40,0,1,MMH,75,0.326,0.208,14.79300865,1.066205537,10.97677758,0.316974939,19.68159952,0.785665784,33.52112435,0.922078389,27.93971638,0.635857946,17.37230338,1.055304603,3.482769983,0.481265893,-5.885311539,-1.519124171,66.3306788,0.129495604,18.39058598,0.375098188,12.11651163,1.012604142,3.331340057,0.853478899,-0.200218974,-46.97243513,73.11618108,0.236223474,10.38851973,1.535260253,42.52333153,1.228684303,4.977644925,0.895467337,6.813437826,1.623958066,67.07293211,0.130216832,-5.591036784,-1.10431114,0.067808,17.76569067,30.90910434,30.90910434,3.479363404,15.77238773,6.898275477,8.589531315,8.589531315,1.676138406,18.33307172,15.94908143,17.2717583,17.2717583,2.843228444,12.26922986,6.174244205,8.734024732,8.734024732,4.457318446,52.24774996
5,5,80,40,50,0,1,MMH,75,0.304,0.175,12.89911738,1.096800185,10.71236156,0.285656947,26.88606103,0.6361985,32.37852182,0.743873327,27.6206645,0.627677467,17.32724624,1.077119495,3.765721956,0.466742369,-6.589346799,-1.678193858,64.69844094,0.147135269,19.38854686,0.318935794,12.45170281,1.021536079,3.391985507,0.930464875,-1.421017543,-6.530285682,72.5823769,0.267561733,10.40389076,1.770244551,40.85731325,1.206765562,4.784014259,0.906707683,6.453960776,1.439261049,68.07244576,0.127165142,-5.997308613,-0.972102987,0.0532,17.33686873,24.08551875,24.08551875,3.060060498,14.14775433,6.183701587,9.519422512,9.519422512,1.757621987,18.66351472,18.41743093,19.42026655,19.42026655,3.156123371,12.71986367,5.830001617,8.656442231,8.656442231,4.337702484,49.30519859
5,5,80,50,60,0,1,MMH,75,0.308,0.16,14.55704966,1.074788629,10.72974483,0.300552102,25.01029268,0.726076021,32.53596996,0.88254623,25.38466709,0.682511361,16.10683457,1.033144854,3.717229509,0.476202404,-2.445829369,-5.653072286,66.82554033,0.152693462,16.49348347,0.379674353,11.51825088,0.954141575,3.293999515,0.962991908,-2.964522172,-3.685612644,72.82584078,0.270147725,9.543389327,1.859974294,39.32208408,1.24945797,4.632024802,0.916849856,3.637515907,2.448763542,68.9480428,0.135357138,-5.378302173,-1.227032532,0.04928,17.32532368,28.71449763,28.71449763,3.224847363,15.64575145,6.262152665,10.2038231,10.2038231,1.770153628,16.64069325,17.75045883,19.67373521,19.67373521,3.172094878,10.99004204,6.599351733,9.332609744,9.332609744,4.246871273,49.13129135
5,5,80,60,70,0,1,MMH,75,0.268,0.27,12.33249972,1.206980981,11.82818942,0.292827452,29.99757219,0.764348633,19.43670916,1.81568746,21.55540863,0.917567299,12.66158505,1.207620903,3.096335456,0.473725343,0.11544308,73.88589483,70.5649405,0.107554825,15.61362307,0.428841128,9.32073539,1.158432247,3.096500094,0.763942523,-0.349073628,-28.50870868,73.77541638,0.188442092,9.985463421,1.33768744,31.71222931,1.431323351,4.60248009,0.779478087,-1.857523901,-5.717141284,69.41453394,0.119085472,-1.63885778,-4.817088241,0.07236,19.77853808,35.29098909,35.29098909,3.46361857,14.88509261,6.69576373,7.589599827,7.589599827,1.466812576,15.29039477,13.357429,13.9023938,13.9023938,2.365548094,10.79744044,7.894522541,8.266262538,8.266262538,3.587532376,45.39045432
5,5,80,70,80,1,1,MMH,75,0.29,0.203,13.64945984,1.150435,10.6061041,0.290165315,32.52583678,0.600432195,29.99219422,0.873185673,22.86821986,0.682404665,15.68417429,1.04668924,3.372083907,0.441229253,1.304084493,7.878396963,70.09900859,0.115223398,14.98625165,0.360023151,11.13034819,1.012922589,2.546329143,0.910307527,-0.885966353,-7.836091898,77.07162047,0.180161119,4.559004316,3.146023137,36.34220264,1.31912323,4.543688383,0.870461466,-0.744259267,-10.01370788,70.11327764,0.129173376,-4.995330584,-1.2923797,0.05887,15.60537991,26.18875429,26.18875429,3.077523537,15.70281633,5.395397541,8.077045966,8.077045966,1.487862063,16.41645647,14.34273306,13.88530939,13.88530939,2.317942585,11.27418111,6.455863842,9.056768775,9.056768775,3.955105651,47.93984373
6,6,180,10,20,0,0,MMH,62,0.308572779,0.139139456,13.41294226,1.057283133,9.692305119,0.308363975,37.79179395,0.280580539,32.01053964,0.580269904,24.06747041,0.768835561,21.15389038,0.934746025,4.386245832,0.55619281,-29.00291936,-0.40130177,58.63295044,0.223385253,1.746946038,3.857711139,13.41243606,1.057325904,9.68673914,0.308552439,37.78928227,0.280798535,32.01323622,0.580260048,24.06425769,0.769352525,46.9381418,1.154618328,4.865612235,0.833413816,0.724296828,12.55257323,67.92002263,0.128147135,-7.889671465,-0.767403709,0.042934649,18.50392711,18.57475276,18.57475276,2.988757733,14.18127762,6.73921319,13.09773647,13.09773647,2.439598395,19.77351495,18.51389742,18.57600199,18.57600199,2.988866988,14.18131608,6.054563145,8.703756309,8.703756309,4.05506846,54.1956388
6,6,180,20,30,0,0,MMH,62,0.313190804,0.128147548,13.32911892,1.123891445,10.08436695,0.291361185,39.07289902,0.307766605,29.35218648,0.583009956,25.16426521,0.827345004,21.35691793,0.918067495,4.850460398,0.545843494,-31.26257833,-0.438161691,56.6118342,0.266739346,-0.355060423,-17.77888497,13.32898106,1.123866238,10.07897618,0.291503937,39.07597404,0.307706115,29.35265563,0.583366624,25.14743836,0.827990413,47.91241113,1.14237783,4.937615906,0.807271372,-1.287210966,-6.826822779,67.43965344,0.128517445,-8.247904478,-0.728987685,0.040134634,20.8195291,17.11261695,17.11261695,2.938193105,14.98048272,6.312578418,15.10060363,15.10060363,2.647592251,19.60709214,20.82183787,17.12335962,17.12335962,2.938061237,14.9799918,6.012620792,8.667171952,8.667171952,3.985995967,54.73407626
6,6,180,30,40,0,0,MMH,62,0.306582151,0.127837714,12.79065709,1.07426221,9.899135271,0.344358208,39.94963593,0.36748081,29.27463642,0.773210817,22.41099587,0.854231316,19.86847462,0.951510667,4.38617969,0.544128411,-29.67076779,-0.402842595,58.43914932,0.225544751,1.41690615,4.029444682,12.79076033,1.074232827,9.893798077,0.344556896,39.95774245,0.367526971,29.2787843,0.772991064,22.4072487,0.854432899,44.05982091,1.186329432,4.632576558,0.819102872,-1.564825128,-4.820015021,68.61338735,0.127928627,-7.963665793,-0.761807037,0.039192761,19.14417449,22.63546554,22.63546554,3.408848483,13.74051955,5.709344951,13.18064338,13.18064338,2.386644985,18.90506554,19.14549047,22.63223863,22.63223863,3.408976355,13.74025463,6.066776641,8.777616438,8.777616438,3.794556763,52.26946231
6,6,180,40,50,0,0,MMH,62,0.328081743,0.095182477,13.26322343,1.035067638,9.916843233,0.306137592,40.78261795,0.303618423,29.88112095,0.643150758,24.17928615,0.674706422,21.08238245,0.889655038,4.58901231,0.554710289,-30.1657413,-0.395752777,57.60311668,0.243889964,0.28263101,24.51119413,13.26278541,1.03509497,9.911275947,0.306309853,40.78120641,0.303552016,29.88105101,0.643242429,24.16134166,0.675245167,47.70409444,1.117035344,4.983247408,0.773985081,-2.132911412,-3.798327606,67.37364275,0.123249592,-8.546113711,-0.716981586,0.031227633,16.31391964,19.21806559,19.21806559,3.035918508,13.72833335,6.927623553,14.04882205,14.04882205,2.545572345,18.75604776,16.31482918,19.22075983,19.22075983,3.035921478,13.72824247,6.127406163,8.30377398,8.30377398,3.856959149,53.28715954
6,6,180,50,60,0,0,MMH,62,0.32884487,0.107075277,13.37105923,1.068474752,9.537963845,0.308853821,38.64427579,0.342132016,33.31092935,0.574846757,23.70157133,0.624167218,20.44021073,0.88606928,4.517048728,0.567739038,-30.24178225,-0.410212337,57.79715706,0.243231431,0.023140223,271.1193492,13.37031238,1.068464339,9.532336511,0.309025784,38.65241252,0.342110186,33.30920678,0.574991023,23.70027356,0.624286402,46.63325758,1.127264731,4.89729734,0.772262803,-2.413292099,-3.127922594,67.68250487,0.120327939,-8.750800579,-0.642749134,0.035211156,14.79374384,19.14867971,19.14867971,2.945836578,14.28663919,6.2737622,14.05808522,14.05808522,2.564504899,18.1114428,14.79575851,19.15249488,19.15249488,2.945737764,14.28570198,5.624569494,8.144096317,8.144096317,3.782000571,52.56802656
6,6,180,60,70,0,0,MMH,62,0.310314089,0.165347514,11.49785366,1.139813406,10.40375672,0.32081921,42.26980369,0.380770944,25.35044241,0.93523706,23.28941658,0.752668331,16.26035171,1.03480447,4.098204896,0.549919157,-28.58328341,-0.37222191,59.62333944,0.196829618,0.585612419,10.90151466,11.49775523,1.139817239,10.39840059,0.321038348,42.27128505,0.380733927,25.36393543,0.93490459,23.28027656,0.753054005,36.2393004,1.3069607,4.368030723,0.762782885,-2.814900311,-3.24590694,69.0822906,0.115588005,-6.091752703,-1.311899979,0.051309663,17.52920631,23.70867323,23.70867323,3.337725012,13.10540774,6.384062371,11.73563913,11.73563913,2.253681382,16.82628463,17.5313055,23.71285965,23.71285965,3.338285347,13.10533962,7.991770243,7.985084151,7.985084151,3.331859077,47.36334142
6,6,180,70,80,0,0,MMH,62,0.330575175,0.147073163,12.60385372,1.159734074,9.685954293,0.34600003,39.10095803,0.369178091,31.15963284,0.712771211,22.70011793,0.742978656,19.22417368,0.917458418,4.536007469,0.57959944,-30.0209483,-0.428860073,57.79445504,0.253649997,-0.266918957,-25.91806395,12.60388674,1.159761085,9.680507145,0.346201131,39.10775938,0.368937358,31.15814786,0.712903423,22.69566111,0.743224543,43.05274931,1.17326036,4.61275044,0.796439998,-1.849185733,-4.088980968,68.48514863,0.123474282,-8.273034416,-0.740355479,0.048618737,16.86570311,22.20968923,22.20968923,3.351340476,14.61711862,6.918022597,14.65956335,14.65956335,2.629067389,17.63737997,16.86797236,22.21275026,22.21275026,3.351402522,14.61749736,6.124986358,8.456154555,8.456154555,3.673778951,50.51208415
6,6,180,80,90,0,0,MMH,62,0.356646671,0.125511249,12.81566427,1.122220254,9.476543248,0.352447786,37.29647236,0.346064944,33.35650646,0.610634304,23.64092576,0.749742382,19.46475055,0.919874787,4.394391243,0.579933857,-29.01939293,-0.437571762,58.84125033,0.242534519,0.237989404,28.59825936,12.8159227,1.122235989,9.470925916,0.352676766,37.29838377,0.346030781,33.35968139,0.610639933,23.63512212,0.749852519,43.04189063,1.180857717,4.708257475,0.778431262,-2.933959706,-2.644448355,68.36338594,0.122201786,-7.889184702,-0.837957851,0.044763169,17.72460399,20.36862711,20.36862711,3.339986687,14.38199801,6.806082701,14.27103435,14.27103435,2.548456263,17.90513327,17.72285586,20.37075361,20.37075361,3.340175523,14.38248969,6.610804259,8.354127859,8.354127859,3.665054808,50.8263487
6,6,180,90,100,0,0,MMH,62,0.378124882,0.097951647,12.27850959,1.058162955,9.852447899,0.279415275,38.66354207,0.278609195,32.06723282,0.55941279,26.48283584,0.529390285,21.17701514,0.875984974,4.138037075,0.516820531,-27.79503769,-0.358737587,60.48102913,0.181351254,0.812805685,6.750498807,12.27815365,1.058225656,9.846652274,0.279604717,38.66751335,0.278460668,32.07032576,0.559498224,26.47717592,0.529373708,48.85388659,1.097863491,5.047377467,0.780864833,-2.364885342,-3.327689357,67.52056172,0.123812325,-8.4701693,-0.661305262,0.037037955,14.01975601,17.93882018,17.93882018,2.752924439,12.99266399,5.486843807,10.96831048,10.96831048,2.138622518,18.55074706,14.01632079,17.94329031,17.94329031,2.753170422,12.9930572,5.601367528,8.359877732,8.359877732,3.941319563,53.63489848
6,6,180,100,110,0,0,MMH,62,0.474329934,0.247500063,13.73380562,1.249440931,8.280918411,0.447408965,35.81648466,0.417855388,38.34894585,0.616331333,14.67102936,1.285960605,16.73876522,1.050572137,4.567548479,0.646180696,-30.69681447,-0.484909723,56.80903984,0.289422367,0.020244136,370.7598856,13.73426666,1.249444877,8.275522138,0.447733659,35.82103717,0.417644578,38.35471983,0.616274065,14.65757811,1.28676367,33.69841179,1.400830541,3.875089724,0.894153826,-1.616172083,-4.757382435,71.16229449,0.124325768,-6.512832445,-1.018594444,0.117396689,18.86636579,23.63565691,23.63565691,3.704957136,17.15957888,7.505713547,16.44180678,16.44180678,2.951461655,17.58528035,18.860839,23.6370191,23.6370191,3.705229807,17.16020912,6.633934943,8.847306915,8.847306915,3.464926303,47.20576442
6,6,180,110,120,0,0,MMH,62,0.35963252,0.10075405,12.70609921,1.230836684,10.28475924,0.294611093,42.26740364,0.297759264,26.67025172,0.722214294,24.04701617,0.746103326,18.53407371,0.901540684,3.537518706,0.597068677,-25.24425415,-0.439150499,62.8860256,0.181737087,3.544855647,1.338651253,12.70618399,1.230872054,10.27925994,0.294804705,42.26735407,0.297731417,26.67257698,0.721793979,24.03507227,0.746534138,44.10041068,1.135347383,4.722570665,0.766058474,-2.110819563,-3.41951876,68.38373729,0.11514386,-8.754865789,-0.632842917,0.036234433,17.94155874,19.26163702,19.26163702,3.030004161,15.63913302,4.745325454,11.42872311,11.42872311,2.112141614,16.70922149,17.94300196,19.25210547,19.25210547,3.030374194,15.63968679,5.540454804,7.873967473,7.873967473,3.617765277,50.06928585
6,6,180,120,130,0,0,MMH,62,0.3664991,0.101418725,11.92932908,1.116993907,10.23102201,0.29089214,40.9176581,0.321014412,28.34505381,0.629267626,27.12003357,0.581851564,17.61348906,0.886043451,3.534249669,0.622486308,-25.44566066,-0.457358102,62.67588749,0.191467727,3.539114566,1.430081361,11.92939479,1.117005914,10.22536584,0.291069021,40.91027894,0.321055491,28.34334371,0.629419406,27.10929737,0.582211023,40.96707132,1.15691962,4.557768817,0.76473692,-2.643299695,-2.76819948,69.02033962,0.113677755,-8.60520123,-0.655524384,0.037169871,15.77983395,17.83662472,17.83662472,2.976123887,13.3249879,5.061221775,12.00040972,12.00040972,2.200022028,15.60631663,15.78333175,17.83985056,17.83985056,2.976287224,13.32520453,5.640919235,7.846077257,7.846077257,3.485494087,47.39560858
6,6,180,130,140,0,0,MMH,62,0.34715048,0.175595695,11.63444758,1.235225863,9.699536272,0.356989722,42.65941093,0.391646873,29.23059238,0.867240207,18.38910336,0.869139588,14.59108471,1.033939273,3.474702113,0.632272985,-25.4453648,-0.445591034,62.75350944,0.187742352,2.862796518,1.989813316,11.63413534,1.235268206,9.694142265,0.35724863,42.66271724,0.391708356,29.22172797,0.867496438,18.37748945,0.869710923,35.2096619,1.329338708,4.803978637,0.716546638,-6.825131997,-2.005987835,67.16707019,0.151127025,-7.528347627,-0.827727048,0.06095813,15.98269772,25.34994499,25.34994499,3.462634757,14.37117055,5.696430633,11.78149146,11.78149146,2.196960277,15.08629552,15.98310331,25.34974493,25.34974493,3.463219043,14.37127749,6.231416958,10.1507595,10.1507595,3.442274741,46.80556646
6,6,180,140,150,0,0,MMH,62,0.361581253,0.129095193,12.61550675,1.117276272,8.679212971,0.348099582,37.96832882,0.338505191,38.0198514,0.511523725,19.01320093,0.820461798,15.41624307,0.942488038,3.064480548,0.637097638,-21.81268791,-0.450979894,65.70018023,0.147882134,3.784057768,1.647340057,12.61540578,1.117316717,8.673410292,0.348354381,37.97787197,0.338300506,38.01614748,0.511571963,18.9933079,0.821705796,39.28104841,1.254143113,4.39833484,0.81602477,-2.605539162,-2.674996721,69.95490379,0.120772093,-8.015888189,-0.737991305,0.046678402,15.59960502,19.44805601,19.44805601,3.021230407,14.09500635,6.233629939,9.715882857,9.715882857,1.952373319,14.52962468,15.60691119,19.44799519,19.44799519,3.021420473,14.09540377,5.915655785,8.448600146,8.448600146,3.589150176,49.26405633
6,6,180,150,160,0,0,MMH,62,0.41316988,0.165030302,12.54234781,1.168706662,8.897438218,0.343839498,38.34125058,0.352550798,36.88956214,0.519178995,20.18967053,0.811695137,16.48290478,0.930715414,4.43851,0.589353363,-29.45021802,-0.431912675,58.42407187,0.248947747,-1.283243278,-5.599708574,12.54240897,1.168732529,8.89168083,0.344079657,38.35146027,0.352721842,36.89690037,0.519043074,20.17673088,0.812177515,39.30460639,1.258965302,4.38310235,0.826601447,-1.978862695,-3.759637787,69.74278927,0.122726545,-7.643222989,-0.846400418,0.06818555,16.38785739,19.1522858,19.1522858,3.05929069,14.65832544,7.185788386,14.54454106,14.54454106,2.615850795,15.34089355,16.38708715,19.15108059,19.15108059,3.05944649,14.65872136,6.469227133,8.559291566,8.559291566,3.623078745,49.48313565
6,6,180,160,170,0,0,MMH,62,0.386194095,0.106379213,12.71883823,1.145953259,9.470326433,0.335902818,38.69231696,0.32086157,33.35091161,0.615635979,22.97826536,0.664819965,17.36165987,0.864766409,4.39852601,0.55591773,-29.06952785,-0.38042718,58.93186959,0.226824207,-1.842606857,-3.67577547,12.7185931,1.145977483,9.464606721,0.33613154,38.69012225,0.321044578,33.35501345,0.615296203,22.97494031,0.664865353,42.44785788,1.159952978,4.706739856,0.758946664,-2.66449601,-2.831057644,68.54332727,0.113271529,-8.673735807,-0.662728142,0.041083024,15.27640957,20.53202112,20.53202112,3.181109336,14.57519412,6.773009086,13.36717459,13.36717459,2.445218595,15.01378026,15.2752418,20.52321313,20.52321313,3.181352833,14.57522131,5.748328816,7.764007483,7.764007483,3.572164512,49.23751916
6,6,180,170,180,0,0,MMH,62,0.427491484,0.144306415,13.53231429,1.136876406,10.32483596,0.277038481,42.68518295,0.280955555,27.15526791,0.649681391,25.68052395,0.594705924,18.39360729,0.886858974,3.54328682,0.578545004,-23.40615749,-0.426829752,63.28599121,0.157231149,4.190129868,1.946965649,13.53243403,1.136911264,10.31925866,0.277189572,42.68620628,0.281101699,27.15933114,0.649296102,25.67649132,0.594893013,45.86183427,1.147406499,4.849540088,0.81200736,-1.1637961,-6.836702063,68.27527171,0.124231708,-8.305739675,-0.726642528,0.061689763,15.27235972,17.64227223,17.64227223,2.860376871,15.38456883,8.158038918,9.950529114,9.950529114,2.049950887,16.31253569,15.27476528,17.63444784,17.63444784,2.860390891,15.38517668,6.035303674,8.481953619,8.481953619,3.937862244,52.6221667
7,7,100,10,20,0,1,MMH,57,0.372508878,0.155413263,16.3721676,0.977793536,9.020107522,0.338558037,31.78493017,0.517057694,34.53487254,0.579885607,27.22221935,0.594764386,25.32339701,0.881255339,4.363066871,0.508016711,-22.65839337,-0.383838951,62.92658758,0.142207015,7.578397347,0.697729355,11.44974161,1.052398525,3.196873647,0.762855758,1.159969124,6.201788996,73.79492114,0.196340317,12.13991749,1.084464024,42.99794216,1.232752175,4.756363347,0.840059064,3.277481749,2.315668403,69.01222764,0.102038398,-9.483156323,-0.598707417,0.05789282,16.19080658,20.02627553,20.02627553,3.053829896,16.00859965,5.287670293,8.948602184,8.948602184,2.216510882,22.31637882,13.16530377,14.48891821,14.48891821,2.438753469,12.04969118,5.677636027,7.041897151,7.041897151,3.995626141,53.00580672
7,7,100,20,30,0,1,MMH,57,0.371994779,0.15595402,17.38667965,1.022528873,9.502881375,0.389121751,33.316961,0.4714976,31.68619645,0.82809037,23.22964851,0.824389789,22.96569512,0.901570005,4.932231157,0.458710555,-25.671985,-0.375497646,58.84760557,0.170142765,10.27020181,0.687657336,10.46746109,1.07374623,3.644007616,0.736315948,-0.783442937,-14.2311293,70.86320901,0.223440192,14.37513379,0.925571943,38.41321129,1.331014032,4.419016251,0.871491091,3.66036336,2.153051875,69.78914036,0.101424179,-9.148496697,-0.602440216,0.058014081,19.15028503,26.23903414,26.23903414,3.69777784,17.77838195,7.062379617,10.01249433,10.01249433,2.262466491,20.70518186,13.30522051,15.83368903,15.83368903,2.683140922,11.23939688,5.511422326,7.078306264,7.078306264,3.851133294,51.12852324
7,7,100,30,40,0,1,MMH,57,0.419976364,0.150905063,17.24237082,0.989141209,9.339302042,0.375834381,33.12975936,0.443826772,32.68700607,0.755147832,24.40974334,0.707379449,24.86084482,0.892003517,4.834833161,0.468741425,-25.29244673,-0.382520196,59.57797552,0.155222268,10.12725221,0.518962043,11.43476699,1.061854772,3.450136608,0.777373331,0.880370632,9.07690263,72.05484029,0.221704358,13.22618802,1.107076575,41.75175622,1.269447178,4.673859875,0.861197459,2.129813218,3.75005879,69.20021331,0.107273854,-9.141721947,-0.625402526,0.06337656,17.26695079,24.68352177,24.68352177,3.510030802,17.05513952,5.255659497,9.247828483,9.247828483,2.266286586,22.17596102,14.64240293,15.97487211,15.97487211,2.682044187,12.1420619,5.717255998,7.423373579,7.423373579,4.025116248,53.00164911
7,7,100,40,50,0,1,MMH,57,0.428211619,0.152489339,18.18069908,1.020608843,9.050679988,0.393888882,34.25340539,0.418209426,35.10589408,0.698416931,21.19612984,0.730695163,23.12059586,0.902899576,4.715997193,0.47029901,-22.90055104,-0.498921624,60.14233011,0.160621184,11.99115447,0.494548747,11.04103766,1.080430429,3.536918961,0.763961118,-0.196867026,-37.67981466,71.58325582,0.229119734,14.32315049,1.04344296,40.97953411,1.292949313,4.623346992,0.880715538,1.945329343,4.081490854,69.47857762,0.11542164,-9.175509509,-0.635507545,0.065297707,15.48790955,24.5185508,24.5185508,3.564962222,18.55538225,5.930210418,9.660132271,9.660132271,2.217928811,20.8755762,14.94539054,16.40113653,16.40113653,2.702068564,11.92907306,5.831105522,8.019331374,8.019331374,4.071853533,52.98446047
7,7,100,50,60,0,1,MMH,57,0.43582946,0.133554913,16.45729993,1.035414824,10.5069017,0.327305334,39.61313947,0.432946493,25.63733509,0.926274199,21.73763458,0.9496057,19.67583682,0.943309507,3.764791042,0.539148083,-16.03401062,-0.591112187,65.43991408,0.132807843,13.40700191,0.370630931,11.27160165,1.130206853,2.862520815,0.893279379,0.559414542,12.27427039,75.1830189,0.201361467,9.450855668,1.488780195,37.71120989,1.336488084,4.445535433,0.875630239,1.882903432,4.153058765,70.02847596,0.109399078,-9.06963226,-0.6384419,0.058207166,20.6421817,23.74720202,23.74720202,3.43896497,17.04013231,4.9690496,8.690933835,8.690933835,2.029779873,18.56040393,14.07024674,15.13896298,15.13896298,2.557030816,12.73924143,5.790433252,7.661050704,7.661050704,3.892645254,50.40058265
7,7,100,60,70,0,1,MMH,57,0.449443014,0.166249015,16.14625705,1.146904075,9.675418645,0.446090096,31.34957184,0.651086527,29.20158454,1.04898024,23.67636567,0.75114556,17.35084027,1.046015453,4.288878274,0.54376539,-19.63341659,-0.626775344,62.05659441,0.183494636,13.71784878,0.498931961,9.181952954,1.208594907,3.989494519,0.796616893,-1.328448056,-8.435426887,68.33502726,0.280807776,16.66839834,0.972613788,32.74435336,1.479441164,4.250463024,0.857200992,2.73091127,2.994041876,69.61729831,0.113777608,-10.00029257,-0.727300616,0.074719458,17.78439695,30.63188516,30.63188516,4.316108432,18.51820801,6.844273193,11.3870522,11.3870522,2.332143567,18.14924704,16.21191405,19.18900703,19.18900703,3.178098728,11.09726158,7.273218946,7.920889677,7.920889677,3.643501121,48.44334425
7,7,100,70,80,0,1,MMH,57,0.452528273,0.134525448,16.66601958,1.008986376,9.643298985,0.37031506,31.93978498,0.524386063,29.92766861,0.815518339,28.42283105,0.64227605,22.57918184,0.905886181,4.422444684,0.506993149,-20.19084141,-0.53451905,61.82986618,0.157938757,13.43282118,0.417329489,11.85203116,1.109721955,3.575476552,0.825470956,-0.367297069,-26.23443949,71.16709369,0.251809145,13.1619613,1.181805847,41.43092852,1.300942107,4.868052213,0.840639777,2.632915841,3.0188664,67.87557487,0.115484754,-11.59656679,-0.471120367,0.060876569,18.25530366,24.40656259,24.40656259,3.571058842,16.8157867,5.605912399,9.76533221,9.76533221,2.242149157,20.45416881,15.55488282,17.92052501,17.92052501,2.951452048,13.15245919,5.463378802,7.838594066,7.838594066,4.092278327,53.89923944
7,7,100,80,90,0,1,MMH,57,0.394769622,0.131528687,15.01315869,1.19739592,7.98933456,0.492914947,27.96213286,0.624703915,41.27565419,0.618509849,21.54619782,0.753106029,15.45618694,1.206773202,4.215093916,0.493912423,-19.86242206,-0.554029273,62.36044486,0.159209355,13.84631857,0.482642588,7.664504486,1.331578415,3.666793495,0.848677293,-1.649779014,-5.711395698,69.68053919,0.26485155,14.87385966,1.127738751,26.68244454,1.718403761,3.801569857,0.923404526,3.548353432,2.263039153,71.07022674,0.115626271,-9.926666938,-0.665949419,0.05192353,16.22657148,25.52939864,25.52939864,3.938062421,17.97669496,6.682823029,9.928366204,9.928366204,2.081887249,18.6521122,16.77382792,18.45499881,18.45499881,3.111924377,10.20588874,6.61065808,8.217585297,8.217585297,3.510386812,45.85121305
7,7,100,90,100,1,1,MMH,57,0.391780868,0.194739408,15.65540594,1.047562221,9.738693037,0.410928259,26.71815459,0.651457043,27.86240886,0.993906585,33.62065566,0.561979097,23.09311784,1.002869312,4.295371559,0.542559822,-20.86203648,-0.520880204,62.87367446,0.165098224,10.28738686,0.603171795,11.00892712,1.14536654,3.594775719,0.827449566,0.373791038,21.07028063,70.86579432,0.253053638,14.61365528,1.068094562,38.99075297,1.345799962,4.66417585,0.861698323,3.80821176,2.08026701,68.54107733,0.114827067,-10.94796647,-0.477919726,0.076295174,18.89410571,27.69263164,27.69263164,4.001904175,16.40001182,6.205061598,10.38033199,10.38033199,2.330496028,23.1593792,15.60876574,17.93284706,17.93284706,2.974495609,12.60925676,5.232249136,7.870370879,7.870370879,4.019112508,52.47375387
8,8,180,10,20,0,0,MMH,64,0.345174649,0.139614648,16.22240718,0.828576643,7.424465077,0.318120266,41.22948416,0.301659042,30.82652195,0.52000399,-14.15795871,-1.650700533,19.99591023,0.820723909,5.299107335,0.337279215,-13.76189202,-0.912120466,63.05735209,0.137935018,16.86407259,0.317922108,22.78704164,0.821695104,5.6532506,0.585792458,-3.46539088,-2.262935383,65.1040626,0.306243218,19.91373364,0.909930446,64.00227962,1.128967076,6.724928666,0.882920072,3.848580662,2.672808939,67.2987451,0.14199298,-1.929818751,-3.506438208,0.048191437,23.37054999,16.02991441,16.02991441,2.361872805,13.44150768,5.361461507,8.697816996,8.697816996,1.787278762,16.41112161,18.12011253,19.93767764,19.93767764,3.311631565,18.72400055,6.766790203,9.555949367,9.555949367,5.937574502,72.25646648
8,8,180,20,30,0,0,MMH,64,0.346564809,0.130953313,15.4412192,0.850780511,8.07290755,0.266379352,44.63839304,0.289724793,24.87022612,0.648699226,-19.72861582,-1.04454841,18.81553884,0.859538828,5.070585555,0.334913037,-11.43526935,-0.980518347,64.26548292,0.117225288,17.17138286,0.3149508,22.91873462,0.82295819,4.964865547,0.620075506,-2.535521826,-2.779960824,68.97056582,0.250814791,16.01090081,1.010119005,63.57081594,1.140701391,6.580144776,0.901817466,3.381744165,2.998757805,67.80299379,0.146090093,-2.332055827,-2.829138146,0.04538381,20.60749429,16.13329643,16.13329643,2.150455882,13.13708836,5.408140769,7.533539744,7.533539744,1.698205208,16.1726862,16.1729152,17.29883805,17.29883805,3.078591516,18.86116036,6.597708099,9.905345668,9.905345668,5.934089488,72.51531817
8,8,180,30,40,0,0,MMH,64,0.34932802,0.132511557,14.6683573,0.884799095,7.926404818,0.256115215,46.93594501,0.270790941,26.85877318,0.497115884,-13.60510917,-1.558017076,17.64687743,0.863538242,4.931310445,0.352023727,-12.3885439,-0.952406019,64.5168315,0.12711884,16.09709899,0.369147592,20.5426206,0.844018466,5.024164941,0.608971305,-3.391601429,-2.020802882,68.46500277,0.260843305,17.04009435,0.970382195,60.50247878,1.154222186,6.289774076,0.903702215,3.51067568,2.802701556,68.5308068,0.138740585,-2.40658674,-2.682026912,0.04629,21.19699241,13.35192277,13.35192277,2.030072874,12.97854926,5.94220533,8.201304781,8.201304781,1.735938282,15.23875351,16.53540416,17.8586376,17.8586376,3.059572281,17.33835113,6.454530403,9.508004226,9.508004226,5.684082764,69.83330332
8,8,180,40,50,0,0,MMH,64,0.353372919,0.149978796,15.54311386,0.912150141,7.258166464,0.304988761,43.71959278,0.283010609,30.66934488,0.496042913,-15.53455507,-1.184747284,16.91206909,0.909281307,4.620451732,0.362798835,-10.83363667,-0.981777019,66.25259595,0.115665227,15.7568619,0.337233922,19.56689133,0.902173882,4.608526318,0.614186448,-3.01988689,-2.141978723,70.69842282,0.224028056,14.76657374,1.00339365,57.78823846,1.2016984,6.027654328,0.936893089,3.322586345,2.852919013,69.35232313,0.143293537,-2.758867669,-2.224749905,0.052998445,18.40452193,15.21331117,15.21331117,2.213659197,14.1776535,5.313748337,7.66312155,7.66312155,1.676294506,15.37782829,14.81668632,15.83843023,15.83843023,2.83049441,17.65273831,6.137790585,9.93773968,9.93773968,5.647267683,69.4440337
8,8,180,50,60,0,0,MMH,64,0.355585096,0.128634198,14.57291113,0.955299708,7.992121168,0.285378703,42.97053162,0.317531249,28.10865751,0.636743781,-13.45361094,-1.793584885,18.513327,0.953898851,5.003003487,0.432897907,-14.92828007,-0.985136123,64.16382748,0.177358187,14.30398601,0.387848254,20.08266171,0.959106109,5.644142088,0.663019432,-3.00924959,-2.371224583,64.01041666,0.357788578,20.74283237,1.045790633,53.7403179,1.266357283,5.739775101,0.983191939,2.687737779,3.528658207,69.91410563,0.145095558,-1.903336415,-3.419044723,0.045740404,24.13019323,17.89801286,17.89801286,2.280781173,13.92149775,5.547775999,11.37998011,11.37998011,2.165789738,17.65984135,21.69265979,22.90219595,22.90219595,3.742175881,19.26140353,6.507592326,10.14422617,10.14422617,5.643300611,68.05444296
8,8,180,60,70,0,0,MMH,64,0.360460276,0.200742791,14.48940188,0.968756851,8.800416758,0.322482928,44.76831239,0.353854246,24.26435954,0.790116646,-7.025238611,-3.928653699,19.12944665,0.939850854,4.994807474,0.382477602,-13.33172646,-0.97712325,64.3967455,0.146387197,15.40455222,0.408749579,20.58960063,0.959257766,5.54585229,0.569039523,-1.91557392,-4.201725952,65.10271552,0.288819001,20.14322847,0.875756963,55.24103538,1.2334357,6.271027511,0.895858537,0.462985713,29.42157872,67.40219135,0.148688733,-2.116705614,-2.972363294,0.072359802,27.59972966,19.17167438,19.17167438,2.837984164,14.03670734,6.296604235,9.42685907,9.42685907,1.910401985,17.97882677,17.64057259,18.80290126,18.80290126,3.155809142,19.7507343,6.291618071,10.02194643,10.02194643,5.617953531,68.13626514
8,8,180,70,80,0,0,MMH,64,0.366105992,0.120672008,14.67768491,0.964073424,8.219740344,0.303966639,44.35206227,0.279152647,24.43463744,0.693982154,-16.76382011,-1.388019432,19.09319098,0.895911843,4.650388117,0.39612602,-12.35284645,-0.913554881,66.40409575,0.12874125,14.24623726,0.355018853,20.94331561,0.879945375,4.966862745,0.627978505,-3.653495776,-1.960366886,68.64787009,0.260536075,16.23483058,1.023480144,56.67689888,1.192264312,6.005533278,0.930955198,2.905802603,3.270543981,69.42527268,0.141192942,-2.231237085,-2.914315128,0.044178745,23.26850807,16.95720232,16.95720232,2.498526846,14.15036595,5.057682812,8.548946292,8.548946292,1.842139736,17.10581592,16.61602674,17.88524663,17.88524663,3.119083041,18.42897371,6.502527991,9.802358499,9.802358499,5.590882422,67.57384385
8,8,180,80,90,0,0,MMH,64,0.385057465,0.106198675,14.90520994,1.007527459,7.680378517,0.315869805,44.65558592,0.31864729,30.48800335,0.531272977,-8.495934549,-2.557354884,17.13339348,0.908413521,4.725415066,0.409615597,-13.07100774,-1.022290045,65.57098665,0.154417538,14.36200787,0.37331576,19.15492247,0.905704887,5.130473882,0.666299218,-3.236508921,-2.451916864,67.11422925,0.305140256,17.93839085,1.014310687,55.38212712,1.225571988,5.844558623,0.969037206,2.235537847,4.290965242,69.81476253,0.143311324,-1.94382861,-3.435479364,0.040892593,21.72711971,16.1974523,16.1974523,2.425999664,15.0174083,5.361563883,10.12531032,10.12531032,1.935603713,15.5642063,18.19510155,20.47925309,20.47925309,3.418430736,17.34870689,6.677983077,10.00524605,10.00524605,5.663594758,67.87478363
8,8,180,90,100,0,0,MMH,64,0.394898452,0.08897193,14.24223137,0.998038185,8.879936187,0.30583898,45.56595445,0.318166622,23.17555367,0.726938238,-6.90025218,-4.135876984,18.4689047,0.904388894,4.70832517,0.400245459,-12.80247569,-0.982879766,65.90955365,0.14230392,14.10794527,0.344199712,20.30204852,0.879961358,5.188484876,0.646647674,-3.835577482,-1.881542382,67.08599022,0.294990076,17.9467983,0.999840533,55.59685765,1.200660287,5.904320072,0.935310479,2.41438962,3.973992069,69.66561541,0.13882581,-2.122554279,-3.117209301,0.035134877,28.53859418,16.84719615,16.84719615,2.715830626,14.21429075,4.855950699,9.37918785,9.37918785,1.884485769,16.7030723,17.94393638,19.78970135,19.78970135,3.355121677,17.86501819,6.61644594,9.671385488,9.671385488,5.522372435,66.75293906
8,8,180,100,110,0,0,MMH,64,0.401941907,0.088931186,14.28393534,1.025252586,8.220370799,0.273439177,45.15916444,0.338922006,26.12894064,0.681530835,-13.38145013,-1.628362623,18.85675074,0.918194897,4.726889433,0.394921013,-13.04274394,-0.943354089,66.04387659,0.138304289,13.90212446,0.351546232,20.87252989,0.907879493,5.341431324,0.604911351,-4.2017442,-1.632110028,66.57656418,0.283024172,18.8559712,0.922057419,57.85052593,1.191618708,6.170200032,0.943413575,3.089303023,3.272995464,68.98327791,0.143665155,-2.055830932,-3.140414558,0.03574517,21.78985323,17.80767873,17.80767873,2.247771426,14.64464165,4.887239471,9.134151395,9.134151395,1.866747963,17.3141723,17.38628814,18.84277695,18.84277695,3.231092438,18.94974185,6.456161388,9.910493313,9.910493313,5.821050471,68.93576897
8,8,180,110,120,0,0,MMH,64,0.428420163,0.090200658,14.15998889,0.936655197,8.753548071,0.333498204,44.46651602,0.334694152,24.42279764,0.658957161,-4.366514644,-6.887847029,23.48306502,0.823135291,4.993493301,0.39437157,-12.98975249,-0.947093628,65.89697509,0.14406351,13.87509225,0.338063028,25.56789393,0.803121524,5.691038234,0.560340215,-4.388860077,-1.527971672,65.53046975,0.287217511,19.56396197,0.889515681,66.56949897,1.083453955,7.032030257,0.88258656,3.323506233,3.123638181,67.07367047,0.143891573,-2.255392444,-3.030814626,0.038643781,30.07588492,16.0935774,16.0935774,2.91929256,13.26302718,4.6906557,9.49334953,9.49334953,1.969291793,19.32973956,17.40245095,18.82149842,18.82149842,3.188917588,20.53412594,6.835676407,9.651335951,9.651335951,6.206375394,72.12498694
8,8,180,120,130,0,0,MMH,64,0.396712279,0.139116398,13.25082071,1.025747797,9.192731735,0.284111225,46.85442662,0.337159847,21.07384222,0.890843818,-9.087985668,-2.979712933,18.34260848,0.955284593,4.576827205,0.416738758,-11.76231318,-1.06125065,66.98817742,0.136846992,13.7293969,0.321550742,20.35612833,0.950094879,5.365422771,0.582106604,-3.880322983,-1.726863835,66.34505142,0.279390307,18.98500359,0.910730269,55.2618557,1.252482938,6.155367081,0.922581973,1.844472379,5.705081995,68.53947198,0.138680358,-3.557462665,-2.055454351,0.055189183,27.07958843,18.77350206,18.77350206,2.611758274,13.59200015,4.41469776,9.167130579,9.167130579,1.907341285,17.52241128,17.29021743,18.53616428,18.53616428,3.123248028,19.34025328,7.312202113,9.505078511,9.505078511,5.678830706,69.21453139
8,8,180,130,140,0,0,MMH,64,0.42291743,0.086130585,14.50720949,0.95405391,9.695338269,0.311769401,46.50427818,0.318999392,19.47916787,0.973499433,-1.364924722,-22.20241846,20.11159295,0.842490051,4.723595259,0.383041051,-12.6562789,-0.918719043,66.52172384,0.129364819,13.7216986,0.338731525,21.90975717,0.860323806,5.558082422,0.555570037,-4.440874969,-1.548760168,65.60328685,0.273697031,19.82517198,0.852342794,61.49547039,1.138694126,6.443317981,0.910866854,3.173037555,3.071895696,68.29905652,0.141156251,-2.294796228,-2.789726322,0.036426126,30.30462984,18.96295888,18.96295888,3.022709805,13.84065994,4.647971892,8.605570764,8.605570764,1.809330893,16.94381697,16.89784248,17.95542483,17.95542483,3.087904057,18.84948568,6.401853441,9.640838765,9.640838765,5.869004779,70.02453091
8,8,180,140,150,0,0,MMH,64,0.432968483,0.080204111,13.04268921,0.991368585,10.36747951,0.312819176,38.37648677,0.416782171,23.29853386,0.868394364,20.33499973,1.538935991,20.51317977,0.850706874,4.747361911,0.393708123,-13.56018229,-0.819175479,66.20110411,0.132171392,13.76228467,0.352516746,21.25820994,0.908912419,5.827957391,0.517082679,-4.042893021,-1.813898452,63.85103796,0.271753952,22.09301984,0.702951394,60.22901377,1.147800028,6.323287303,0.916632241,2.900491238,3.331201682,68.49336052,0.139453706,-2.360712305,-2.785636824,0.034725852,31.29426296,20.23231549,20.23231549,3.243146398,12.93011235,4.851435809,8.749892082,8.749892082,1.869074947,17.45070304,15.53031909,17.3517719,17.3517719,3.013535821,19.32185102,6.576087128,9.551652961,9.551652961,5.796129011,69.13086369
8,8,180,150,160,0,0,MMH,64,0.439202159,0.065331068,13.86757286,0.969582904,9.24237195,0.280532512,47.22316291,0.323966617,22.20559704,0.813817625,-4.079330456,-6.684447586,20.94496521,0.864277202,4.747650031,0.391695876,-13.16878119,-0.889618707,66.51013256,0.130600782,13.31155362,0.338455557,22.23071203,0.893438872,5.953918087,0.508324073,-5.011509131,-1.426078452,63.27241186,0.278042123,22.39428822,0.692548324,63.75451832,1.110063316,6.374671367,0.89585669,3.010481224,3.161317771,68.29910201,0.136170278,-1.850248209,-3.460703403,0.028693546,27.26807062,18.07130624,18.07130624,2.59278582,13.44576157,4.505369295,8.686275323,8.686275323,1.859634938,18.10225593,15.50912677,17.59239572,17.59239572,3.026519892,19.86178228,6.403160273,9.300307708,9.300307708,5.710791991,70.77155202
8,8,180,160,170,0,0,MMH,64,0.447398655,0.080935094,14.34247144,0.999853955,9.216136194,0.319555425,45.17634628,0.308720175,21.42030642,0.844004456,-6.033872908,-4.92639285,20.23834193,0.840713714,4.855468584,0.404222123,-14.03513226,-0.957529363,65.62545495,0.155530891,13.30620684,0.318029259,21.61223136,0.881845119,6.117143462,0.5524868,-5.152288917,-1.348325117,61.9803275,0.332022015,23.45564954,0.759401048,62.16408917,1.141819747,6.499684924,0.912036454,3.219416785,3.086602713,68.14114843,0.142441608,-2.019901648,-3.342240981,0.036210252,29.72522835,18.07883407,18.07883407,2.945066318,14.34037679,4.231763101,10.20678548,10.20678548,1.962687819,17.01465161,17.81224484,20.57883323,20.57883323,3.379641016,19.05864074,6.750998066,9.706134753,9.706134753,5.92794959,70.98018457
8,8,180,170,180,0,0,MMH,64,0.473146093,0.063834736,13.88946433,0.992480734,8.642170257,0.256920601,44.31056334,0.347975187,24.98853227,0.635139686,-9.10440022,-3.061746906,22.41877251,0.856945995,4.818374782,0.398563585,-13.04468899,-0.879466894,66.39606293,0.134917698,13.69713558,0.300899314,23.43289163,0.887467012,6.126301683,0.49478225,-4.003440247,-1.517956853,62.4116797,0.281723098,23.75945145,0.676999999,64.7901808,1.102777499,6.7873451,0.893559033,2.879467317,3.521250666,67.35712273,0.141353458,-2.223928627,-3.018931365,0.030203156,27.8753692,15.87120854,15.87120854,2.220351576,13.78502575,4.1214587,8.958003967,8.958003967,1.920428727,19.21167732,16.08514861,17.58281176,17.58281176,3.031185331,20.79591832,6.713887886,9.521162219,9.521162219,6.064893524,71.44915354
9,9,100,10,20,0,1,MMH,76,0.333690878,0.137785164,19.64013493,1.087718544,10.39148235,0.272586663,28.71525798,0.649762099,41.47187953,0.542536612,20.43563939,0.814874908,20.49552915,1.006158826,3.005508232,0.606094512,-16.77898564,-0.533240104,64.06029609,0.139304283,14.34609833,0.337799591,12.64251556,1.134975324,3.181307092,0.97790027,1.893720004,4.360489029,73.24992326,0.252457525,10.28952512,1.573634041,46.736232,1.202110263,5.059509903,0.86852446,5.189037312,1.799682749,69.54458625,0.129097015,1.333215586,4.297072822,0.045977652,16.65248977,22.50001301,22.50001301,2.832579497,21.36293897,4.846106148,8.923873616,8.923873616,1.821622045,20.62175755,16.19194699,18.49249433,18.49249433,3.111001064,14.34894319,5.72892446,8.977998494,8.977998494,4.394308106,56.18210414
9,9,100,20,30,0,1,MMH,76,0.325239503,0.120872632,16.7115135,1.168048597,10.43651188,0.259805522,25.13783172,0.849272895,43.51069286,0.602084907,18.90519217,0.873537792,18.050029,0.968393489,2.588407192,0.598079193,-17.0633547,-0.467639783,65.77558484,0.110742892,12.86567848,0.371455162,10.21997478,0.927518372,3.094825568,0.991487704,2.687424092,2.803209772,73.36034243,0.247822347,10.87741854,1.554974536,41.3208985,1.22844982,4.597048294,0.839384161,5.99519712,1.277100162,70.8678781,0.11417104,1.002683948,5.38307388,0.039312555,16.51439983,26.19713146,26.19713146,2.711463417,19.5198599,4.779022684,7.284178488,7.284178488,1.548072485,17.47953056,16.91410885,18.18033224,18.18033224,3.068481497,9.47921437,5.39752177,8.091059345,8.091059345,3.858689525,50.76065032
9,9,100,30,40,0,1,MMH,76,0.325455112,0.12239558,16.39706396,1.170848668,10.96699909,0.234206601,28.58470117,0.721436939,38.29690397,0.619006194,23.11006328,0.674026121,21.25268488,0.990909077,5.709070606,1.148518637,-17.03364695,-0.52337781,42.98769245,1.132246155,8.406158749,1.340850598,11.53935883,0.900280957,3.093594087,1.015227347,2.613862227,3.213467022,73.42312383,0.255652901,10.50466436,1.574321183,41.91405628,1.173618828,4.561370153,0.819775226,5.654465268,1.270188755,71.01022165,0.110546989,0.633733123,8.176319737,0.039834267,15.57678631,23.70602077,23.70602077,2.56854358,19.1984805,11.27140299,48.67264949,48.67264949,6.556973991,21.05947836,16.53771562,18.77083461,18.77083461,3.140701318,10.38866501,5.181604642,7.849966192,7.849966192,3.739298248,49.19112561
9,9,100,40,50,0,1,MMH,76,0.315374099,0.106533811,17.18944463,1.096662828,10.51006639,0.258526558,31.09478108,0.606264708,38.77762606,0.581113414,20.71301485,0.800885185,24.54788766,1.015190807,12.27026833,0.67753747,-17.97595953,-0.513138562,-7.137777903,-8.712623005,-1.817269733,-7.458752775,11.40799555,0.910490907,2.832395197,1.084451011,2.670070802,2.969688836,74.89544724,0.247385824,6.475257801,2.529216778,44.40611578,1.197399495,4.706644156,0.85788125,5.578477946,1.311391741,70.67952211,0.122177134,0.484941347,11.25601241,0.033598005,16.58874673,22.53419867,22.53419867,2.717131288,18.85102496,13.55456566,62.18876796,62.18876796,8.313566561,24.92078988,16.37733067,18.52807193,18.52807193,3.071593835,10.38687622,5.45850582,8.635421444,8.635421444,4.037741772,53.17186061
9,9,100,50,60,0,1,MMH,76,0.332469092,0.120340597,17.301446,1.206646472,10.5442353,0.256725172,28.63540792,0.797468425,39.4472307,0.644885568,18.30800202,0.93743035,18.93032512,1.112883217,3.119651599,0.669347251,-20.0615913,-0.558827764,63.16553747,0.172201816,10.85130835,0.588949419,11.99174075,1.37306145,4.035170157,0.922371531,3.102503655,2.746127993,67.54037151,0.329687473,16.25283867,1.259740972,38.16560649,1.351491583,4.443615076,0.902897947,4.885527022,1.827498525,71.24331231,0.125884305,0.609396903,8.932796751,0.040009529,17.16247674,25.43894978,25.43894978,2.706970621,20.87672878,6.390871748,10.87722026,10.87722026,2.088130222,21.06724112,20.47436678,22.26721441,22.26721441,3.721926076,16.46539694,5.443618675,8.968414856,8.968414856,4.012130929,51.58049593
9,9,100,60,70,0,1,MMH,76,0.303558116,0.120181777,15.3870669,1.168462662,10.8021542,0.22465979,27.24076503,0.81325274,40.67990558,0.609268999,21.71079585,0.709475332,18.82564943,0.974133795,2.786798343,0.588714002,-19.75080188,-0.450617054,64.68727852,0.113933932,10.96450996,0.513069279,10.36287644,0.949956375,2.886247818,0.991268057,2.012205719,2.690951124,74.53925476,0.231382932,10.14672823,1.641106617,38.54906341,1.278462946,4.630805439,0.810006568,1.762357888,7.544251624,70.22966054,0.140403216,-0.26503077,-18.75808729,0.036482154,15.40327409,24.78500535,24.78500535,2.426809694,17.97921315,5.62555322,7.370075992,7.370075992,1.640627205,18.33870132,16.65186284,17.24711132,17.24711132,2.861045267,9.844280538,4.971470318,9.860470198,9.860470198,3.750982821,49.28354917
9,9,100,70,80,0,1,MMH,76,0.327920194,0.129131697,15.61031353,1.219927039,11.29611686,0.237876942,33.37881489,0.649660611,30.9878436,0.815972377,23.49504674,0.748247966,21.46518469,1.038614815,3.059613473,0.666555609,-20.28070247,-0.438132219,63.63048162,0.149454613,10.56607584,0.533408483,12.78551405,1.313312729,3.033688039,1.004138645,2.609702009,2.838103255,73.85249285,0.245770759,9.064718912,1.752425239,42.24879181,1.256761093,4.655762018,0.879554578,3.93766995,2.156960456,70.87897692,0.120976424,-0.229444426,-23.76038922,0.042344891,17.58012093,25.2852244,25.2852244,2.687085735,19.04344356,5.636034485,9.509869006,9.509869006,2.039402522,22.29405883,15.88524221,18.15078322,18.15078322,3.046243397,16.79137835,5.451688866,8.574685165,8.574685165,4.094996797,53.09663777
9,9,100,80,90,0,1,MMH,76,0.338508229,0.124148813,16.26943115,1.156642692,11.10708308,0.241007409,31.16228773,0.692260699,35.17134868,0.713640608,23.11457455,0.729287991,21.70343983,1.048910331,3.217771239,0.695762997,-20.47316245,-0.508989635,63.40425027,0.170037655,9.602601975,0.675761502,13.46237594,1.25343464,3.334721794,1.016841636,2.954230434,2.361042755,71.96099217,0.289681951,9.828194536,1.832036556,41.47663961,1.260777175,4.561419223,0.887127297,4.170555718,1.982332709,71.03136132,0.126238362,-0.040957568,-137.5588995,0.042025395,16.85718164,25.09970266,25.09970266,2.676889315,18.81791864,6.489068734,10.78111003,10.78111003,2.238806161,22.76496226,18.00561167,20.84580061,20.84580061,3.390883965,16.87420834,5.63407798,8.966882704,8.966882704,4.046559506,52.29280052
9,9,100,90,100,1,1,MMH,76,0.285174076,0.190456005,14.63615438,1.314100206,11.43292737,0.293528805,28.12361078,0.766392581,28.99746761,1.179054468,20.94463516,1.04115671,18.18908768,1.105936949,3.065542746,0.561184551,-15.26760472,-0.716297979,62.84918249,0.118711697,17.26909558,0.316601195,10.09310298,1.066362432,2.305164319,0.848304331,3.441046662,2.034006855,78.16703648,0.142608958,3.371105837,3.382130831,36.03221205,1.350827556,4.590635876,0.786845924,7.071427551,1.622808568,69.72711521,0.147853665,-0.109243998,-66.77867095,0.054313115,21.80664744,34.18959375,34.18959375,3.355893509,19.23337349,5.467416297,7.460933108,7.460933108,1.720335229,20.11598413,11.40152099,11.14731962,11.14731962,1.955480875,10.76290584,7.295168996,10.30940953,10.30940953,3.612123128,48.67330494
10,10,100,10,20,0,1,MMH,65,0.529632684,0.083965441,17.86581623,0.924461556,8.978498976,0.33859337,27.35980883,0.482487761,36.44621963,0.533079843,30.09327649,0.637867674,28.56032735,0.928279287,3.965607993,0.548172832,-19.72924476,-0.49058468,64.12505905,0.147346855,9.990080268,0.531035396,17.06260248,0.869790765,3.942175148,0.708278926,-0.070201465,-99.31751524,73.1822391,0.212531357,9.306933511,1.807437652,53.62109643,1.059228162,5.909932578,0.853626609,3.048852933,3.185734719,66.37283035,0.144980549,-5.229778812,-1.359358797,0.044470842,19.19552828,19.42874504,19.42874504,3.040060226,16.51626027,5.305086231,9.448625778,9.448625778,2.173838564,26.51196031,16.82170205,15.55352058,15.55352058,2.79215958,14.84089406,7.109145834,9.622769383,9.622769383,5.044875706,56.79697542
10,10,100,20,30,0,1,MMH,65,0.617578608,0.072562374,18.00872673,0.938387009,9.784834317,0.320304591,31.97786328,0.509963153,31.17403411,0.673313655,28.26665924,0.708795054,30.01099633,0.963810859,3.997084352,0.574872576,-18.79268389,-0.472862833,64.02704795,0.14727466,10.31082581,0.561437411,19.50590009,0.976906018,3.755363994,0.70650642,0.633404026,10.83942547,72.81498225,0.191713989,3.382308979,5.127779729,55.50188606,1.08507879,6.210021863,0.871857278,1.992362288,5.042650586,65.98033807,0.15301751,-5.601172897,-1.220225327,0.04481297,20.03526826,20.98990285,20.98990285,3.134127354,16.89915521,5.788883348,9.429561718,9.429561718,2.297814178,28.92492415,17.34373542,13.95965071,13.95965071,2.653188771,19.05543118,6.83469303,10.09614704,10.09614704,5.414252758,60.22391937
10,10,100,30,40,0,1,MMH,65,0.604800041,0.058780112,16.95580316,0.946648995,9.246511884,0.348203649,30.03096521,0.500487021,34.86880069,0.620035266,26.8879137,0.73413217,27.97025621,0.982884554,3.979468476,0.561230362,-20.03666291,-0.466970334,63.65915215,0.150747758,10.5005407,0.520076147,17.3903854,0.952476545,3.614650928,0.704432856,1.617863262,4.064137552,72.882629,0.182561028,1.742415167,10.38966111,52.55508378,1.120429386,5.863381233,0.900718417,1.374311875,7.053026134,67.21543433,0.150657738,-5.295625905,-1.212397255,0.035550214,19.73928243,21.61988611,21.61988611,3.219669179,16.05119402,5.461080749,9.596474463,9.596474463,2.233398533,27.4915328,18.1031031,13.30552767,13.30552767,2.546278877,16.5639342,6.420402311,10.12652529,10.12652529,5.281255462,58.88426025
10,10,100,40,50,0,1,MMH,65,0.602730988,0.079489747,16.87529345,0.978651198,9.420057637,0.351221083,29.24409108,0.588357368,33.4296886,0.676474964,26.28816467,0.816459019,27.20958985,1.030790827,3.93412884,0.564613835,-20.21756183,-0.432211266,63.74019218,0.14519823,10.26690053,0.570358755,16.44927991,0.976840669,3.552787007,0.625211312,2.063631313,3.338043509,72.50990053,0.155634225,-1.257229102,-13.44308026,49.44802413,1.17535024,5.821298535,0.907998542,-0.159947907,-83.09882203,66.69591005,0.187278354,-5.553973378,-1.250497248,0.047910934,21.46320914,22.61434739,22.61434739,3.308522845,16.51502615,5.855816604,9.254963084,9.254963084,2.221263572,28.04739562,16.90103172,11.28502217,11.28502217,2.221242626,16.06832559,6.945228425,12.49070025,12.49070025,5.285730582,58.11874703
10,10,100,50,60,0,1,MMH,65,0.525000156,0.097407396,14.23368101,1.077198501,9.712296916,0.384768416,30.88123371,0.519040324,30.83497983,0.893707056,24.3459128,0.903840426,22.77275194,1.161933853,3.289672853,0.623149704,-17.36608223,-0.426646912,66.71809687,0.115076864,10.73727161,0.452242283,12.08100753,1.090135459,3.318110088,0.480612998,4.991106216,1.132034528,70.94269498,0.107773919,-9.960406992,-1.426604179,41.52613409,1.32937329,4.843312106,1.002841462,1.011775154,8.306858176,70.2098888,0.143664373,-6.224787883,-1.009050437,0.051138898,22.0048202,27.55743905,27.55743905,3.7369851,15.33249985,4.855848226,7.67770936,7.67770936,2.049958665,26.46043141,14.20955824,7.645772262,7.645772262,1.594726837,13.16993469,6.281124934,10.08665965,10.08665965,4.857074193,55.2037335
10,10,100,60,70,0,1,MMH,65,0.533752687,0.058576239,18.80321618,0.927001277,9.235611362,0.328137051,31.16252734,0.450672771,35.57880767,0.54297951,27.40290648,0.692107693,29.53104108,0.945730729,4.192872056,0.555417474,-21.23375342,-0.505439881,62.69331495,0.170979432,10.30082584,0.502783814,16.35609739,0.880770294,3.828949605,0.62080772,2.361694839,2.702286795,70.51860024,0.175555432,-2.34491741,-8.358576973,53.94583043,1.078143126,5.876824272,0.879867687,0.93850478,10.10869063,67.12513762,0.141346334,-6.174849965,-1.05414778,0.031265225,18.96576239,19.31856356,19.31856356,3.030546277,17.43060541,5.179088503,10.71926738,10.71926738,2.328794406,27.92841301,19.60017267,12.37992333,12.37992333,2.377041474,14.40596471,6.509204382,9.487892122,9.487892122,5.170827779,58.16132625
10,10,100,70,80,0,1,MMH,65,0.516495413,0.108802392,17.21004895,0.958107936,9.442736625,0.347826307,29.82082506,0.468668042,33.47136176,0.66610974,30.05804309,0.683527082,27.6359565,0.99971304,3.825950834,0.590472098,-19.45880035,-0.56513241,64.70330395,0.161201577,9.969519498,0.474458925,14.73729822,0.930958573,3.322564633,0.621560962,1.850495343,3.243116326,73.46143075,0.139987357,-2.215485043,-7.263980726,48.21450404,1.163187006,5.565752177,0.856225208,-0.631310298,-17.14787918,67.65047889,0.136302654,-5.315234059,-1.256600458,0.056195936,20.54548648,22.29560008,22.29560008,3.284432208,16.48908448,4.730127504,10.43027463,10.43027463,2.259117216,27.62802609,16.09324065,10.28367153,10.28367153,2.06517647,13.71981412,6.679125553,9.220939817,9.220939817,4.765537315,56.0824846
10,10,100,80,90,0,1,MMH,65,0.522565788,0.056802445,18.86823693,0.941882932,9.122296247,0.310686223,30.77841232,0.491957838,36.36542089,0.479836207,25.19912788,0.781612474,29.82068433,0.937457679,4.010053053,0.532777196,-20.83777916,-0.420705926,63.55996271,0.134995533,10.29015932,0.456177093,17.13465632,0.879264323,3.355565158,0.614409841,3.390434143,1.851840308,73.71139385,0.139346759,-1.119126761,-13.65739904,53.026566,1.088306131,5.750551749,0.881660271,1.223934791,7.686369825,67.55502793,0.145909359,-5.929791205,-1.064312779,0.029683014,19.69595268,17.44944563,17.44944563,2.834171766,17.77167032,4.694134965,8.580311043,8.580311043,2.136464821,27.95562952,15.28436075,10.27144383,10.27144383,2.061692255,15.06589199,6.311152556,9.856910822,9.856910822,5.070033013,57.70913688
10,10,100,90,100,1,1,MMH,65,0.486927513,0.053610286,20.0864206,0.926487639,9.436172454,0.336829682,31.24159008,0.428285502,34.27620758,0.592702465,27.84536271,0.668369143,29.98703048,0.88643401,3.853351012,0.544907577,-19.19682569,-0.459205916,65.31569185,0.136367209,9.019361032,0.552259502,17.34737649,0.823058646,3.346612186,0.645012127,3.086123062,1.941183695,73.4236731,0.145454882,-1.485695233,-10.44380111,54.69593241,1.031347238,5.797880586,0.84912059,1.276928022,7.009813009,67.35316295,0.137417491,-6.390057346,-0.932340888,0.026104323,18.61098121,20.31559272,20.31559272,3.178382967,18.6098204,4.981027832,8.906918601,8.906918601,2.099720163,26.58152368,15.51630552,10.67983171,10.67983171,2.158605444,14.27790821,5.95771174,9.255502664,9.255502664,4.923099784,56.41049882
11,11,180,10,20,0,0,MMH,69,0.226919489,0.180146534,16.0109042,0.890712746,8.229430492,0.304272932,16.88506445,0.937814292,42.70555293,0.352540631,34.38443051,0.463286938,32.44435241,0.862071599,4.656174033,0.47036005,-18.88837345,-0.463812623,64.23755208,0.127758916,10.33205587,0.561862458,15.5972012,0.827997867,4.190257112,0.660907604,-1.189715845,-7.050788927,69.61318273,0.240091944,15.37610736,0.977846826,64.72326536,1.068907805,5.883848672,0.9541794,5.464397541,1.841681622,66.46488997,0.145274331,-3.910532599,-1.508366561,0.040878759,15.92985753,15.05544258,15.05544258,2.503992944,14.26111645,5.805194307,8.20692002,8.20692002,2.190078251,27.96935476,15.03547778,16.71356437,16.71356437,2.769372788,12.91444932,5.898516608,9.655642425,9.655642425,5.614247196,69.18320351
11,11,180,20,30,0,0,MMH,69,0.229856936,0.196742489,17.07479207,0.882797234,8.297937999,0.307277235,18.40635667,0.809716989,42.28913406,0.349000122,34.08669975,0.50140328,33.42541588,0.870970682,4.682513584,0.483066168,-18.64857923,-0.503004469,64.18727942,0.132627303,10.17519234,0.559493347,16.58038499,0.794047102,4.176759124,0.679238192,-1.627171384,-5.082730722,69.69905503,0.247773987,14.94067398,1.016942543,66.39919859,1.051394252,5.936452119,0.96218988,6.636551032,1.470528106,66.05888192,0.145845011,-4.08323888,-1.312884571,0.045222626,17.09118306,14.75891295,14.75891295,2.549767445,15.07357921,5.692952419,8.512985756,8.512985756,2.261963894,29.11255727,15.19380699,17.26961275,17.26961275,2.837014316,13.16560665,5.360821325,9.63435836,9.63435836,5.711994152,69.81173573
11,11,180,30,40,0,0,MMH,69,0.236558694,0.197712723,15.71191643,0.898972097,8.114181589,0.32686095,17.42690393,0.926864645,43.43928703,0.371686452,33.14866296,0.452806164,30.51970425,0.945422793,4.573488295,0.493607018,-19.47141546,-0.51272451,64.14100205,0.141943022,9.711719668,0.600796946,14.94114312,0.874581516,4.154514784,0.700298072,-1.719369163,-4.829578163,69.32301611,0.258691804,15.56689521,1.000873735,60.48991491,1.143362528,5.469659901,1.012886129,6.165835688,1.53115972,67.58612129,0.145111989,-3.331318674,-1.678161273,0.046770664,15.00991892,16.14579447,16.14579447,2.652209103,14.12457446,5.834771517,9.104367665,9.104367665,2.257505919,28.85402403,15.58049655,17.9332961,17.9332961,2.909398693,13.0672476,5.590489987,9.807556489,9.807556489,5.540142644,69.16190203
11,11,180,40,50,0,0,MMH,69,0.219175318,0.178291481,14.73255015,0.910479152,8.513765019,0.29293302,19.47954065,0.880706851,40.61988304,0.374579052,34.73139896,0.444244382,31.49723018,0.881901966,4.391819459,0.505946459,-17.72032939,-0.530252024,65.57790355,0.131387144,9.387861482,0.592345162,15.99118418,0.823411004,3.681790296,0.760891059,-1.362842923,-5.751636303,72.36622286,0.232710085,11.46833104,1.395415202,64.08698895,1.089961455,5.642973193,0.993031046,6.110754407,1.551737969,67.09139043,0.148200645,-3.629521787,-1.502691341,0.039077092,15.42922887,15.21535728,15.21535728,2.493962899,13.41367977,5.56085433,8.616093457,8.616093457,2.222025504,27.77746922,16.00308347,16.84034987,16.84034987,2.801441317,13.16731702,5.454050961,9.942987336,9.942987336,5.603647572,69.85234772
11,11,180,50,60,0,0,MMH,69,0.215589628,0.205665294,15.16112546,0.905608045,8.839379894,0.331279555,24.66849476,0.686080844,37.81884089,0.500054487,32.43816936,0.512501882,30.21436591,0.904285595,4.103505523,0.537857836,-15.38390312,-0.624550215,67.40712575,0.127948675,8.918980179,0.606489927,15.56329184,0.834987363,3.426926854,0.763015563,-0.876262863,-9.108221317,73.6520014,0.210196132,8.222307748,1.912316206,61.45920943,1.139168846,5.451761606,1.012891521,5.841648558,1.628180393,67.46086558,0.14495495,-3.797677007,-1.405077242,0.044339304,16.62462285,18.91148108,18.91148108,2.928305838,13.73003719,5.409271638,8.624652425,8.624652425,2.207102601,27.32241585,15.72365236,15.48136581,15.48136581,2.614798523,12.99515201,5.336029535,9.778786397,9.778786397,5.522043105,70.01241668
11,11,180,60,70,0,0,MMH,69,0.213952962,0.255595095,14.81975169,1.006713897,8.860959893,0.352877889,23.22176061,0.778282999,37.71658398,0.551335302,32.24686166,0.495214197,27.39071146,1.01033023,3.855628521,0.571034959,-13.66463378,-0.72696128,68.77171879,0.129949045,8.431928357,0.668889004,14.94908172,0.948214338,3.459983045,0.776371755,-0.691349792,-11.22003191,73.27676977,0.215879208,8.148949809,2.040044456,54.55082021,1.25855925,5.230489185,1.018048033,4.454322042,2.392871647,68.18574653,0.140034305,-3.256398353,-1.821808149,0.054685328,15.9691037,20.79448422,20.79448422,3.126836822,14.91924998,5.640024161,8.93681918,8.93681918,2.201698674,27.67366381,16.62421988,15.81893102,15.81893102,2.686233109,14.17493363,5.932533056,9.548343626,9.548343626,5.324889226,68.65543937
11,11,180,70,80,0,0,MMH,69,0.21350771,0.177008594,16.10238788,0.937031505,8.258001316,0.328555091,21.73177422,0.745121736,42.09118122,0.385182174,31.12105432,0.518690523,28.57193759,0.878161074,4.143534148,0.540891698,-13.42447116,-0.965846209,67.36870696,0.158976351,8.689828654,0.695124216,15.1688601,0.840020586,3.821625114,0.843232125,-0.691024836,-13.0864335,70.59566695,0.279018599,7.207656852,2.911824454,59.92275342,1.14563839,5.321632538,1.018822002,5.58650602,1.608126961,67.9562217,0.146889636,-3.933210561,-1.318604926,0.0377927,16.14219594,16.21277269,16.21277269,2.713208374,15.08844475,6.04051033,10.7100312,10.7100312,2.241203221,25.0907634,20.98743148,19.69750409,19.69750409,3.222517066,12.74215475,5.186350821,9.982064669,9.982064669,5.421796316,68.64980675
11,11,180,80,90,0,0,MMH,69,0.22116006,0.182947464,15.3423488,0.950409769,8.316978926,0.301405818,20.39795446,0.704308487,41.80807614,0.354888163,34.09732736,0.4125419,28.96518054,0.857820882,4.039304361,0.517088488,-10.59274469,-1.128563781,68.41795607,0.139237014,9.664605656,0.545848047,16.32902234,0.805824361,3.572795146,0.812281827,0.154731459,50.06862945,72.51406537,0.239447086,5.140891703,3.795827281,63.69663623,1.108248261,5.553982885,1.012439079,6.058738398,1.49457346,67.33896825,0.148875052,-3.632083077,-1.531823174,0.040460672,14.06657621,14.83719134,14.83719134,2.506785836,14.58151818,5.275406122,9.526311907,9.526311907,2.088677785,24.84693672,19.51393697,17.36328165,17.36328165,2.902116569,13.15832399,5.563709027,10.0250924,10.0250924,5.623069317,70.59168633
11,11,180,90,100,0,0,MMH,69,0.230457743,0.177353836,15.80804461,0.936492881,7.852798131,0.333734443,21.02153654,0.778656529,44.69813126,0.353608071,29.3495041,0.45540962,28.35108031,0.876199275,3.861249914,0.514974469,-12.24074257,-0.826614324,68.86221971,0.122379595,8.501976719,0.683416535,16.11371227,0.829184783,3.267831481,0.725052494,1.550835377,5.060972015,74.21783405,0.1831265,5.722229219,2.644702735,60.39547973,1.133298985,5.377322245,1.015451213,5.525732109,1.639256015,68.02020044,0.143450107,-3.396968374,-1.602484981,0.040872565,13.36604651,15.80561997,15.80561997,2.62074921,14.80412124,5.81039147,8.427330559,8.427330559,1.988445124,24.84119601,15.13359527,13.59125219,13.59125219,2.369349365,13.36124501,5.4435908,9.757505031,9.757505031,5.460408396,68.44613588
11,11,180,100,110,0,0,MMH,69,0.215485893,0.170041475,15.5837043,0.953886246,8.197690038,0.376675902,15.7233454,1.066207205,42.73106811,0.46331487,33.29424683,0.455464339,26.15202323,0.879643155,4.007868735,0.501624273,-10.45099888,-0.933089554,67.77332814,0.127637378,12.72781379,0.473033449,15.14783822,0.827696025,3.317568793,0.759680862,0.94960246,7.74321622,73.692893,0.198945056,5.50421262,3.06672222,60.06865053,1.155118555,5.347830387,1.014085535,5.625934708,1.60148372,67.99590123,0.144835381,-3.09101943,-1.834754102,0.036641539,15.16434212,19.79793927,19.79793927,3.087872289,14.86508119,6.020681655,8.650409902,8.650409902,2.01044424,23.00444822,16.87989115,14.66083672,14.66083672,2.52029352,12.53780548,5.671260579,9.848212261,9.848212261,5.423157439,69.3864128
11,11,180,110,120,0,0,MMH,69,0.2127703,0.18070186,16.27821126,0.968717385,8.346395322,0.349388111,19.74485527,0.837698041,41.50440983,0.428718897,32.49475625,0.472824007,26.28833625,0.892159378,4.255181252,0.488944923,-10.83798451,-0.855471242,65.91567781,0.135553066,15.83211614,0.344811585,15.72225202,0.829691821,3.387996725,0.801827746,0.034210785,215.3788377,73.27316824,0.21690055,6.357020868,2.758587239,60.61823367,1.143093374,5.347197358,1.023882863,5.560138598,1.599880983,68.03426708,0.147497588,-3.360285359,-1.562753932,0.038447989,15.36430086,17.7937248,17.7937248,2.916131295,15.76898624,5.45909706,8.935072225,8.935072225,2.08054927,23.45338572,17.53639664,15.89299049,15.89299049,2.716589777,13.04462391,5.251299157,10.0348903,10.0348903,5.47490374,69.29230125
11,11,180,120,130,0,0,MMH,69,0.223393543,0.195311774,14.49327171,0.994821057,8.382230332,0.397642779,17.59894355,1.195123932,40.91892279,0.544387529,30.92478244,0.49260899,23.96369864,0.933991968,3.933925417,0.504216151,-10.08850514,-0.804011629,67.75379843,0.122740117,14.18230538,0.475626331,15.08871913,0.885337349,3.143452843,0.765332824,0.382879994,18.36137292,74.6627074,0.183817826,6.118672275,2.473139084,55.95023473,1.191793436,5.238445685,0.997016329,4.351336677,2.278014004,68.19580055,0.138001222,-3.541346146,-1.611815981,0.043631389,15.23382584,22.27575127,22.27575127,3.333133363,14.41821188,6.745477873,8.316109146,8.316109146,1.983548732,22.38190205,15.13232755,13.72433656,13.72433656,2.405787641,13.35860659,5.707998312,9.411103811,9.411103811,5.222815887,66.68112249
11,11,180,130,140,0,0,MMH,69,0.222287791,0.165895115,15.66089668,0.895520706,7.83927148,0.334409104,15.61839068,1.141572992,45.12861061,0.350541522,31.67723866,0.47438576,27.20041378,0.879262544,3.962269066,0.488457266,-14.15614017,-0.60905579,68.39858822,0.106420626,8.707371627,0.624912649,16.17441809,0.799486953,3.291944779,0.730478112,0.071543506,102.4673312,74.02808443,0.187738238,5.317003158,2.951179689,61.06120502,1.124703578,5.441202105,1.009756242,5.874488978,1.559282554,67.72579328,0.144325915,-3.236472708,-1.708338909,0.036876459,15.02723094,15.81945185,15.81945185,2.621523752,14.02465725,5.441346669,7.279020576,7.279020576,1.935399115,23.91630502,15.69143173,13.89790213,13.89790213,2.404693607,12.93123624,5.528992255,9.774587084,9.774587084,5.49428779,68.67575576
11,11,180,140,150,0,0,MMH,69,0.246460794,0.165210782,15.40112773,0.899278113,7.46977368,0.342058126,17.36270673,1.025336835,47.22228708,0.324075024,28.11624783,0.527236171,29.11972048,0.879028627,4.044923036,0.511861166,-16.47649443,-0.54694757,67.69054977,0.120933395,7.158972705,0.728792382,16.52700528,0.805956787,3.389719485,0.762694931,-0.290993242,-25.35434101,73.47821425,0.204409415,6.471234806,2.565151967,62.0831352,1.109597843,5.512811923,1.003631298,5.181479739,1.745138052,67.75651724,0.144877282,-3.686718496,-1.49011305,0.040717981,14.82390285,15.30356382,15.30356382,2.555096787,13.84989708,5.21740477,8.186047993,8.186047993,2.070439022,25.59706791,16.59970069,15.01963879,15.01963879,2.585321869,13.32005207,5.493627343,9.816380056,9.816380056,5.532830586,68.8873129
11,11,180,150,160,0,0,MMH,69,0.241655746,0.16672205,15.08901881,0.952894254,8.161046579,0.34488424,18.65579659,1.072673287,42.75387946,0.412052407,30.90328043,0.494826394,26.90678048,0.895907551,3.852508419,0.528354815,-14.23103584,-0.694128977,68.84142526,0.12196392,7.119697508,0.795034616,15.07043079,0.848082586,3.363754854,0.764328552,-0.113744712,-69.67690448,73.12751065,0.203052913,4.990472459,3.414179153,57.83156344,1.155519628,5.231727818,1.015745214,5.099281748,1.75839671,68.28297767,0.146814039,-3.271922668,-1.665292155,0.040289341,15.29175882,17.61683894,17.61683894,2.814616347,14.37823932,5.660405974,8.396170083,8.396170083,2.035491373,24.10598781,17.03836703,14.84875406,14.84875406,2.571013877,12.78096992,5.448707151,10.02489975,10.02489975,5.314102492,66.82550667
11,11,180,160,170,0,0,MMH,69,0.231930885,0.166544369,15.10919353,0.904704791,8.28025511,0.328902871,14.69052969,1.145630656,42.35025438,0.412260498,35.04112206,0.43077033,28.6463494,0.873747065,3.897762977,0.539638613,-15.74374698,-0.536864012,69.09484958,0.118369489,4.055471541,1.427588972,15.82556621,0.804726063,3.180347398,0.712559586,-0.059384117,-113.8693971,74.48891218,0.172170589,2.173334526,7.03585591,62.75830748,1.105762043,5.553402992,0.998924918,5.897977109,1.535259562,67.44807186,0.147145643,-3.520068026,-1.554169342,0.038626783,15.09467571,17.45933696,17.45933696,2.723399678,13.66935977,5.789546448,8.178722037,8.178722037,2.103383407,25.02966371,15.29126857,12.82479988,12.82479988,2.266187025,12.73524559,5.470781808,9.924689903,9.924689903,5.547432628,69.39575429
11,11,180,170,180,0,0,MMH,69,0.253373074,0.13689197,15.70312891,0.931768892,7.481074508,0.346954817,14.582114,1.236091635,47.58711843,0.328522624,29.72082538,0.460740675,28.0299506,0.894114314,4.168067874,0.556173675,-18.74066378,-0.515155433,66.88036939,0.155873478,1.750880461,4.256770408,15.55043717,0.836721137,3.527783458,0.798666012,0.0479137,163.2754999,72.25769895,0.229361175,7.637597035,2.35136774,58.37249089,1.148508716,5.262600155,1.024544318,5.639921744,1.57015297,68.23285628,0.145639006,-3.65907873,-1.408724269,0.034684739,13.69359315,15.63344502,15.63344502,2.595594837,14.63168703,7.453096134,10.42487579,10.42487579,2.318169627,25.06198005,17.95879928,16.57311073,16.57311073,2.817520746,13.01137947,5.154633009,9.937365365,9.937365365,5.391767087,67.04131456
12,12,170,10,20,0,0,MMH,72,0.552267465,0.07994657,17.48414387,1.064550316,10.21715252,0.371080092,37.41793969,0.499933869,25.87577299,0.92762162,21.3056995,1.062305558,25.0451895,0.961257608,4.889169681,0.448480383,-19.12940686,-0.487266315,51.97893373,0.218207984,26.07063106,0.335769807,14.94042806,0.93018351,4.065269413,0.733905195,-4.82187118,-2.001079376,65.76750601,0.290645229,18.73462819,0.849772981,45.80535955,1.312088379,5.845583586,0.848078596,0.420756154,20.9530915,67.77419202,0.14337892,-4.97947157,-1.405294735,0.04415189,22.633163,24.00292646,24.00292646,3.791381897,18.61275088,8.753730759,11.34221834,11.34221834,2.192696691,24.07487895,15.92018084,19.11501185,19.11501185,2.983522341,13.89733981,6.99762518,9.717390456,9.717390456,4.95751432,60.10067996
12,12,170,20,30,0,0,MMH,72,0.547616455,0.091518324,19.20233828,1.024209319,9.486467499,0.411365786,32.27516839,0.559892966,32.71557854,0.789255281,19.90646743,1.139211104,30.55679514,0.93465579,5.041065195,0.457800808,-23.1345417,-0.538452135,52.33948815,0.194654154,18.98543465,0.635705378,18.22121612,0.922031706,4.015822012,0.710966034,-5.260064313,-1.725746128,66.90332845,0.27446694,17.14298766,0.869252312,65.65655045,1.1484694,6.398285841,0.776574065,1.217245105,5.841522546,65.99697595,0.134002384,-5.360693762,-1.077168702,0.05011694,22.67766874,25.82094313,25.82094313,3.902408159,19.66721381,12.06914291,10.18809879,10.18809879,2.307803719,28.5600855,14.90158166,18.36275184,18.36275184,2.855113049,16.80053898,5.774371541,8.843752114,8.843752114,4.968742845,75.4045391
12,12,170,30,40,0,0,MMH,72,0.548546986,0.07519621,19.01767916,1.090010497,9.219153152,0.408830135,30.9546748,0.592417052,34.59745849,0.6912234,22.82381154,0.898217956,33.17621326,0.928212615,5.838183545,0.487362206,-37.34015647,-0.33155411,48.16708015,0.267095355,4.215909571,1.644387936,18.05823013,0.932588338,4.198031167,0.711752165,-6.314443892,-1.616508931,65.83615828,0.296511396,17.34853291,0.929071304,61.24406359,1.228072063,6.227827815,0.840564309,1.142773757,6.153313742,66.92924941,0.144803967,-5.953076301,-1.046896631,0.041248654,20.50075735,23.91457289,23.91457289,3.769067628,20.72946991,6.932590838,12.86520337,12.86520337,2.845310012,30.79457967,16.11802409,19.5211712,19.5211712,2.987957772,16.84089482,6.232255524,9.691620823,9.691620823,5.234889784,75.21212352
12,12,170,40,50,0,0,MMH,72,0.516012303,0.079432408,19.11293691,1.048418115,7.596716325,0.477309262,28.4386115,0.634918141,43.91540982,0.507257068,12.72575299,1.552368365,32.71371604,0.893397211,6.301418734,0.438761591,-41.13344889,-0.270642099,44.97868408,0.270229782,3.579954451,1.872301693,16.2223609,0.901229005,3.868680409,0.717656291,-7.63580164,-1.331429212,66.97659744,0.267894042,16.42618165,0.839419619,52.63556151,1.314689782,6.245057257,0.889664425,1.550910938,5.377437174,67.23537185,0.156522536,-5.481133003,-1.321059741,0.0409881,19.75505636,22.27640203,22.27640203,3.625983063,20.03834929,6.702754779,12.15457999,12.15457999,2.764820509,29.22634267,13.78845914,17.94263141,17.94263141,2.776382833,14.62006217,7.240904145,10.52385091,10.52385091,5.556005274,69.19943489
12,12,170,50,60,0,0,MMH,72,0.513970118,0.102541125,18.68351991,1.082161834,8.256935133,0.464692442,27.48389822,0.650475724,40.46389638,0.592929943,18.59230743,1.135492321,31.80370915,0.924989424,6.479076464,0.431217271,-41.92061638,-0.265823297,44.24482946,0.286101791,2.337551194,3.103615814,15.5970137,0.920334909,4.125557692,0.726676394,-5.760015219,-1.862876613,65.29981828,0.290676924,18.27050393,0.847366693,42.63033683,1.539325182,5.483039802,0.979009945,-0.471168175,-20.09248926,68.8766919,0.16183308,-2.547031035,-3.574691786,0.052703074,21.11142232,23.99225577,23.99225577,3.83693535,20.21859217,7.254860852,12.65852495,12.65852495,2.793889671,29.41809461,15.48181649,18.98115032,18.98115032,2.997945387,14.35447618,9.10485092,11.14652719,11.14652719,5.367950495,65.621951
12,12,170,60,70,0,0,MMH,72,0.504487768,0.152065686,19.03835072,1.226159395,8.111865056,0.489387132,27.28235836,0.752592091,42.21251428,0.600825966,13.96609692,1.559103945,26.26789797,1.086954734,6.455027506,0.446762444,-41.62026039,-0.294528913,44.51544799,0.311482435,1.26471442,6.391499005,14.23494028,1.078158782,4.218753623,0.73561219,-5.811155034,-1.696323114,65.35620889,0.317306683,18.18341161,1.011893689,54.75346117,1.343999118,6.476186735,0.930650227,-0.346914215,-25.13345655,66.30932021,0.168482689,-5.184775023,-1.575705818,0.076715279,21.7745968,25.36237467,25.36237467,3.969842375,23.3440526,8.083420957,13.86578014,13.86578014,2.883863865,28.55201605,18.39967945,20.73796186,20.73796186,3.103366592,15.34752587,8.169680169,11.17197257,11.17197257,6.027064655,73.58860352
12,12,170,70,80,0,0,MMH,72,0.620304916,0.077577265,21.32807749,1.098534733,7.872126365,0.478060393,26.26623758,0.694695046,43.81934152,0.522218931,12.99794849,1.562189805,32.12719426,0.955113591,6.393215092,0.451069545,-40.46578833,-0.320508807,43.31459439,0.303047523,8.608357132,0.988399839,17.23739887,0.961091977,4.703964077,0.668746064,-7.933024846,-1.325060533,61.95405232,0.331998467,20.4627085,0.850488182,54.49923409,1.327645991,6.270266991,0.932102488,0.235867364,34.56862465,66.68927909,0.168889519,-5.639575686,-1.346804568,0.048121559,20.30526262,22.88328969,22.88328969,3.763351824,23.42963391,8.508498803,13.12638054,13.12638054,2.883784623,30.68511988,17.40329175,20.56865039,20.56865039,3.145757462,16.56672576,7.595406295,11.26312027,11.26312027,5.844531463,72.35568965
12,12,170,80,90,0,0,MMH,72,0.672262971,0.124237788,20.75748396,1.070942903,7.989101828,0.464107251,30.72602893,0.635006678,41.44490197,0.547955407,11.19141415,1.788100197,31.77986836,0.979109405,6.449095411,0.463589847,-41.3528797,-0.31643181,43.65624596,0.316034985,4.826350808,1.425087354,16.66667722,1.016799248,4.696883953,0.681223899,-7.740731663,-1.326522867,61.28880474,0.332841322,21.84034331,0.761186687,65.59308542,1.271227008,7.473387153,0.902041775,1.218956841,7.183883405,64.48015999,0.177516612,-5.551924172,-1.518769385,0.083520464,20.01136985,22.70995813,22.70995813,3.707800087,22.23008013,6.877971502,13.79690104,13.79690104,2.989735155,31.115968,16.62457857,20.39944679,20.39944679,3.1996296,16.94666486,8.43209246,11.44629954,11.44629954,6.741307413,83.38370172
12,12,170,90,100,0,0,MMH,72,0.64040415,0.102497699,22.01048321,1.091595548,8.031942584,0.452982404,24.74450643,0.789942831,44.19329772,0.470604123,16.35933091,1.222865035,35.97273539,0.972569733,6.447156413,0.478973357,-38.54255192,-0.312087587,45.48815745,0.287545694,0.962005021,8.717292043,20.35943129,0.982203722,4.47869375,0.699694217,-7.070239283,-1.466355218,64.09192837,0.317757119,17.74318226,0.912268814,62.1463498,1.275837858,6.981367554,0.906697377,0.695471074,11.39799615,65.04091271,0.176921197,-6.942602907,-1.16430724,0.065639952,20.00525377,20.79754812,20.79754812,3.63832866,24.02654548,8.386078715,13.0799238,13.0799238,3.08801615,34.98599365,16.18655184,20.36566651,20.36566651,3.133716117,19.99710919,8.083322829,11.50711613,11.50711613,6.329987649,79.28866581
12,12,170,100,110,0,0,MMH,72,0.606650363,0.060798294,20.24302987,1.079227002,7.440475564,0.515243214,22.31133007,0.841341686,47.5217075,0.487884995,14.66217073,1.363676513,32.22540381,0.931285129,5.919318716,0.477216353,-36.51575027,-0.275937985,48.90204248,0.246603784,-0.684899554,-12.78820199,17.97452344,0.967635186,4.20131538,0.687046025,-8.367620592,-1.370984409,65.23224321,0.287018254,17.27769296,0.829132104,62.43730578,1.263294919,7.088584791,0.901810933,0.86648891,9.633519522,64.93752924,0.175063888,-6.26908915,-1.26255665,0.036883307,19.99445785,23.18512803,23.18512803,3.833654543,21.84682444,8.758633839,12.05942872,12.05942872,2.82479569,30.01103934,14.32548992,18.72284455,18.72284455,2.886497032,17.39278133,7.915080196,11.36821635,11.36821635,6.392563264,78.87673115
12,12,170,110,120,0,0,MMH,72,0.619939396,0.062626505,20.26312315,1.091563698,7.828653248,0.445890205,21.42938701,0.898740758,45.01522938,0.461666387,19.10253302,1.060886345,32.63292707,0.934257633,7.203979686,0.42327784,-40.22514566,-0.225306965,43.59918685,0.303851088,-8.642164693,-0.893088976,19.69697371,0.911383323,4.16603522,0.704918193,-7.230488495,-1.439946197,66.56600108,0.28755576,16.19021605,0.949296896,56.56171807,1.347430728,6.793687166,0.873314148,1.329068247,5.837626293,64.88149871,0.176821024,-4.615963389,-2.755383014,0.038824638,20.26561644,20.78201831,20.78201831,3.490719802,22.11848964,7.718222016,13.24766036,13.24766036,3.049284961,30.4875612,15.36932184,19.14143703,19.14143703,2.936714019,17.95149335,12.71874712,11.47241304,11.47241304,5.933023119,76.21299696
12,12,170,120,130,0,0,MMH,72,0.558227892,0.096530529,18.66933177,1.103575709,8.208132327,0.462612481,23.17669352,0.933487524,42.14990327,0.57796345,20.42467187,1.013868408,24.44015996,1.075777482,6.995427531,0.37256384,-38.37153781,-0.199830955,45.40469285,0.261796985,-11.33068657,-0.638480033,16.15941962,1.049083443,3.511532579,0.750896837,-4.512478441,-1.865746772,69.7974066,0.238197497,14.5656965,0.948099069,51.08152574,1.375666411,5.992744859,0.920603582,1.682044163,4.712689207,67.85410616,0.16270544,-6.225140864,-1.295696343,0.053886034,20.70792955,24.36110351,24.36110351,3.79718446,20.60302104,7.234417135,11.88681169,11.88681169,2.606243343,26.29217374,13.80972329,16.62556755,16.62556755,2.636798707,16.95257957,8.065892252,11.0402322,11.0402322,5.516942383,70.27113918
12,12,170,130,140,0,0,MMH,72,0.564383162,0.060907828,17.4233173,1.079316486,6.61474762,0.525203976,20.40117313,0.879843256,51.21468582,0.416321853,14.67621505,1.272410472,24.36945625,1.009210187,5.872001379,0.451533345,-28.45594822,-0.43696195,48.26099352,0.264385102,9.29945619,2.221831573,15.63048624,1.02197039,3.854075047,0.745759413,-6.081362509,-1.68837865,66.40819935,0.270935836,17.84638593,0.775181565,50.2423755,1.404271481,5.813061966,0.942309917,1.568030341,5.263531007,68.15479653,0.160463843,-5.49204486,-1.507753836,0.034375353,18.67416972,21.3217929,21.3217929,3.47409175,18.8052736,20.66182537,12.75948769,12.75948769,2.651404425,24.5939035,13.83418937,17.99236101,17.99236101,2.874212745,15.97389412,8.280651705,10.93638057,10.93638057,5.477705939,70.55393505
12,12,170,140,150,0,0,MMH,72,0.590371872,0.058279815,18.2794691,1.109656904,6.828765128,0.517815618,16.79206376,1.161022686,51.27853372,0.432864755,16.12893148,1.154585776,27.56615882,0.950357753,5.191535983,0.438529062,-24.65903068,-0.360779005,49.00262818,0.22931078,25.30634542,0.311132857,17.19425629,1.012881088,4.233803494,0.705783116,-6.25287379,-1.711351949,64.60499824,0.292557612,19.0865329,0.77864414,56.91470051,1.343127705,6.603310142,0.933146664,1.514644923,5.620780023,66.32999075,0.175795888,-5.891457587,-1.37619025,0.034406763,18.62223487,22.19666994,22.19666994,3.536041235,20.28393909,7.873635551,11.23683089,11.23683089,2.276639405,26.19771276,14.861617,18.90068401,18.90068401,2.988147023,17.41573702,8.10776649,11.66053962,11.66053962,6.16185683,76.44371108
12,12,170,150,160,0,0,MMH,72,0.610884458,0.080257127,18.4170677,1.061029778,7.3481574,0.484447828,22.53378703,0.912980876,46.21018729,0.482753513,12.92874241,1.777775539,28.08673852,1.006207918,5.60075154,0.476382089,-31.20848619,-0.381834595,45.93894867,0.295695064,21.35679093,0.31457782,17.23813091,1.059641311,4.239880376,0.753135767,-7.589568459,-1.720448692,64.71467726,0.317162821,17.73987728,0.803249378,51.30666209,1.385695684,5.981994227,0.945894906,1.639457347,4.987490015,67.65906463,0.166661046,-5.281153326,-1.566644305,0.049027832,22.98440201,22.30813025,22.30813025,3.559798892,19.54105725,6.718372733,13.58392037,13.58392037,2.668097719,28.26109869,14.24954539,20.5250896,20.5250896,3.193205559,18.26623564,8.273688782,11.27613048,11.27613048,5.658337867,71.09542022
12,12,170,160,170,0,0,MMH,72,0.603228505,0.059017418,18.48743783,1.069837275,6.919784025,0.497293752,19.33458113,0.887126235,49.95534741,0.393013709,18.70842386,1.024776927,29.23659197,0.943482635,5.677776195,0.465874269,-29.47053647,-0.35971686,45.45274556,0.298944684,24.56700125,0.264303817,17.36477331,1.017835658,4.572220757,0.759314803,-7.239019492,-1.395875554,62.48305661,0.362629346,20.45554907,0.895010963,56.92962345,1.325594918,6.486269877,0.911458262,1.914188962,4.022900152,66.67933719,0.175474309,-6.699950418,-1.172915696,0.035600989,19.17196111,19.63313637,19.63313637,3.441165361,19.77855011,6.493152203,13.58785666,13.58785666,2.645129834,27.58421683,18.30794067,22.65818995,22.65818995,3.471754903,17.67448547,7.858477008,11.70051062,11.70051062,5.911964269,75.46561953
13,13,180,10,20,0,0,MMH,60,0.251839091,0.11833733,12.29523125,1.050109612,10.29564939,0.234331977,27.64807947,0.403294692,43.6087803,0.388713603,26.29570288,0.53688092,19.31434505,0.89745008,5.188372637,0.470186164,-21.7880222,-0.622211898,65.06185435,0.202545839,1.604910607,3.141815188,11.25571929,0.894327578,3.791860805,0.841273549,-0.407997757,-18.72868818,71.21611397,0.273833239,10.86949727,1.796367597,40.70500991,1.058586822,4.679735032,0.784980674,-5.681595181,-1.408940347,71.01274562,0.109875734,-1.255214462,-4.475201701,0.029801966,14.11766115,16.95132611,16.95132611,2.412599876,12.91134052,5.04233252,13.17800788,13.17800788,2.439501028,17.33366051,19.52561269,19.50133916,19.50133916,3.189992197,10.06630017,5.617337895,7.802577548,7.802577548,3.67350156,43.08978708
13,13,180,20,30,0,0,MMH,60,0.24302753,0.136720804,12.33951368,1.008440567,10.04980437,0.247633811,26.38029128,0.429292288,45.35350833,0.36315895,24.83183414,0.595576859,19.29994479,0.904186679,5.35977768,0.483151313,-23.49430622,-0.60964822,63.71220234,0.226944524,-0.14981938,-35.5236982,10.46915202,0.879066449,3.736903123,0.900338783,0.47538784,15.8460958,71.03069477,0.289903779,10.36099249,2.012728285,38.84813157,1.061799837,4.47807839,0.780873549,-5.933331757,-1.304004218,71.58797204,0.105988335,-1.214788462,-4.499520926,0.033226919,14.78926578,16.47053246,16.47053246,2.488671356,12.44366617,5.32213844,14.45913543,14.45913543,2.589583623,17.45075298,20.85386265,20.59206684,20.59206684,3.36447881,9.20308029,5.465966105,7.587489963,7.587489963,3.496812965,41.24893977
13,13,180,30,40,0,0,MMH,60,0.222001584,0.163731944,10.54771684,1.129609872,10.37158785,0.252804968,26.81189301,0.49481461,42.86141306,0.41599167,26.59394146,0.620255913,17.37932169,0.967482348,5.299989541,0.488198835,-22.91931109,-0.636198334,64.28114471,0.230140692,0.904028819,6.412773866,9.660695298,0.909632331,3.645598868,0.941465054,1.29526865,5.927151055,71.18630009,0.296760946,9.653128835,2.217300036,35.75151798,1.101945385,4.267655073,0.783405607,-5.232624994,-1.403526426,72.36063217,0.103242261,-2.04065829,-2.973100647,0.036348751,16.49504944,17.8299908,17.8299908,2.621988935,11.91480507,5.797332385,14.79370713,14.79370713,2.587448719,16.81418696,21.40388291,21.12531376,21.12531376,3.432203935,8.787680783,6.067082482,7.470675273,7.470675273,3.343304913,39.39622024
13,13,180,40,50,0,0,MMH,60,0.243436499,0.200254858,10.92223591,1.117694547,10.02336869,0.236978447,27.26511047,0.471279368,43.93849722,0.430138966,22.89185147,0.669122604,18.10429677,0.910225565,5.14843435,0.476001372,-21.89679737,-0.603222651,65.17477366,0.210254915,0.79707714,7.728002983,9.803085232,0.887200787,3.468566808,0.953243182,-0.491903014,-15.36078635,72.42344708,0.277195298,8.728610013,2.319877294,37.05634706,1.035763643,4.365496028,0.754932244,-5.12945506,-1.423746784,72.20176307,0.103246099,-1.379949767,-3.836051066,0.048749342,15.31745527,18.89965976,18.89965976,2.375322346,12.20772352,6.159814516,13.7033165,13.7033165,2.450661814,16.47899376,20.24930418,20.075439,20.075439,3.306387661,8.697304933,5.293557775,7.454550378,7.454550378,3.295653713,38.38161703
13,13,180,50,60,0,0,MMH,60,0.262256344,0.166024313,10.30522805,1.081021552,9.99772707,0.240807036,28.61471252,0.419476653,44.04477425,0.382866079,24.50743256,0.568513673,17.56465074,0.924852728,5.000231775,0.482987712,-20.75068392,-0.648386646,66.12565597,0.202785171,1.138323422,4.992240743,10.33984694,0.885262146,3.416126146,0.947043246,0.029158038,262.3137868,72.56437702,0.267045397,7.209644545,2.802175456,37.30169327,1.066665962,4.358339158,0.79118606,-4.959630498,-1.489747935,72.31703202,0.106048805,-1.332724635,-4.142147226,0.043540929,13.9328105,16.86325002,16.86325002,2.407523022,11.14017362,5.682784566,13.40930245,13.40930245,2.415050504,16.24471515,20.20268899,19.37798287,19.37798287,3.235219194,9.153475091,5.52034165,7.669134827,7.669134827,3.448257187,39.78844654
13,13,180,60,70,0,0,MMH,60,0.231045758,0.199101203,9.550582237,1.12685391,10.76753945,0.23681481,30.39301968,0.455870153,38.21108369,0.543285766,28.22497893,0.495699578,15.40575211,1.03680911,4.641818608,0.46986765,-18.48435176,-0.651121359,68.18829162,0.172645692,1.578436221,4.165453067,8.809214086,0.980659639,3.121601827,0.921551897,0.619567159,11.41037232,74.16622809,0.230111821,6.777762285,2.671058337,31.92819909,1.182618007,4.701632086,0.704081455,-8.966343656,-1.447686614,68.904094,0.177172658,-0.069075203,-134.1588621,0.046001488,13.99111014,20.75953787,20.75953787,2.549912809,10.76211094,6.574901998,11.77241479,11.77241479,2.181040401,15.97282413,18.10379846,17.0665258,17.0665258,2.876718085,8.638840705,9.267050634,12.20792148,12.20792148,3.31033196,37.75886317
13,13,180,70,80,0,0,MMH,60,0.297504953,0.187936172,10.77228774,1.076122723,10.09538271,0.252382326,29.92131978,0.435520864,41.91754697,0.436334739,24.21813878,0.632151088,17.42051587,0.913396199,5.264944566,0.473380996,-22.31570702,-0.621666105,64.52919088,0.220420543,0.621978755,10.66029535,10.15875916,0.864985384,3.740993043,0.954173889,-0.828711473,-8.685000408,70.66507993,0.308102718,9.981202154,2.285632597,35.99457836,1.064671537,4.277320272,0.764386102,-3.832724462,-2.016999897,72.49743861,0.10154045,-1.368511581,-4.086843444,0.055911942,15.30952278,18.29008192,18.29008192,2.54789617,11.59230362,6.63047723,14.22355929,14.22355929,2.492324703,15.91183298,22.813361,21.77210319,21.77210319,3.569557881,8.787178193,5.592892583,7.36142254,7.36142254,3.26952417,38.32240307
13,13,180,80,90,0,0,MMH,60,0.278932585,0.184918518,11.57658046,1.189063569,10.1264305,0.266070106,25.62600995,0.602748044,43.8387573,0.51670263,22.84369463,0.658112135,15.89551725,0.98576757,5.36341291,0.503130682,-23.2384588,-0.673189601,63.71838933,0.248041651,0.473113744,13.68830646,9.034096691,0.9081267,4.001050817,0.956095059,0.282667485,29.27977002,68.51304359,0.338965688,10.98490884,2.264488245,32.94394348,1.153036969,3.930850011,0.832349779,-4.133315604,-1.692094944,73.59798474,0.106259755,-0.909627207,-6.1994515,0.0515798,15.03371264,22.65160119,22.65160119,2.694340437,13.76529008,6.476125918,15.80481449,15.80481449,2.698497595,15.66928541,24.87519694,23.22357096,23.22357096,3.825384917,8.204104415,5.639189753,7.820503827,7.820503827,3.271842138,37.98558474
13,13,180,90,100,0,0,MMH,60,0.276682646,0.176932968,11.51471413,1.232815618,10.07958539,0.244474146,26.10600292,0.534321084,44.72239927,0.427152559,23.73796062,0.622659348,17.7983061,0.919212329,5.250610578,0.485192846,-22.15002038,-0.633977911,64.61071433,0.226471334,0.132405841,51.00255092,10.24680925,0.864110243,3.578553369,0.960948638,1.515201029,4.860808726,71.18837441,0.292153514,7.274840328,3.093252692,37.69499639,1.038477361,4.401858367,0.775818755,-4.460194191,-1.662219495,72.32845197,0.103068445,-1.531409713,-3.739249411,0.048954282,14.78066308,19.10328729,19.10328729,2.46419803,14.19551942,6.753035648,14.63247467,14.63247467,2.54755869,16.3604224,22.50291943,20.79793374,20.79793374,3.438805986,8.854372831,5.726322867,7.454781074,7.454781074,3.415044278,39.14540037
13,13,180,100,110,0,0,MMH,60,0.23230376,0.258046787,9.92700749,1.408687066,10.45852727,0.297037929,29.85011946,0.460386664,38.04624061,0.608749212,25.7527786,0.74787124,14.09418497,1.057327021,4.911056294,0.467208558,-20.03038189,-0.634348401,66.76746474,0.196639008,2.139074481,3.319877269,8.483955609,0.996378544,3.372356378,0.918175581,4.092787866,2.00081829,71.95856641,0.25502664,7.599238653,2.606867966,30.09774137,1.243190902,3.853886427,0.823648027,-4.656692483,-1.824624584,73.53604641,0.10988512,-1.55885776,-3.305678205,0.059945239,19.25976247,23.16061899,23.16061899,3.106579281,13.98404706,7.101464746,13.12908803,13.12908803,2.294487529,14.90216261,19.81021181,18.35135141,18.35135141,3.096415277,8.453231337,5.153082122,8.080517284,8.080517284,3.174245952,37.41723824
13,13,180,110,120,0,0,MMH,60,0.267885457,0.171239501,10.45624584,1.06181807,8.760945592,0.366350994,25.21206314,0.532352967,49.7596984,0.394698932,16.08480128,1.153025922,14.95837897,1.016698888,4.761790024,0.48041684,-19.21869229,-0.649920958,67.66568272,0.191777265,1.731726754,3.693018819,8.803972595,0.943212089,3.0920445,0.95023737,1.37514425,5.154907471,73.33127401,0.232061867,2.639323451,7.50870911,33.33752918,1.137748126,3.985437728,0.829158833,-4.326519211,-1.645706805,73.48500293,0.105113473,-1.051526383,-5.19199714,0.045872572,18.54619283,19.64009982,19.64009982,3.209581126,11.10263078,6.395299492,12.97673957,12.97673957,2.287644116,15.20816727,19.81791204,17.01739236,17.01739236,2.938176234,8.304013383,5.459521973,7.724263871,7.724263871,3.304560896,37.92971135
13,13,180,120,130,0,0,MMH,60,0.248062575,0.202780529,10.66158068,1.295351696,10.31708611,0.265449594,31.76799788,0.477839828,38.27392417,0.613512431,23.42356688,0.697109921,14.36757909,1.017426059,4.77307672,0.445128507,-19.2056926,-0.603713655,67.48088177,0.175068615,1.751908041,4.06775429,8.815022319,0.941340195,3.074274066,0.902846294,1.78621443,4.360831608,73.97018993,0.219099759,5.725671453,3.125478399,31.24393255,1.173819245,4.329866179,0.745550786,-6.555672527,-1.778787803,70.93988666,0.153319946,0.446868781,18.15276896,0.05030226,16.32880086,23.48152826,23.48152826,2.738666319,13.81049662,7.126331449,11.81378451,11.81378451,2.124632514,14.61794937,17.89546245,16.20685079,16.20685079,2.775596947,8.297934829,8.111905737,10.87649959,10.87649959,3.228135133,36.67472932
13,13,180,130,140,0,0,MMH,60,0.272978284,0.145021069,10.88693253,1.123491409,9.699980117,0.245958483,28.92796445,0.461720535,45.56203499,0.367380195,22.21978575,0.59722952,15.61544688,0.928695303,4.828896978,0.451123723,-19.09754165,-0.629966352,67.571978,0.180765567,2.770668812,2.309128045,9.40373608,0.867693721,3.245807915,0.958485609,0.462174479,16.12478182,73.23482231,0.251317104,5.651720793,3.562738467,35.76690493,1.06074332,4.22093695,0.778807178,-4.204937142,-1.745117667,72.70514302,0.102503468,-1.724980835,-3.055192889,0.039587603,13.27031198,16.7385893,16.7385893,2.385792395,12.23137517,6.397829057,12.21468692,12.21468692,2.178429983,14.50199217,20.13560307,18.40516345,18.40516345,3.111060176,8.159562751,5.270149181,7.452529301,7.452529301,3.287295995,37.93950548
13,13,180,140,150,0,0,MMH,60,0.27498584,0.160289426,10.84567825,1.088909003,9.419152697,0.275491262,24.88192355,0.572932921,48.53209458,0.40880009,19.39799005,0.758702957,15.58021913,0.92359085,4.808571699,0.478628291,-18.94351728,-0.698909174,67.60745837,0.193086965,2.853625133,2.186500967,9.121415288,0.875772832,3.260094461,0.96112314,0.109672328,72.64124495,73.00227285,0.253591149,5.101324198,3.97054205,35.23465822,1.040596663,4.233171991,0.749570387,-4.439191811,-1.609692442,72.62075168,0.098589486,-1.56496591,-3.568148845,0.044077322,14.71731241,19.83992463,19.83992463,2.594894263,11.80995669,6.239454113,13.05411895,13.05411895,2.301518454,14.38974783,20.25502224,18.51273025,18.51273025,3.133352225,7.988287699,5.584031304,7.159642581,7.159642581,3.173060368,36.66506777
13,13,180,150,160,0,0,MMH,60,0.276536747,0.135581913,10.19990388,1.143029744,9.152259711,0.327303411,26.07257134,0.559939874,48.1654007,0.393828953,18.57300819,0.949114926,15.1626757,0.968543054,4.685583221,0.466061977,-18.5308698,-0.652071672,68.20373467,0.1792013,2.172893581,2.943758304,8.876479082,0.909274337,3.114435865,0.944334918,0.891514892,8.688953655,73.24125545,0.231347549,3.23217155,6.065165852,33.85056754,1.108535985,4.061495206,0.793677451,-4.301087794,-1.710126799,73.04080866,0.100763958,-0.996973852,-5.613450038,0.037493381,17.62791929,18.96892933,18.96892933,2.995565822,11.65879352,6.396473523,12.22219792,12.22219792,2.183772179,14.68570423,19.60365651,16.94418493,16.94418493,2.941070537,8.071154632,5.596462907,7.359880976,7.359880976,3.223517162,37.52457223
13,13,180,160,170,0,0,MMH,60,0.280471207,0.124500284,11.1796458,1.27545765,9.469134082,0.269620329,27.9942046,0.566935822,45.51488317,0.479560057,18.2433693,0.810067171,15.09529469,0.927315621,4.627232836,0.464561247,-17.76969595,-0.687838255,68.73819976,0.176140925,2.986169026,2.070094223,9.181571077,0.879808722,3.038997524,0.935384219,0.10361373,69.84019945,73.97918178,0.222179082,2.579233561,7.439067812,34.60103486,1.049287605,4.118677127,0.787853802,-4.520274606,-1.525452304,73.15401802,0.100952381,-1.178286061,-4.63492935,0.034918745,14.77835456,21.82711997,21.82711997,2.553071047,14.25916476,6.18165125,12.10761009,12.10761009,2.149633056,13.99810257,19.18709336,16.43662669,16.43662669,2.842630326,8.078026315,5.461272647,7.385072299,7.385072299,3.244915434,36.306437
13,13,180,170,180,0,0,MMH,60,0.283462567,0.172193843,10.47152592,1.340645775,9.235714899,0.298247746,27.01296893,0.596723818,47.83748317,0.455273608,17.4585223,0.871023413,13.64924986,0.978008767,4.581857746,0.444819145,-17.74608515,-0.660275959,68.91696531,0.164900725,3.276036516,1.905146208,8.440379376,0.943466549,2.994377576,0.94311064,-0.686212209,-10.47981978,74.44176169,0.219352385,4.203229381,4.438910674,31.90736425,1.123862547,3.866984407,0.802939353,-3.914906337,-1.816741038,73.75003484,0.098389586,-1.133385648,-4.670130771,0.048810509,15.20678168,21.77914356,21.77914356,2.754531151,14.03860698,6.241328546,11.36445754,11.36445754,2.038098045,13.34908603,18.65775976,16.32897797,16.32897797,2.824029352,7.963215602,5.29305919,7.256235395,7.256235395,3.104953958,35.85949165
14,14,120,10,20,0,1,MMH,72,0.423620587,0.113426356,18.66063408,1.00257119,6.513774899,0.578620373,21.07707289,0.76079846,54.47877489,0.472144851,8.439794013,1.864728772,25.69406607,0.900756663,3.376206859,0.456839333,-12.30159339,-0.677392631,70.88396143,0.090447757,4.926275214,0.970686065,16.63476154,0.849540405,4.492216602,0.763927478,-2.516316369,-4.121090275,67.81773501,0.310486068,11.84888083,1.662891811,59.48381075,1.081685187,6.843090493,0.853721877,0.897092988,13.00266018,65.66353886,0.1490602,-2.669476413,-2.424601205,0.04804974,15.73792673,25.72187305,25.72187305,3.769002862,18.70861412,4.781866703,6.411295319,6.411295319,1.54238409,23.14410121,19.7034069,21.05646188,21.05646188,3.431727699,14.13190206,6.472415728,9.787820235,9.787820235,5.84209606,64.34275695
14,14,120,20,30,0,1,MMH,72,0.466786221,0.085450704,18.06131796,1.091270343,6.94303031,0.52113184,22.11765837,0.866619781,51.11625141,0.450903871,11.06671636,1.614943348,24.11952415,0.964622743,3.262339589,0.485018493,-11.07557252,-0.803689942,71.41046392,0.089683617,5.038817143,0.960414183,15.73170683,0.894981278,4.804146393,0.766430359,-5.698246205,-2.140604272,65.97025685,0.346360405,13.71118827,1.328812875,57.99593877,1.110260293,6.69606329,0.873364446,0.638535535,17.87876506,66.0806891,0.146961851,-1.992398317,-3.625402769,0.039887211,17.87211997,23.04851563,23.04851563,3.618234161,19.70978065,4.83935145,6.404348696,6.404348696,1.582295031,23.26624155,18.2196035,22.84948488,22.84948488,3.682043645,14.07958308,7.223246375,9.711340385,9.711340385,5.848103606,64.39058797
14,14,120,30,40,0,1,MMH,72,0.465810569,0.078114754,17.43349731,0.977551105,7.481025179,0.494298236,23.42794008,0.793029427,47.00674876,0.48931051,14.03934188,1.487506177,23.56594949,0.914904036,2.976398777,0.508168682,-9.93598186,-0.750498324,72.13994228,0.080000222,7.691217041,0.524531936,15.29670016,0.869629893,4.344984098,0.707473207,-5.281814052,-1.659877257,69.19001745,0.272320461,12.7875933,1.281242203,55.0903031,1.144936029,6.35397795,0.885210244,0.150632566,74.53035194,67.02871525,0.14302033,-1.916799007,-3.668625757,0.036386678,20.88360777,23.00089621,23.00089621,3.697857549,17.04213456,4.034288965,5.771211397,5.771211397,1.512512644,21.5605823,16.38400421,18.84185745,18.84185745,3.073959834,13.30246772,7.032018208,9.586468975,9.586468975,5.624606371,63.07487287
14,14,120,40,50,0,1,MMH,72,0.487675589,0.153978731,16.26097411,1.169081523,8.198651867,0.549094751,26.5396128,0.669784332,40.34128298,0.764466669,13.95063541,1.485878128,23.68419648,1.033515374,3.114293735,0.509849305,-8.397995457,-0.922763903,72.10842224,0.096975506,7.814540882,0.69919671,15.16734928,0.9847825,4.357313835,0.783523459,-4.678633823,-1.696586602,68.86052326,0.305108397,13.03490648,1.38170667,58.00184337,1.117381042,6.739682535,0.863712239,0.651385905,17.95098238,66.26595624,0.148020963,-2.080676935,-3.191846274,0.075091668,20.72894403,30.83956622,30.83956622,4.501836705,19.01040438,5.463901275,6.992750734,6.992750734,1.587820496,24.47798118,18.01041723,21.00992387,21.00992387,3.414057608,14.93654014,6.641200922,9.808750657,9.808750657,5.821146292,64.81016018
14,14,120,50,60,0,1,MMH,72,0.428283331,0.166479099,15.43379273,1.191149455,8.578477789,0.54000313,27.63032137,0.699324357,37.54284139,0.848441278,15.16786968,1.442612468,19.45399481,1.068968096,2.905467189,0.583011369,-6.951864237,-1.350410103,71.37122653,0.102627153,10.45181943,0.562161497,12.41536566,1.023659958,4.889427276,0.767516141,-2.800710905,-3.295401386,64.78395458,0.368585368,16.96784174,1.136001526,44.39912289,1.401675442,5.367620405,1.002711053,-1.313530265,-9.105890237,69.60511991,0.162728052,-0.244213376,-30.02143343,0.071300223,21.88135791,31.85289633,31.85289633,4.632404857,18.3839538,5.875610457,7.324625785,7.324625785,1.693920403,20.79569979,19.27549411,23.87841774,23.87841774,3.752714355,12.70911269,7.33163561,11.32670557,11.32670557,5.382172308,62.2331602
14,14,120,60,70,0,1,MMH,72,0.409248168,0.176274211,16.57814012,1.132789475,8.11115126,0.524050623,27.62003825,0.67206551,41.90793429,0.688384734,14.81865316,1.308418129,19.2917695,1.069539514,3.760325622,0.756835814,-0.921284445,-22.69652317,69.03777385,0.195651031,6.441120557,0.683368517,13.07050011,0.984324984,4.366786124,0.766478131,-4.088610444,-2.209211696,68.01458824,0.304672285,12.3034044,1.592030808,61.89062003,1.216007178,5.719801527,0.792524894,1.484198873,6.558457825,68.30783241,0.124084632,-1.204922329,-4.533116308,0.072139898,19.38899444,28.8487822,28.8487822,4.250653871,18.77954264,4.401659003,13.50731163,13.50731163,2.845949103,20.63330978,19.58739885,20.72216001,20.72216001,3.347046067,12.86561981,5.462053059,8.475952247,8.475952247,4.533085099,75.25943821
14,14,120,70,80,0,1,MMH,72,0.406269767,0.150642362,18.87213724,1.077908922,8.144555252,0.529319543,25.33546978,0.846696846,40.76118778,0.758211947,7.173066348,3.209609982,19.86235574,1.017626708,2.745996397,0.512609529,-7.268217728,-0.916745792,73.58876518,0.077232864,8.058197381,0.628213472,13.95611221,0.943306878,4.087947319,0.834987416,-3.369280395,-2.721892511,69.57994108,0.305555466,11.77206798,1.524054304,59.0723792,1.226828792,5.351684564,0.838566166,0.723900594,10.2614715,69.99294753,0.116751961,-1.214644694,-4.168567442,0.061201437,23.02274535,30.90561955,30.90561955,4.311072264,20.34244511,5.062268155,5.683471093,5.683471093,1.40762392,20.21246368,17.94127087,21.26053132,21.26053132,3.413384569,13.16489664,5.063328325,8.17181388,8.17181388,4.487741606,72.47169561
14,14,120,80,90,0,1,MMH,72,0.395683133,0.123546275,16.63064089,1.053644558,8.96257964,0.480114632,30.19336038,0.580811525,35.31004901,0.866300671,16.72027074,1.204373987,20.73512731,0.989502473,2.767946861,0.542958668,-7.849460237,-0.873825419,72.13253413,0.077755496,10.59331747,0.394185951,13.76448611,0.938449959,3.986608443,0.742935042,-3.007406472,-2.504906263,70.81674194,0.257227044,12.67859618,1.184902947,53.79373583,1.240150376,5.662440205,0.8701439,0.392631604,24.78171412,69.19882743,0.128151101,-1.071539596,-5.966228549,0.048885177,20.13745913,30.58911915,30.58911915,4.303065626,17.52278427,4.175736921,5.608700969,5.608700969,1.502880741,20.51745975,15.02290598,18.21598119,18.21598119,2.961791111,12.91728143,6.393050129,8.867905923,8.867905923,4.927137803,66.71232172
14,14,120,90,100,0,1,MMH,72,0.402420227,0.122455372,17.95982714,1.088507081,8.953676788,0.459751564,29.18895293,0.679755112,34.8442908,0.924183491,8.217518592,3.039166807,19.43453083,1.015019447,2.629585785,0.553258239,-8.902563525,-0.806891711,73.4333069,0.081263893,7.805584397,0.525615785,12.61144797,0.936492768,4.158868582,0.754373111,-3.599274145,-2.462492032,69.46247546,0.275693386,14.42020422,1.063510559,44.57588819,1.29648443,5.338490514,0.97726512,0.023223314,439.8001719,70.45001332,0.144040089,-0.741495353,-9.091283013,0.049278519,24.97440974,32.20251831,32.20251831,4.116466907,19.54939902,4.10273837,5.967476395,5.967476395,1.454840001,19.72642674,15.33603945,19.15034506,19.15034506,3.13733863,11.81052982,6.741144107,10.14762619,10.14762619,5.217120573,57.79194499
14,14,120,100,110,0,1,MMH,72,0.406827267,0.121322477,18.63403575,1.065205092,9.678030435,0.406808063,33.77465476,0.609797615,28.83850991,1.060393334,6.60428674,4.110501039,21.75004195,0.990866457,2.878960755,0.513506502,-6.577817406,-1.058106637,74.40498549,0.068295532,6.031249727,0.697100375,14.22346987,0.916169727,4.290607993,0.745871894,-1.854663288,-4.321380546,68.84889975,0.292143538,14.93555588,1.097118576,41.26979447,1.314851226,5.139791642,0.965467204,-1.184575154,-8.921421573,70.74468614,0.143076501,-0.141690121,-49.86361373,0.049357292,27.14692751,30.58016367,30.58016367,3.937100815,19.84906977,4.204386446,5.081528067,5.081528067,1.478365067,21.55138701,16.3860758,20.11376116,20.11376116,3.20024391,13.03111251,7.065181463,10.12190216,10.12190216,4.962300266,54.26363986
14,14,120,110,120,1,1,MMH,72,0.38547001,0.154695817,14.87950362,1.210826544,12.03003867,0.38408727,40.67138199,0.459428275,7.420491538,5.139464373,3.723488618,6.243273199,14.69469861,1.15488696,2.436991666,0.557146179,-6.483702926,-0.96269042,76.64464715,0.077741294,4.814135893,0.981636596,10.17068852,1.091671398,3.432415318,0.832094364,-1.695801386,-4.38455424,72.96034306,0.234398565,10.11256353,1.520322844,44.01099325,1.29937877,5.398779023,0.926538155,-0.770592681,-14.45732684,69.59562805,0.135141663,-1.123299681,-5.854058533,0.059630598,23.2467567,38.13735189,38.13735189,4.620584711,18.01649794,4.725731971,5.958454048,5.958454048,1.357760595,16.97071581,15.37436135,17.10179972,17.10179972,2.856093441,11.10304976,6.575862083,9.405268912,9.405268912,5.002174755,57.18695028
15,15,180,10,20,0,1,MMH,69,0.281730569,0.186972413,16.82092359,0.922216095,8.314069322,0.233594487,15.57985756,1.059434954,47.10055719,0.209615002,28.68928304,0.540339212,23.60545468,0.872928201,4.77206513,0.523396071,-27.66939918,-0.592478288,59.21995948,0.276286546,1.881426489,3.780514173,18.28581132,0.800963988,5.272196623,0.641650913,-3.364183654,-2.452660724,66.21204968,0.338708425,17.59315786,1.090921231,53.44603563,1.058734846,5.999851283,0.827261985,2.953703897,3.681569646,66.94635762,0.133364644,-6.553511478,-1.210681193,0.052675844,15.50194459,9.87298339,9.87298339,1.942120758,15.51252647,7.112759507,16.36167806,16.36167806,2.49768014,20.60586709,19.19274943,22.42657906,22.42657906,3.382909777,14.64627636,7.934213095,8.928277151,8.928277151,4.963448882,56.5851803
15,15,180,20,30,0,1,MMH,69,0.261156736,0.192373192,13.79864493,0.978596012,7.742579965,0.277976694,16.78840934,0.835728773,50.02337595,0.237069294,25.75624625,0.657424984,20.5245518,0.88809686,4.258246466,0.557206964,-26.12556688,-0.568949291,61.50633537,0.244289768,1.810868449,3.377146299,15.18102843,0.858360636,5.009924417,0.660392031,-3.361492697,-2.43351206,66.81802336,0.318134517,17.66369459,1.010050075,49.83834618,1.114748863,5.55440597,0.857303106,2.480398692,4.029013885,68.10003093,0.133316724,-6.792797988,-1.092377415,0.050239555,16.93279978,11.85900642,11.85900642,2.152256782,13.5032989,6.115567681,15.0253684,15.0253684,2.372724585,18.22779001,17.84121605,21.25711959,21.25711959,3.308514161,13.03079722,7.420299107,9.078873028,9.078873028,4.76180949,55.55723974
15,15,180,30,40,0,1,MMH,69,0.248879855,0.16470731,13.61396205,0.970476376,7.91558328,0.280078578,14.24718434,1.011071556,49.67163496,0.237214577,27.23057796,0.647840954,20.61887074,0.873023991,4.514211099,0.535033567,-26.85664778,-0.577499334,60.3071973,0.261258248,1.334680965,5.304265098,16.10506436,0.827460363,5.234799534,0.672508563,-2.994893197,-2.805629418,65.45498168,0.349048005,18.58478962,1.074923616,50.8205364,1.094092603,5.651097015,0.838258099,2.033184975,5.074481838,67.53154757,0.130724284,-6.554639833,-1.226598033,0.040992331,17.6410836,11.78283588,11.78283588,2.216985309,13.21202855,7.07950166,15.75575271,15.75575271,2.415254466,18.00076882,19.97722926,22.84693077,22.84693077,3.520447512,13.3263024,8.039908326,8.828013204,8.828013204,4.737077841,55.60237296
15,15,180,40,50,0,1,MMH,69,0.214877049,0.250072632,14.72966765,0.919708452,8.424970779,0.289473664,16.3943925,1.077466658,45.47479685,0.317970673,28.69544329,0.593147987,20.32803286,0.860540098,4.173857144,0.577908401,-25.28672871,-0.610921738,61.5467008,0.255116275,3.428733846,1.957234574,15.67062812,0.814929767,4.795488932,0.756497164,-1.241228254,-6.831837215,67.33867203,0.350009248,15.81505866,1.29606278,50.13632695,1.086277228,5.489602794,0.85368592,2.031159735,4.909422408,68.15568746,0.13144199,-7.206746064,-0.966046795,0.053734869,17.02064442,14.45965176,14.45965176,2.43880716,13.54699983,6.710836428,15.70156505,15.70156505,2.412107108,17.49308739,20.49730889,23.56915796,23.56915796,3.627773777,12.77046132,6.962053938,8.95851919,8.95851919,4.686396612,54.46195026
15,15,180,50,60,0,1,MMH,69,0.19927911,0.311761724,14.1251975,0.913187428,8.284796592,0.326086013,14.38043608,1.225704605,46.58849031,0.36507488,26.97457991,0.748752668,18.47543762,0.921279125,4.307651387,0.604201004,-27.0327973,-0.641895534,59.9619732,0.285659332,3.217317408,2.112371317,14.86229615,0.865374074,5.062051438,0.798477387,-1.362389218,-6.040457919,65.06650896,0.407589708,17.78646608,1.319583413,46.03529967,1.161819287,5.152911778,0.887655907,2.672684826,3.727406158,69.19096999,0.126723452,-5.964880702,-1.237350295,0.062127599,20.19728868,17.00828751,17.00828751,2.701556289,12.89895278,6.79616901,17.12869721,17.12869721,2.602687293,17.021035,23.47072562,26.52043939,26.52043939,4.041933605,12.86144577,7.380646896,8.768118564,8.768118564,4.574012578,53.48469904
15,15,180,60,70,0,1,MMH,69,0.223777022,0.241761464,13.61096438,1.013227108,8.140544924,0.268488147,16.82128149,1.009061863,47.832937,0.267301858,27.48494699,0.565019666,20.75074579,0.893594213,4.411651211,0.549408029,-27.17235959,-0.592999827,60.06374381,0.265161639,2.699172537,2.388371974,16.38315173,0.830210665,5.2961704,0.712185166,-2.101855971,-3.855414559,64.69284035,0.386645238,18.99184396,1.134420582,49.88841963,1.111460804,5.546031624,0.878879811,2.189532593,4.739609198,68.5645143,0.135040752,-6.151036423,-1.170240162,0.05410066,15.52953557,12.78583293,12.78583293,2.185639822,13.79099808,6.44662804,15.92660075,15.92660075,2.423796596,18.54274635,21.54473868,25.01317865,25.01317865,3.771853995,13.60146729,7.19818986,9.259003572,9.259003572,4.874295226,55.44902299
15,15,180,70,80,0,1,MMH,69,0.218099131,0.232832113,13.40739501,0.988188307,8.327090267,0.288511299,17.35213329,0.896481942,46.43124493,0.325044623,28.9810003,0.528750127,20.16378341,0.886394851,4.163830212,0.588327746,-26.03625404,-0.595535204,61.43142712,0.252582368,2.779878324,2.105743408,15.88992209,0.841507774,4.727158328,0.754922581,-1.488696504,-4.862281369,67.87494487,0.343342027,16.36775994,1.209825302,49.13936061,1.118279229,5.543254338,0.868771746,2.124066723,4.880196518,68.43252118,0.134520356,-6.643752885,-1.078622249,0.050780482,15.32370759,15.0922265,15.0922265,2.40245963,13.24903098,5.853710456,15.51649533,15.51649533,2.449696843,17.87307379,19.80213011,23.30432115,23.30432115,3.568638566,13.37149297,7.166099679,9.205567111,9.205567111,4.81582275,54.9515263
15,15,180,80,90,0,1,MMH,69,0.218155009,0.229703394,13.62653847,0.968801677,8.04492334,0.253777115,15.47729397,1.095714434,47.9574688,0.216509998,25.80817672,0.749156335,21.71709068,0.845277725,4.286306186,0.594679603,-26.1213226,-0.626477785,60.12041329,0.271869051,4.4241042,1.668493016,16.45101782,0.790038883,5.190511495,0.76446985,-2.16420224,-3.884592237,64.98552971,0.40353477,18.11989913,1.248074179,52.05061829,1.06748326,5.721163886,0.841843787,1.925599457,5.400196443,67.75482792,0.131063432,-7.079699456,-0.965013785,0.050110946,19.33435908,10.38327147,10.38327147,2.041617436,13.20141332,7.38158696,16.34487971,16.34487971,2.548978861,18.356973,22.61497823,26.22392078,26.22392078,3.967989544,12.99694374,6.832007569,8.880180282,8.880180282,4.816326272,55.5631637
15,15,180,90,100,0,1,MMH,69,0.211123639,0.258555892,13.55259462,1.077463588,8.309725971,0.254256857,15.98254165,0.95623782,46.63736289,0.248405479,28.11735968,0.661862204,21.23339307,0.867986479,3.995212219,0.606655117,-25.3117706,-0.616491141,61.15905134,0.24673033,5.642781013,1.091365211,16.37872622,0.828862455,4.882333747,0.757065985,-1.797816115,-4.294628418,66.97463346,0.361139472,16.95575651,1.21697809,50.23921279,1.104939628,5.666657508,0.848824069,2.028347353,5.262050736,67.99231709,0.131467188,-6.311917697,-1.226444147,0.054587261,18.60981765,11.58497647,11.58497647,2.112804808,14.60242723,6.158334891,15.08979292,15.08979292,2.423715936,18.43029809,20.63478417,24.18718377,24.18718377,3.696248807,13.57571122,7.741214516,8.938758733,8.938758733,4.809995284,55.51129709
15,15,180,100,110,0,1,MMH,69,0.222233114,0.268762621,13.84259406,0.982283798,8.59705594,0.251855062,12.45128655,1.456529982,45.88397194,0.285805962,28.82864646,0.674727749,21.1632364,0.842023316,3.922757748,0.585603652,-24.07674982,-0.621503294,62.39762407,0.231493254,5.516044406,1.109060901,16.57191379,0.796038248,4.664721935,0.773072515,-1.057454675,-7.168991224,68.28595429,0.342322625,15.61253663,1.31186142,51.35789143,1.086225269,5.723585703,0.838677463,5.739117494,1.859556924,67.56984344,0.126835231,-5.629389294,-1.319539177,0.059727954,19.45148773,13.11391274,13.11391274,2.165212057,13.59735587,6.117629179,14.44462904,14.44462904,2.297181263,17.81993849,20.48148447,23.37582712,23.37582712,3.606168318,13.19187722,7.428199716,8.570236701,8.570236701,4.800242337,55.78623943
15,15,180,110,120,0,1,MMH,69,0.244814721,0.204043878,14.4126965,1.041185347,8.198922077,0.268571721,14.18919973,1.271605011,47.75593325,0.261123983,26.33847472,0.688371923,21.65368017,0.841610505,3.89043582,0.578514501,-24.41173832,-0.595144902,62.02578196,0.226097751,5.840248701,0.988691737,16.76604861,0.79421706,4.654848768,0.710392671,-1.307850416,-5.667386733,68.62665807,0.311405693,15.78482773,1.16758777,51.26489306,1.087047568,5.81156251,0.830794114,5.690303402,1.891291991,67.03836821,0.128024141,-5.487123834,-1.495559514,0.049952945,18.13066649,12.4702195,12.4702195,2.201998613,15.00628841,5.774205633,14.02388981,14.02388981,2.250673537,18.2239647,18.43017181,21.37073201,21.37073201,3.306770449,13.31588183,8.206320254,8.582529504,8.582529504,4.828211926,55.72737732
15,15,180,120,130,0,1,MMH,69,0.266828254,0.204137647,13.53250394,1.061707713,8.408732694,0.306083315,16.60795173,1.082153296,45.05509899,0.389134714,26.32781608,0.708273137,20.88840001,0.929644994,4.137258865,0.56963665,-26.47221996,-0.584120442,59.93966108,0.245768442,5.493381471,1.21820889,15.69180252,0.907511143,5.398356174,0.685059131,-2.28524256,-3.645255162,64.01205871,0.378842954,20.42525908,1.032853077,47.2337296,1.187479846,5.499302766,0.883512827,6.213247519,1.677539841,67.92290489,0.131332491,-4.841060728,-1.705093309,0.054469692,18.64728489,17.53250306,17.53250306,2.573772778,14.36756381,6.692086144,14.73127712,14.73127712,2.35673428,19.4187965,21.09629169,24.25051741,24.25051741,3.698193189,14.24048564,8.254460256,8.920484295,8.920484295,4.858704533,56.08910195
15,15,180,130,140,0,1,MMH,69,0.265574516,0.1670171,13.93014515,0.964591939,8.366327825,0.260472014,15.38002122,1.103293734,46.47195997,0.255966685,28.47688815,0.634657611,23.48910995,0.813883073,4.146275095,0.568573123,-25.11810824,-0.629875576,60.86057625,0.24404246,6.509588594,0.955375028,18.10134068,0.773725482,5.16994511,0.729839734,-1.056615652,-6.801371173,65.64932905,0.377172843,18.58500518,1.178921942,53.70239384,1.071882526,6.034071142,0.836250117,5.646453232,1.990111601,66.64712684,0.128535349,-5.599874418,-1.368151244,0.044355485,18.0730738,11.89527354,11.89527354,2.179194258,13.43690572,6.219098385,14.85256475,14.85256475,2.35746058,19.11738899,21.9102704,24.76114408,24.76114408,3.773231364,14.00546854,7.661475151,8.566511708,8.566511708,5.045992698,57.56265756
15,15,180,140,150,0,1,MMH,69,0.254281847,0.283186186,13.70580989,1.027203982,8.472774623,0.268262725,18.89345669,0.839246052,45.13645368,0.29520067,29.12191854,0.57714705,21.87628317,0.868322235,3.663687822,0.650681044,-23.46991762,-0.62009764,62.07532534,0.220443197,8.073961774,0.754957826,16.22338377,0.85449059,4.598086873,0.776294486,-0.74932909,-9.55693915,68.57323453,0.333977657,16.16607977,1.210172269,49.22228312,1.132214645,5.567012539,0.885383106,5.732058317,1.868079445,68.20007253,0.130625384,-5.62263149,-1.215682011,0.072009106,16.80762938,13.32431137,13.32431137,2.272929609,14.0786625,6.095500628,13.68408317,13.68408317,2.383892217,18.9956631,19.56374144,22.9019282,22.9019282,3.569469486,13.86272877,6.835331957,8.908660663,8.908660663,4.928938853,55.73018981
15,15,180,150,160,0,1,MMH,69,0.265813589,0.207014288,13.613917,1.06104605,8.555398859,0.27759592,16.86577585,1.116641785,44.1227208,0.286224727,27.24805553,0.755505942,22.62910198,0.869014962,3.79686939,0.612588982,-24.01694892,-0.604305399,60.92222092,0.219241551,9.912199736,0.536822592,18.26618804,0.820831899,4.800238363,0.709209891,-0.449159448,-17.58671926,68.06735171,0.317557686,16.60541607,1.145318563,51.5849177,1.12172372,5.886599711,0.862873322,6.398425068,1.735835414,67.21892488,0.137542394,-5.226413402,-1.513021951,0.055027211,20.58606786,12.62901372,12.62901372,2.374943817,14.44499286,5.321092755,13.3566822,13.3566822,2.325920354,19.6650282,19.01849127,21.6153107,21.6153107,3.404376526,14.99346982,7.907678202,9.24545185,9.24545185,5.079389848,57.86402578
15,15,180,160,170,0,1,MMH,69,0.259553191,0.170671088,14.4928379,1.018550924,8.252913897,0.25506436,13.92827078,1.352721138,47.76077668,0.264746966,26.47675617,0.622858242,22.53068625,0.819499216,3.794987558,0.594398033,-24.18290822,-0.603721936,60.14082497,0.221759501,11.01437449,0.463706919,17.48720867,0.778811975,4.678744887,0.754228594,-0.363894901,-20.70991723,68.34182521,0.330790899,15.88959349,1.26233749,52.65463225,1.090431924,5.984003597,0.83044734,6.381901482,1.755516473,66.50045389,0.132413953,-5.869106705,-1.348404727,0.044298226,16.4912658,12.64452072,12.64452072,2.105024201,14.76169343,5.107441659,13.33679934,13.33679934,2.25573314,18.46387972,20.05802956,22.6068538,22.6068538,3.528843178,13.61924752,7.913931224,8.805587976,8.805587976,4.96939987,57.41629195
15,15,180,170,180,1,1,MMH,69,0.271351296,0.158525421,13.23795558,1.054120015,7.735451157,0.274909933,11.93877503,1.371834132,51.65468859,0.261752549,24.79442977,0.659369541,20.42504062,0.826946761,3.441942048,0.621353434,-23.61734474,-0.556075196,60.52422451,0.197052052,11.97031523,0.420062767,15.18942414,0.788683181,4.337111674,0.726077977,-0.83524876,-8.594564602,70.26238977,0.282022115,14.89170839,1.180008855,51.16884392,1.093376789,5.692911535,0.836224056,5.392633324,1.937693005,67.16863793,0.128289808,-7.114661874,-1.021601371,0.043016078,16.34869178,13.52074641,13.52074641,2.126552359,13.95439393,5.028283737,11.92642264,11.92642264,2.138662511,16.89042118,17.57234777,19.81554777,19.81554777,3.14908127,11.97964335,7.268348325,8.617051664,8.617051664,4.760549574,55.94682626
16,1,180,10,20,0,0,SI,71,0.380884827,0.031114704,11.68380437,1.523884208,19.20446138,0.069667354,260.8410334,4.27294704,296.2894593,5.890553839,-117.5527375,-11.99632375,6.590488085,1.563263541,7.035436142,0.306421495,-45.96776272,-0.398054984,41.86330568,0.40577223,-5.447993145,-1.067949964,5.089971336,1.704107266,8.763983098,0.41979151,-6.806718022,-1.062231635,36.16337538,0.67980149,47.15956393,0.62886581,13.20001318,2.546561712,2.054971498,1.383710623,7.878144026,0.824530903,74.7547607,0.09554603,-7.986172124,-0.469349061,0.011851119,1410.200697,1745.309012,1745.309012,1.337924009,17.80476497,5.818184083,16.9869669,16.9869669,2.155808861,10.30266974,29.65703737,24.58391647,24.58391647,3.679045698,8.673857137,3.748302387,7.142520608,7.142520608,2.843485892,33.61464816
16,1,180,20,30,0,0,SI,71,0.381438891,0.017861811,10.48914818,1.60164649,19.31233631,0.064132683,209.5873768,4.583469373,317.6625545,5.186007801,-113.0988987,-12.6099622,5.88693096,1.667625853,7.113949188,0.319266744,-46.46529891,-0.407406637,41.40132354,0.42663706,-6.175286911,-0.832921845,4.827479058,1.686189934,8.702477322,0.448487237,-7.255891688,-1.012846453,36.38272213,0.717259392,46.47613116,0.666272361,12.51326968,2.583445837,2.023460465,1.337772145,9.220453515,0.725727397,73.48204103,0.083835591,-8.697275526,-0.329337385,0.006813189,1426.172837,1647.400486,1647.400486,1.238551943,16.79990737,5.143531367,17.66333896,17.66333896,2.271247394,9.817198264,30.96576164,26.09584915,26.09584915,3.902950009,8.140046594,2.864337978,6.160410338,6.160410338,2.706929047,32.32735446
16,1,180,30,40,0,0,SI,71,0.381301081,0.038387834,11.41311974,1.55850111,19.31276802,0.063362671,225.7795599,4.543179155,333.5146171,4.806998291,-126.4888676,-11.68733458,6.428502302,1.686252604,6.817912283,0.335026467,-44.99233822,-0.430332621,43.16003283,0.414947916,-4.536171533,-1.138359165,5.017123916,1.80122549,8.504891736,0.471855401,-6.255581551,-1.142682406,37.7958109,0.708541971,45.16097949,0.703764071,12.70075585,2.573480415,2.15474162,1.282634998,9.622505024,0.763335677,72.99533625,0.091881705,-8.725165777,-0.359993654,0.014637323,1478.317716,1603.204194,1603.204194,1.223708566,17.78735978,5.163792439,17.90916568,17.90916568,2.284181064,10.84007875,31.78267478,26.77991835,26.77991835,4.013079101,9.036971484,3.14100431,6.706935952,6.706935952,2.763747013,32.68514644
16,1,180,40,50,0,0,SI,71,0.398321603,0.046918274,12.13178842,1.588386848,19.32864983,0.06936007,193.8135459,5.519149923,306.9429991,6.057017034,-114.0197079,-14.22514771,6.589674433,1.729786789,7.182915441,0.296348361,-48.16159602,-0.375170304,40.06340645,0.414328793,-3.435037263,-1.671223085,4.980603394,1.765108434,9.113942006,0.420971661,-6.820506894,-1.123647243,33.67610847,0.762194419,49.71499417,0.597422009,12.44564819,2.643106172,2.242122872,1.230029286,10.50121704,0.677591111,73.15425348,0.090375581,-7.593335646,-0.451646872,0.018688562,1621.947187,1859.158974,1859.158974,1.340636505,19.26997317,5.740713572,16.59942284,16.59942284,2.128645218,11.39873178,29.70083169,25.66774193,25.66774193,3.836711305,8.791305057,3.429506293,6.611358161,6.611358161,2.757876795,32.89516955
16,1,180,50,60,0,0,SI,71,0.375028411,0.033487891,8.752300939,1.866676676,19.26550248,0.05988429,191.9217202,4.708661691,293.92644,5.208030288,-143.2283693,-9.893538345,5.566008231,1.77622821,7.26806066,0.307669184,-49.17452554,-0.381061908,39.2835148,0.44273523,-2.930017008,-1.806551346,4.335799898,1.766015721,9.3629318,0.405736461,-7.13704801,-0.900175344,31.89347075,0.796261575,51.93426141,0.571216113,11.69123889,2.712226544,2.197416407,1.186626558,10.67242352,0.685250116,73.17444524,0.089602361,-7.643201049,-0.367056796,0.012558911,1417.035364,1530.777802,1530.777802,1.153700938,16.33771602,5.29322617,17.39219596,17.39219596,2.236158293,9.886500837,29.66568693,25.39554525,25.39554525,3.798882813,7.657090783,2.805488888,6.556603058,6.556603058,2.607512668,31.70928845
16,1,180,60,70,0,0,SI,71,0.32935211,0.156732841,7.647242388,1.855713191,18.2488688,0.119853376,132.4115275,6.838039957,283.3312644,5.242457875,-64.32738322,-20.92959092,4.727441036,2.063519904,6.788429958,0.344220852,-40.61669171,-0.622453741,45.03574018,0.451359733,-4.561019648,-1.924381411,3.755335177,1.970846809,7.677515719,0.649490263,-6.069592526,-0.878879465,41.64449556,0.761422045,43.13713423,0.777189914,9.486839969,2.966927667,3.353197014,0.981145423,1.154690513,17.70719122,67.3549492,0.174615201,-10.30337251,-0.418836046,0.051620292,1346.345816,1485.352218,1485.352218,2.187188534,14.19108857,8.777141426,20.32731966,20.32731966,2.336719144,9.755168673,33.52574564,31.70903697,31.70903697,4.986471704,7.40119035,4.315423803,11.76119799,11.76119799,3.289973903,28.14676798
16,1,180,70,80,0,0,SI,71,0.327007996,0.098458398,5.774974014,1.864841044,19.14898549,0.054990991,142.419878,5.69269372,246.4938677,6.439479538,-79.76605763,-16.47702834,4.222217825,2.087267845,7.131958661,0.399933988,-50.14576119,-0.420146859,38.75628781,0.527585905,0.308082995,15.35535309,3.520427659,1.904654047,8.895706823,0.518425658,-5.237197056,-1.22285657,34.77720504,0.889120482,47.88683074,0.74494141,8.809517847,3.068510945,1.972175264,1.143650942,11.057782,0.644793015,73.0135138,0.081458985,-8.591254678,-0.299346852,0.032196683,1314.307592,1587.292217,1587.292217,1.053021689,10.76940857,4.730723169,20.44727118,20.44727118,2.85231267,8.812899501,35.67288321,30.92112531,30.92112531,4.611762663,6.705196788,2.571765043,5.947606725,5.947606725,2.255480098,27.03210193
16,1,180,80,90,0,0,SI,71,0.334871307,0.053099885,6.508870002,1.721958444,19.11043326,0.059576864,172.1395411,4.944605031,312.5606437,4.572092983,-148.452801,-10.0811774,5.265699448,1.868408232,7.845549847,0.331928415,-54.97386667,-0.36119397,33.91628297,0.553637764,0.446193396,9.126200515,4.02528928,1.73018419,9.866923186,0.407299753,-6.937593128,-0.796874101,28.22428229,0.950087608,56.00806132,0.543052406,11.19283844,2.693323759,2.039446084,1.23377971,10.83803206,0.601567508,72.86511379,0.072175341,-8.300877437,-0.273339559,0.017781628,1496.579022,1429.056326,1429.056326,1.138539683,11.20800366,4.0720504,18.77733507,18.77733507,2.604160926,9.838476196,30.41531246,26.81554085,26.81554085,4.018795377,6.964491872,2.268958178,5.259064435,5.259064435,2.516227198,30.1459377
16,1,180,90,100,0,0,SI,71,0.326525532,0.028756735,6.529683732,1.852447114,19.19174715,0.064630362,148.265008,5.393269491,269.8336495,4.875831506,-70.76743285,-21.81932756,4.583123749,2.002844907,8.134920573,0.321580128,-57.3847158,-0.330354396,30.91134387,0.593910581,4.001940323,1.105443154,3.620400624,1.822657597,10.11920762,0.3848588,-5.655807113,-1.00997914,26.59355908,0.977674957,58.24526387,0.511118224,9.256322193,2.969045515,1.984616444,1.160890548,11.73852373,0.546933179,72.42877013,0.068346526,-8.709866767,-0.266524527,0.009389808,1544.097798,1315.66341,1315.66341,1.240369566,12.09589378,4.423917533,18.3585742,18.3585742,2.616028799,9.179286059,29.77021583,25.99985673,25.99985673,3.894466102,6.598750702,2.32139312,4.950254821,4.950254821,2.303922471,27.48244189
16,1,180,100,110,0,0,SI,71,0.320561707,0.052423988,10.26304968,1.846979649,19.02338919,0.093038304,140.9854614,7.319230756,262.052815,6.800977682,-116.0666456,-15.88169821,4.917606642,1.915746141,7.104242603,0.450710282,-50.4951543,-0.443247117,37.72603274,0.587111775,4.266765306,1.048319543,4.101988042,1.698963883,8.700020847,0.538094106,-5.31653017,-1.091641981,36.04810108,0.867876999,46.29716351,0.796542512,10.03033992,2.818428744,1.974438638,1.191891621,10.35499985,0.645344811,73.34939286,0.074430372,-8.364037425,-0.310480934,0.016805123,1843.335438,1782.215346,1782.215346,1.769903867,18.9556439,4.472933456,22.14939805,22.14939805,3.201955187,9.420885947,36.87765892,31.28531778,31.28531778,4.68142994,6.969129532,2.596874152,5.459422597,5.459422597,2.353316869,28.26979834
16,1,180,110,120,0,0,SI,71,0.351180907,0.073693617,8.994258797,1.700513197,19.11023539,0.090613118,184.5031889,5.317727587,263.4195791,5.903222488,-113.940799,-14.77553621,5.421597254,1.795897985,7.480496907,0.374274702,-52.86380102,-0.383287037,35.16622411,0.553677026,5.044310021,0.862181467,4.074497566,1.682463071,9.66036696,0.417077945,-6.156918912,-0.908302865,29.73397921,0.904744716,54.16791569,0.581126122,11.28195044,2.689780761,2.121966988,1.177036777,10.6547154,0.639366027,73.0682549,0.081126068,-8.086810883,-0.349314566,0.025879791,1683.536401,1555.024383,1555.024383,1.731638014,15.29485578,4.349110614,19.47073038,19.47073038,2.799760751,9.736635584,31.47839078,26.90166058,26.90166058,4.029126,6.855191688,2.824840834,5.927740216,5.927740216,2.497633184,30.34597324
16,1,180,120,130,0,0,SI,71,0.317023011,0.239488476,7.03963784,2.141395458,18.14914522,0.115892889,151.8602117,5.931959475,297.2975914,5.43547265,-22.67450818,-60.01989412,4.51093465,2.002370794,5.659732503,0.64785401,-41.8556918,-0.564420121,45.33312514,0.502826301,7.358881149,0.601264189,3.808932136,1.874044462,7.749219851,0.596357177,-3.386733885,-2.026430449,41.73754599,0.719552551,43.72937015,0.724433267,9.589024245,2.956864949,3.34356719,0.919039278,0.368838028,52.75426543,68.89387956,0.133058146,-7.526165892,-0.353305642,0.075923358,1360.92158,1615.952927,1615.952927,2.103356872,15.0746485,4.424631706,22.79468763,22.79468763,3.666680398,9.032563797,31.67901048,30.03235769,30.03235769,4.621302874,7.138108176,2.659036872,9.166891885,9.166891885,3.072869576,28.35344969
16,1,180,130,140,0,0,SI,71,0.334811012,0.047440756,9.569318991,1.794359021,19.08778865,0.082557752,127.1602826,9.144171538,146.4763394,11.4329377,-129.1110348,-12.87951465,5.297378168,1.838133918,7.263171936,0.400104114,-51.06922379,-0.408188702,36.46148793,0.556837141,6.096413684,0.805098528,3.941298447,1.680033547,9.524087157,0.445143399,-5.807826251,-0.931054598,30.5270156,0.922856032,53.20542907,0.629184156,10.63753736,2.742047687,1.973631481,1.223985116,10.40797616,0.595420614,73.59324269,0.07650997,-7.975914337,-0.350601532,0.015883688,1662.887464,1674.654863,1674.654863,1.575844922,17.17079386,4.908213683,20.3031107,20.3031107,2.906024972,9.737290487,33.47601298,28.17204049,28.17204049,4.239584529,6.62151361,2.796367786,5.63061679,5.63061679,2.415695557,29.16863471
16,1,180,140,150,0,0,SI,71,0.326481695,0.021434166,6.585071719,1.888416314,19.17929016,0.080161226,129.711048,7.098291311,179.9397348,8.284553289,-115.8696377,-13.41653619,4.959474577,1.870773586,7.348374417,0.394901459,-52.03788795,-0.395354945,35.81231886,0.556387041,5.417496618,0.839097801,4.074638542,1.717013043,9.457031805,0.443011716,-5.889458476,-0.949240551,30.99276007,0.896275924,53.28275157,0.603971077,10.84912076,2.758228691,1.951652036,1.28614357,10.43795484,0.606095909,73.50558168,0.075588335,-8.047651104,-0.292534006,0.006997863,1554.569188,1490.720322,1490.720322,1.537435413,12.43535686,4.545809499,19.92551012,19.92551012,2.901883779,9.278054039,32.18124085,27.77806467,27.77806467,4.189575888,6.996207522,2.354211616,5.556164532,5.556164532,2.510104717,29.92435615
16,1,180,150,160,0,0,SI,71,0.318411801,0.075750959,7.089001253,1.788707314,19.02612793,0.11251936,111.8298415,7.86014847,163.1816934,10.08817743,-107.4050464,-18.03405308,4.273166547,1.903276495,6.147751942,0.432264001,-41.93157176,-0.496426512,46.26555411,0.432806207,-0.477983497,-13.39002749,3.738348762,1.679836013,8.109528895,0.549332758,-4.306527476,-1.35742682,39.97502038,0.735298661,42.56279936,0.844175593,9.594215342,2.739207663,1.936289724,1.140101193,10.20525139,0.658030201,73.78387777,0.07473909,-7.887274187,-0.340497677,0.024119999,1936.948308,1646.205876,1646.205876,2.140807738,12.68014839,6.400212165,20.02401899,20.02401899,2.657451852,8.133017448,35.93047639,29.39357896,29.39357896,4.454829874,6.27981288,2.685598539,5.514539881,5.514539881,2.207566224,26.28054819
16,1,180,160,170,0,0,SI,71,0.300146673,0.078337801,6.481143071,1.958971134,19.16216262,0.074480284,111.182586,8.498295775,170.4546182,9.546231549,-105.2193986,-15.67100161,3.846270112,1.95476016,7.022993292,0.36096273,-48.48062647,-0.408051182,40.22659168,0.466879001,-1.6262594,-3.063511286,3.543055062,1.736435626,9.41974579,0.446605163,-5.662767549,-0.907267593,31.21049959,0.889442397,52.97954356,0.622232539,9.172069499,2.903925495,1.818571266,1.214129487,10.76910105,0.550095415,73.55810672,0.066153822,-8.301908541,-0.258404164,0.02351283,1648.893365,1627.199254,1627.199254,1.427203314,12.69637219,4.982064026,18.78095094,18.78095094,2.535038831,7.51853558,32.9655959,27.75994157,27.75994157,4.206907104,6.152287035,2.145247736,4.866149899,4.866149899,2.207980998,26.63500646
16,1,180,170,180,0,0,SI,71,0.28349001,0.067885141,7.726968661,2.149579356,19.06318399,0.0800612,125.4211128,6.541102862,205.5591933,7.765037884,-125.7070827,-12.45635767,4.066735539,1.905911735,7.214654545,0.401697418,-51.04640575,-0.412810659,37.8014594,0.534778112,1.03680764,4.207729039,3.401721719,1.705211769,9.31360777,0.459897213,-6.037850302,-0.810011616,31.85818727,0.887062261,51.88747648,0.647627664,9.331545229,2.895412384,1.815046902,1.21210799,10.32664978,0.567789563,74.04126772,0.069909484,-8.003264721,-0.297124147,0.019244759,1565.852384,1596.174923,1596.174923,1.526221386,16.60973232,4.362605615,20.21539309,20.21539309,2.898108102,7.750838987,33.60376518,28.26019563,28.26019563,4.283302256,5.80065591,2.377963203,5.176186821,5.176186821,2.200032852,27.01867162
17,2,100,10,20,0,1,SI,70,0.136675254,0.151143089,15.55969529,1.155832278,6.912355327,0.537906103,25.96273088,0.642879825,45.04009365,0.51787617,4.797367152,5.245136905,6.888160061,2.011726784,3.21686678,0.428760554,-19.7312511,-0.394029763,61.76622862,0.109298946,17.22481852,0.169484275,5.149821927,1.852620236,6.270093871,0.44000958,-14.70476606,-0.897965631,53.57849945,0.299059613,22.53153303,0.936909172,12.75618242,2.804307174,2.359211064,1.23705188,7.328652663,0.903516283,76.53615101,0.087239003,-2.58301454,-2.325412253,0.02065752,25.1628475,23.3251912,23.3251912,3.718198116,17.98439805,2.919335879,6.750983687,6.750983687,1.379265583,13.85709609,21.10999996,16.02316531,16.02316531,2.758901371,9.540664314,6.006573661,6.676937508,6.676937508,2.918466482,35.77225387
17,2,100,20,30,0,1,SI,70,0.167767447,0.080118502,16.36081393,1.090740834,6.778755109,0.509356374,26.26871248,0.646147543,42.11987814,0.584420569,-2.676553513,-9.657415365,8.180597162,1.990858397,3.827301218,0.378587338,-22.58623505,-0.406560495,58.84376864,0.123232501,17.41907538,0.186818882,5.849081126,1.81233787,6.711371638,0.403073271,-14.35887772,-0.888041904,51.2418748,0.311588191,26.32724753,0.782841509,15.96448011,2.570865728,2.768925474,1.221557152,8.71585652,0.94818763,75.0144027,0.109070868,-1.960540074,-2.523584585,0.013441277,25.84858902,24.61572315,24.61572315,3.452802123,17.84540783,3.254212188,7.251464778,7.251464778,1.44896778,16.28641055,20.61006218,15.96636307,15.96636307,2.705174519,10.60051123,4.947588709,8.181886015,8.181886015,3.382400716,41.04253478
17,2,100,30,40,0,1,SI,70,0.157587847,0.104252094,17.53892023,0.968578768,5.869689768,0.428376737,22.66614033,0.596044932,51.42685481,0.354327375,-1.752080552,-12.64981875,8.908571146,1.921705938,3.169849226,0.410452245,-18.38734168,-0.420731064,62.60074742,0.092602212,16.76020807,0.167810359,6.372083333,1.788024836,6.506524328,0.363796352,-13.73429623,-0.843636417,52.66881005,0.265817471,25.7074406,0.76075525,19.08756696,2.487641308,2.66504148,1.418342394,3.559016758,2.000452001,76.04124471,0.117314082,-5.023056828,-1.146179951,0.016428863,22.16350142,18.22194247,18.22194247,2.51443855,16.98782575,2.812536533,5.796967684,5.796967684,1.301071731,17.11965407,19.5570704,14.00028989,14.00028989,2.367049815,11.39344326,5.757327029,8.920708817,8.920708817,3.779941313,47.48302004
17,2,100,40,50,0,1,SI,70,0.148082999,0.129021545,16.13722729,1.090469267,5.580455726,0.435350693,20.18591675,0.654095525,53.8021345,0.355749393,-3.979844545,-5.654989146,8.514438761,1.889382385,2.921208023,0.487838499,-16.40955098,-0.534287418,64.12576802,0.109830003,16.44714253,0.201565839,6.208005993,1.881265545,6.073449179,0.406033212,-11.84571378,-0.970464078,55.18516325,0.261419706,23.26850202,0.864910866,19.82284005,2.57122539,2.887883049,1.354164146,-1.966848976,-2.638355961,75.77395076,0.129640866,-7.353415937,-0.913464917,0.019105897,22.5059777,19.14007669,19.14007669,2.429455268,17.59715041,3.315182083,7.042933294,7.042933294,1.425077737,16.08703061,20.12518023,14.42648915,14.42648915,2.466022078,11.67890778,6.717087479,9.823400597,9.823400597,3.910667683,50.96898964
17,2,100,50,60,0,1,SI,70,0.127274777,0.19320344,16.83841291,1.025859578,5.654078899,0.497371644,19.65016706,0.65346986,52.85197346,0.380184234,-3.461615451,-6.810548309,7.129874103,2.023367898,2.797819133,0.494273816,-14.64468595,-0.550564665,64.35418288,0.11253582,17.91843987,0.252643326,5.533995171,1.903279039,6.230770468,0.385740721,-12.33545747,-0.971258118,54.08268489,0.256517898,23.63433543,0.867108311,17.49841459,2.879014502,2.738878184,1.372232947,-0.780740469,-6.92290612,75.7564401,0.118069295,-8.67007465,-0.633735541,0.024589925,23.57549926,20.09348705,20.09348705,2.812178517,17.27384716,4.526974245,7.242150741,7.242150741,1.382888739,14.42635838,20.49352868,13.87317665,13.87317665,2.403461893,10.53273701,5.494534449,8.944509474,8.944509474,3.758378882,50.37818937
17,2,100,60,70,0,1,SI,70,0.12764183,0.183504273,15.01073564,1.101332327,7.224400405,0.482358655,27.82489459,0.735816556,42.28077433,0.635065741,2.002206352,12.53560135,7.377960365,1.964278721,3.348933035,0.588161628,-17.04692969,-0.646098246,61.39678392,0.188611099,18.95016305,0.325312729,5.977920777,1.758949293,6.897739608,0.45013517,-14.35639458,-1.037103585,49.8328969,0.375611,26.9518771,0.779829309,17.652773,2.79574113,2.96921381,1.223977404,0.118950526,53.47750627,74.08616905,0.114017407,-9.508752822,-0.719716237,0.023422821,25.09886065,26.85107128,26.85107128,3.484752063,16.53180841,6.164729257,11.58011489,11.58011489,1.969713906,14.49237055,21.0178637,18.71778424,18.71778424,3.104915191,10.51485952,6.8436038,8.44711289,8.44711289,3.634250611,49.35258353
17,2,100,70,80,0,1,SI,70,0.184825427,0.172586889,18.45967058,1.013002256,6.894266295,0.447711752,23.61626278,0.576329962,44.49663364,0.495758886,-0.293759975,-95.52604443,10.40124761,1.846048558,3.222445389,0.467365514,-16.8775798,-0.584054292,63.0614894,0.116252593,16.30203551,0.255252197,7.628001395,1.718945314,7.177560062,0.400161137,-15.46279419,-0.945483895,48.64672038,0.355189746,27.95561666,0.722312053,23.95161857,2.486853669,3.480694807,1.289221336,-0.650727357,-11.37576995,73.21046708,0.140259103,-7.924877025,-0.903467544,0.031898445,28.06172842,22.05960152,22.05960152,3.086644042,18.69968794,4.161130379,7.331061661,7.331061661,1.506059846,19.20120815,20.19267886,17.27881626,17.27881626,2.872180595,13.11211725,7.159869182,10.26843444,10.26843444,4.487386009,59.56417052
17,2,100,80,90,0,1,SI,70,0.20978862,0.088481065,20.26326221,0.969958967,7.135690171,0.47404063,21.06696045,0.676350092,44.43325386,0.548913829,1.486627197,19.43928935,10.44930011,1.79799908,3.359200891,0.445642012,-17.75509142,-0.549889683,62.47978122,0.126945423,16.15073003,0.297888988,7.853873086,1.689393788,6.896007507,0.367213312,-14.22042726,-0.956932601,50.42702232,0.301704368,25.98974642,0.802765197,23.17494586,2.530167915,3.381996136,1.328042561,-0.015904264,-450.5329231,73.23003932,0.144677004,-7.898082366,-0.980674525,0.018562321,28.89897624,24.39002751,24.39002751,3.382607064,19.65453288,4.811124624,7.931522256,7.931522256,1.497001044,18.78783198,20.8636639,15.2140529,15.2140529,2.532305756,13.2682844,7.745448173,10.59470269,10.59470269,4.49143481,58.63650445
17,2,100,90,100,1,1,SI,70,0.185717365,0.203070235,18.66987665,1.07641369,7.513665395,0.455432097,25.24702244,0.633631621,41.99580799,0.598889168,5.051897849,5.311728726,9.787764154,1.784337479,3.101202864,0.497689779,-16.95935022,-0.623188446,64.44156551,0.132035153,14.04035214,0.337075816,7.56112684,1.65380651,7.044840635,0.411255531,-15.98682569,-0.977210164,49.21133959,0.353769089,25.08913987,0.858666037,22.57544799,2.49680178,3.150159595,1.38065501,2.182372977,2.979174215,74.12052877,0.140428291,-7.56206859,-0.961546261,0.037713669,26.83431093,25.15083451,25.15083451,3.421964387,20.09651082,4.732663155,8.508551962,8.508551962,1.543436968,17.46467442,21.5431923,17.40945078,17.40945078,2.897229676,12.50464079,7.271278778,10.40861918,10.40861918,4.349283627,56.36641873
18,4,180,10,20,0,0,SI,57,0.199071493,0.09095388,13.18218694,1.296925931,6.259148331,0.519331667,12.90049853,1.329454592,58.63896539,0.468844189,1.783977241,11.02386653,7.718583025,1.727877139,3.599737805,0.358915691,-15.05022918,-0.486636352,63.68838416,0.10263165,19.16161496,0.267428163,4.96685888,1.760478756,5.966594996,0.346646565,1.57299078,8.911817554,58.51966676,0.202953904,24.96339249,0.63571074,13.39528431,2.76250771,2.407933631,1.194393664,6.234521088,1.360163272,76.64332482,0.102485805,-0.913513912,-4.447452485,0.018106325,19.666327,27.49253817,27.49253817,3.250573937,17.09632007,5.124355489,6.536443952,6.536443952,1.292002382,13.33676315,15.86949671,11.87679483,11.87679483,2.06829966,8.744049542,4.062809718,7.854852842,7.854852842,2.876020672,37.00457618
18,4,180,20,30,0,0,SI,57,0.177428946,0.04449107,14.24936488,1.15751909,6.263384022,0.494527032,12.18024398,1.367100425,60.8079719,0.419344392,5.694142467,3.038953058,6.060229131,1.810067391,4.132347737,0.315077045,-14.4896958,-0.535896786,60.47619064,0.117340247,23.57852985,0.20208424,4.457514557,1.747682815,5.960449683,0.360274068,-1.202174147,-11.04503495,58.71558067,0.21313058,25.5328745,0.618775741,12.81673019,2.818855072,2.385069493,1.133814877,6.125855421,1.197668213,77.26783575,0.101382402,-0.133322294,-36.49336543,0.007894004,17.30423166,25.49948201,25.49948201,3.097412711,16.49391187,4.764849285,7.096291147,7.096291147,1.302007914,10.96942313,15.79912334,12.51408576,12.51408576,2.147395454,7.790321589,4.865379195,7.833598786,7.833598786,2.704227274,36.1285049
18,4,180,30,40,0,0,SI,57,0.142643691,0.137249982,12.43477278,1.232093636,5.547974982,0.567127568,14.6367011,0.984259096,61.3859456,0.411732262,0.128175608,159.5229608,4.941925269,2.072208104,3.523987712,0.374305659,-10.8959694,-0.746103471,64.18154625,0.114778971,21.45881098,0.21246687,3.907526452,1.731190802,5.410105512,0.431442385,-0.277759536,-52.68130032,61.47855983,0.2182827,21.69431876,0.740508668,11.75228992,2.859379436,2.426656545,1.025914058,6.099628391,1.410862432,76.546049,0.094178248,-0.371380633,-11.60266563,0.019577844,20.44695249,25.27457424,25.27457424,3.146409559,15.32080441,4.559286403,7.366691836,7.366691836,1.319048543,10.24069759,16.06483109,13.41970603,13.41970603,2.334148825,6.764673852,4.309005306,7.208972786,7.208972786,2.489541063,33.60425612
18,4,180,40,50,0,0,SI,57,0.147481488,0.061764862,11.69930423,1.153865726,6.209847368,0.559263021,13.88810971,1.00358871,60.26530255,0.465728032,6.006454202,3.330226146,5.049680212,2.016699581,3.397784877,0.360948398,-11.44813159,-0.586959491,64.7379616,0.09700997,20.83517367,0.230656171,4.158246391,1.759165891,5.452995525,0.386853448,-3.02673319,-5.436099743,61.34208709,0.193284484,19.92827132,0.761123852,11.06938679,2.889258549,2.345373148,1.056537575,5.994191254,1.92237455,75.75561404,0.127331751,-1.845769519,-2.398283418,0.009109174,20.00285083,28.06724075,28.06724075,3.472937999,13.49942617,4.805761381,6.280227713,6.280227713,1.226425008,10.18368797,15.16788263,11.85647365,11.85647365,2.109510121,7.315045217,4.426678431,9.646094984,9.646094984,2.477974858,31.98232042
18,4,180,50,60,0,0,SI,57,0.132408651,0.159141185,10.91018695,1.233485599,5.575647439,0.557395099,15.88173035,0.854718897,62.6642994,0.374444678,5.401680809,3.078185084,5.532484587,2.029071039,3.699471411,0.344390123,-12.81947986,-0.509566401,62.82256316,0.100931882,22.24791558,0.187063964,4.304961455,1.685824538,5.07820867,0.402089058,-0.02757993,-654.5344915,63.06260915,0.180121755,16.48488817,0.868582291,15.4695814,2.535211872,2.725281059,1.049296109,6.274589009,1.462211484,74.86213741,0.142102449,0.1308936,53.82808316,0.02107167,16.62737329,23.46431341,23.46431341,3.107838556,13.45755849,4.161783279,6.340799532,6.340799532,1.274061414,11.22580425,14.31848193,11.35894783,11.35894783,2.04189214,7.257409656,7.045751586,10.63809306,10.63809306,2.859626811,39.21866642
18,4,180,60,70,0,0,SI,57,0.132443563,0.397868168,13.17456349,1.519176479,8.753132372,0.525993367,32.18452399,0.67908074,35.35205756,1.067823089,5.101787674,4.04681613,8.832132632,1.867882375,3.337659909,0.527101908,-2.261713429,-5.213436237,68.52662907,0.140387072,16.04072773,0.535831777,6.516948641,1.971480382,3.653447941,0.597689743,0.452040276,26.17426252,71.4481254,0.162841291,11.08161228,1.187483337,14.59606561,2.658023305,2.437345409,1.215036992,7.194612275,1.030045068,75.5747356,0.105477443,-1.53751277,-2.763861737,0.052695078,20.64599665,37.74974331,37.74974331,4.604089568,20.01448698,8.595131644,9.620252809,9.620252809,1.759286906,16.49738488,13.15922993,11.63470498,11.63470498,2.183628361,12.8480364,4.249472715,7.971429866,7.971429866,2.961464834,38.79668255
18,4,180,70,80,0,0,SI,57,0.10525667,0.142068778,11.01896962,1.218126018,5.006382892,0.593309404,16.0288125,0.800962597,64.75659504,0.384182922,1.284837476,10.22607476,6.151746174,1.972192615,1.797295487,0.812205464,-3.511488987,-1.484403601,75.84709167,0.088181869,11.49307152,0.495909114,4.337553947,1.732751939,5.004680533,0.34762129,-0.542781789,-32.73014681,63.60633504,0.150900181,15.89711647,0.807993304,10.63108668,3.00075128,2.133034079,1.153061241,7.062606667,0.985661206,77.25790635,0.085605669,-0.699283602,-5.588622952,0.014953686,13.13884408,24.8783779,24.8783779,2.97033405,13.42249359,5.699518915,6.688338302,6.688338302,1.459773215,12.13242837,12.84476366,9.59820747,9.59820747,1.739733503,7.515905012,3.908032388,6.613714759,6.613714759,2.459518922,31.90124696
18,4,180,80,90,0,0,SI,57,0.115172939,0.160151687,10.39291572,1.304711875,5.537355842,0.552892314,18.767889,0.852352681,62.49308367,0.380026894,6.3282309,1.926021662,5.226420046,2.095852566,2.120277237,0.582143768,-5.494155234,-1.00442911,72.82714797,0.067341229,14.40117792,0.278456884,4.012474604,1.699882787,4.580067402,0.36850236,2.986747982,6.203363247,65.24342311,0.14028764,11.37515551,1.187588979,10.76690104,2.938901439,2.079130478,1.160279199,7.322690981,0.96530638,77.06640199,0.088250426,-1.32115445,-2.896832097,0.01844514,12.1883098,23.74905248,23.74905248,3.061561485,13.55976056,4.01010713,4.904269649,4.904269649,1.23430618,10.95380586,13.50900932,9.152845854,9.152845854,1.687765647,6.820736513,3.827162616,6.801142806,6.801142806,2.412371846,31.64286096
18,4,180,90,100,0,0,SI,57,0.095584705,0.225815372,10.11493467,1.343846713,5.481944832,0.542830783,17.22972484,0.901208646,63.04536682,0.407613734,4.240240163,2.599526789,5.890482886,1.88080907,1.834656147,0.751056887,-3.105273401,-1.822624691,76.73771484,0.094812029,10.14338177,0.656474596,4.059275268,1.553739049,4.272047128,0.376456842,1.929178606,9.528786106,66.68030309,0.125525757,7.954914519,1.682529936,10.38509646,2.993067476,2.7514201,1.247418901,4.375087909,3.877427125,72.83416861,0.2365861,-1.927906898,-2.389790809,0.021584496,11.0226179,25.69815738,25.69815738,2.975768406,13.59292171,6.65887245,7.275658445,7.275658445,1.377931134,11.07887364,13.38438182,8.370095522,8.370095522,1.608241371,6.307054495,4.607294185,17.2315519,17.2315519,3.432173437,31.08329445
18,4,180,100,110,0,0,SI,57,0.09940659,0.255658869,14.10562382,1.177344751,5.519153156,0.648195865,19.11676403,1.052217927,58.98494382,0.4904847,0.54325195,20.81226639,6.26776127,1.819473195,1.768241285,0.906060514,-4.104465311,-1.612895375,77.37701682,0.109607904,8.569461012,0.874988278,4.085240251,1.612176215,4.383691762,0.372657808,-4.037916165,-4.064684638,66.78059243,0.123378289,9.292655494,1.538570007,11.26303407,2.995721844,2.142525193,1.157764869,7.840131792,0.872897712,76.34947319,0.080457369,-2.031999576,-1.903962839,0.025414176,11.3063043,28.93121247,28.93121247,3.577492254,16.60718216,7.498177934,8.481132631,8.481132631,1.602133608,11.40402362,14.29740103,8.239275232,8.239275232,1.633616963,6.586127165,3.868851682,6.142877737,6.142877737,2.480540399,33.74091719
18,4,180,110,120,0,0,SI,57,0.087082563,0.213548479,11.39532387,1.209314586,5.639250698,0.619914399,20.03178567,0.959730909,60.386301,0.487143827,3.091174898,2.881793568,6.339097754,1.824729506,1.585748017,1.033982603,-5.717236624,-0.944631639,76.87597057,0.09698915,8.394375989,0.850742312,4.328227305,1.604127037,4.500624636,0.351808809,-0.463572019,-36.49582843,65.99839714,0.12491909,10.92905227,1.297309849,18.49957117,2.338808144,3.118181371,1.129622556,4.4032573,2.376320102,73.57727292,0.125005194,-0.821845232,-6.828184482,0.018596349,8.908127939,29.41681377,29.41681377,3.495852707,13.78053137,7.141450837,7.456135041,7.456135041,1.639635862,11.56713871,14.17836715,8.244459712,8.244459712,1.583359393,6.943026442,5.61171086,9.197541275,9.197541275,3.52236801,43.26694771
18,4,180,120,130,0,0,SI,57,0.088794326,0.537618776,18.73153329,1.679653413,9.146317365,0.594394031,33.06262858,0.72984888,34.70635548,1.071909996,8.295496885,2.209082583,9.914677969,2.007407571,3.328494875,0.730073079,2.859815941,5.311622607,70.20705095,0.15824412,9.274933933,0.891017439,6.858264487,2.240597953,3.963440248,0.579945324,-3.310279583,-3.210964443,69.69604448,0.181758672,10.35635396,1.613011705,14.83761283,2.470286693,3.414353281,1.100011153,4.381812736,3.359062909,71.26211431,0.2517516,0.823203539,7.687928789,0.047737497,18.32543769,37.20208936,37.20208936,5.436516447,31.46248382,8.26412788,11.109853,11.109853,2.430044502,19.90279962,16.70492016,12.66786049,12.66786049,2.298578639,15.36661337,6.328730187,17.9403513,17.9403513,3.755826689,36.65315753
18,4,180,130,140,0,0,SI,57,0.133032375,0.86255088,17.45186024,1.570902348,7.011900741,0.666059126,24.13408395,0.847041323,49.53535656,0.693827669,4.020013272,3.72492166,11.28216151,2.222048344,2.225041361,1.045482688,-4.046780999,-1.647100011,73.6922504,0.135459731,11.18160423,0.501305608,8.468641443,2.403638298,4.509707731,0.514817679,-1.362556417,-11.59212781,66.56442319,0.177424159,11.35997906,1.216055201,10.59943263,3.030842149,2.794361645,1.158493185,3.341463425,4.992866565,72.99007204,0.187481113,-2.947543503,-2.132718126,0.114747192,14.97423451,34.36900098,34.36900098,4.670340479,27.41516823,5.605400907,9.982332416,9.982332416,2.326242223,25.0695083,13.81436162,11.8101368,11.8101368,2.321677267,20.3555509,6.286279456,13.68425994,13.68425994,3.237248922,32.12520717
18,4,180,140,150,0,0,SI,57,0.089808885,0.486293764,13.27777202,1.230860559,5.78192181,0.610636279,21.78205783,1.014464061,58.54610814,0.480287007,3.405955559,3.761130211,5.87789173,1.908173171,2.204586888,0.690922411,-7.482781782,-0.936207088,72.04143411,0.088111843,13.53251941,0.467304983,4.156881942,1.737995208,4.694194212,0.362427629,-5.541616916,-2.906066596,65.65993026,0.1432271,13.42186286,0.98812926,10.93345511,2.96291047,2.175905405,1.131195621,7.315757905,0.991999438,76.56266571,0.084967289,-1.378352553,-2.961038167,0.043673501,12.81024235,28.11893505,28.11893505,3.53065122,16.34308589,6.323813753,6.347703532,6.347703532,1.523198488,11.2160353,13.26253542,9.404281397,9.404281397,1.701305678,7.224640895,4.081354517,6.505322144,6.505322144,2.461374666,32.39484862
18,4,180,150,160,0,0,SI,57,0.116721062,0.267524745,14.68071862,1.146780692,5.472499808,0.632877015,11.39945571,0.903633835,60.87800803,0.487906079,-4.433822917,-4.874706403,6.428861144,1.713350588,2.924372122,0.418218933,-14.03876947,-0.404559893,67.22473144,0.078284707,15.92420667,0.313159615,4.712231264,1.592457081,4.790087029,0.375044007,-4.119643439,-4.121024206,65.05101666,0.150803561,13.97163398,0.951330898,10.99585378,2.992832721,2.148551038,1.162169713,7.482873095,0.939925062,76.61808338,0.084475345,-1.30238856,-2.877619121,0.031225772,21.61358496,29.7027502,29.7027502,3.463419343,16.83556466,4.98681843,5.262668404,5.262668404,1.223027789,11.01489302,13.2916471,9.809924959,9.809924959,1.796493433,7.504026044,3.747778223,6.472339027,6.472339027,2.496980943,32.90875099
18,4,180,160,170,0,0,SI,57,0.106686884,0.227648903,13.47261993,1.217808391,5.788702779,0.659600255,13.02568601,0.807985026,57.73702406,0.562891663,-4.601486512,-5.093423151,6.267289569,1.80552161,3.578557169,0.305490628,-14.60961084,-0.396974298,63.41271898,0.072183344,20.32650012,0.196511834,4.771535084,1.573180887,4.838798439,0.354617878,-2.646638365,-6.716139306,64.66906866,0.147320192,13.88012074,0.955454937,10.43810508,3.091108624,2.102656095,1.14039737,8.397145834,0.741163969,76.57045327,0.078817134,-1.590752858,-2.293223862,0.024287152,23.43731793,32.49968949,32.49968949,3.818229829,16.4070696,3.994397817,4.577342108,4.577342108,1.093215677,11.31572675,13.26182989,9.527059611,9.527059611,1.715924435,7.506487796,3.647952413,6.035063676,6.035063676,2.397863481,32.26531663
18,4,180,170,180,0,0,SI,57,0.104710589,0.142957186,12.02922815,1.307853135,6.045243434,0.639268118,13.61483789,0.758891744,56.25198365,0.602869576,-3.79376841,-6.328969744,6.269883412,1.740344991,3.861174376,0.27700005,-14.76929068,-0.359518114,61.74862587,0.076927458,22.44889958,0.15691119,5.044293383,1.501371523,4.836828885,0.382864382,0.950404053,18.83727896,64.38720205,0.160099403,14.64885521,0.907205438,10.46882315,3.05764845,2.031222028,1.248950016,7.197989355,0.947546166,77.10314543,0.085606016,-1.550404809,-2.818582104,0.014969131,24.01064548,33.91260953,33.91260953,3.864531393,15.73246375,3.522483547,4.750164823,4.750164823,1.069545495,10.91176019,13.28952111,10.30835261,10.30835261,1.851849502,7.573358439,4.369943249,6.600493101,6.600493101,2.536894784,32.00998088
19,6,180,10,20,0,0,SI,61,0.219443005,0.04264893,17.83306808,1.043291825,11.12204743,0.250945797,30.57614471,0.555239876,38.26096352,0.624323467,16.02123168,1.355935124,7.110149213,1.333961836,4.480309581,0.372125881,-22.35397773,-0.578352121,60.18747517,0.171909243,15.35443882,0.259820981,5.418012867,1.343443861,8.368631065,0.540523676,-3.964934771,-1.670177683,39.97662064,0.723163269,45.02511919,0.723069774,16.36839162,2.063102908,3.469330729,0.651462342,-1.01104032,-6.138227737,75.41502614,0.096719581,-7.391089316,-0.77129954,0.009359009,21.72375076,23.8872174,23.8872174,2.791031057,18.60509414,3.989405357,10.34678329,10.34678329,1.66723915,9.484667698,32.55630276,28.90962367,28.90962367,4.523443226,7.278796125,5.70074379,7.294109729,7.294109729,2.260138322,33.76967635
19,6,180,20,30,0,0,SI,61,0.202989928,0.056384344,16.30115408,1.049931295,10.99093513,0.251991784,34.00129093,0.567388243,37.00865735,0.611240781,15.86363533,1.380880745,7.307288873,1.271491729,4.294498212,0.480947794,-21.43423921,-0.679598385,61.29235873,0.20680905,14.51404695,0.314561299,5.44188569,1.281679114,7.156147572,0.630134841,-5.261268152,-1.221111879,47.63766536,0.594324584,36.32245745,0.889990553,16.10023834,1.946801958,3.42325568,0.613388677,-2.819496511,-2.049805423,75.42223793,0.091262725,-7.576006773,-0.668477402,0.011445454,21.90578857,22.62120062,22.62120062,2.769625351,17.11509181,4.565557462,12.67581448,12.67581448,2.065429441,9.291157363,32.32664399,28.31223565,28.31223565,4.509337912,6.97475123,5.064389325,6.883238959,6.883238959,2.099786273,31.34397552
19,6,180,30,40,0,0,SI,61,0.231786743,0.18368986,15.57672528,1.038199202,10.37481503,0.2661098,31.65126787,0.454430884,40.24533156,0.586039785,10.91702542,2.140299933,7.117193906,1.255572399,4.437633654,0.454072501,-22.21772668,-0.669644427,60.47898687,0.207419095,14.62254513,0.280504173,5.53056629,1.339286096,7.437159383,0.577592846,-3.211045338,-1.841320181,46.10726575,0.584519448,37.56478903,0.866709008,16.47448556,1.920104671,3.468511014,0.609058416,-3.552437672,-1.496165287,75.04905995,0.08663841,-7.914344877,-0.646518941,0.042576874,23.36570877,23.58536545,23.58536545,2.760839953,16.17174376,4.101684929,12.54449672,12.54449672,2.015007412,8.936152227,32.55774104,26.95059352,26.95059352,4.295650054,7.407010535,5.116773869,6.502131226,6.502131226,2.112525824,31.63273668
19,6,180,40,50,0,0,SI,61,0.198178091,0.044220411,15.67740857,0.952912326,10.51642819,0.280584862,36.38973028,0.493744321,34.43775202,0.680449229,11.90319089,1.965838839,6.497233074,1.263552798,4.536552621,0.480138274,-22.02150665,-0.692277126,59.74042292,0.226750827,16.00868769,0.315867413,5.760177793,1.387907569,7.326754339,0.560380586,-0.082853887,-58.13154792,47.02788647,0.543674567,34.65436763,0.998655273,14.73438392,1.924307247,3.298660946,0.605338699,-3.900902053,-1.342316209,75.76955389,0.088567147,-7.509596545,-0.697544452,0.008763517,23.39975496,23.43314181,23.43314181,2.950750552,14.93919587,5.056622766,13.5461903,13.5461903,2.178172545,8.20959703,34.60776697,25.56786581,25.56786581,4.10577089,7.994594358,5.238277407,6.710693218,6.710693218,1.996807125,28.35348176
19,6,180,50,60,0,0,SI,61,0.191691718,0.053579952,14.05196354,1.000687425,10.17696607,0.27590262,31.59438828,0.453889798,40.18489428,0.579377618,9.385224264,2.664524262,7.145476168,1.276063717,4.719013266,0.506497494,-24.22358702,-0.648894625,58.64597301,0.250942611,14.68930464,0.421365225,5.878770896,1.339377046,7.329699471,0.550623659,0.904548456,5.914977242,46.98359742,0.534365617,33.04029501,1.067828107,15.15582248,1.926167853,3.170738966,0.602894447,-3.804023833,-1.525256186,76.03377594,0.085842737,-6.743686744,-0.744438898,0.010270833,25.00715776,23.28222833,23.28222833,2.807851602,14.06162321,6.189562155,14.71677359,14.71677359,2.390168393,9.118082879,35.28135568,25.10641902,25.10641902,4.035905942,7.873890797,5.020262728,6.526947431,6.526947431,1.911620915,29.19265805
19,6,180,60,70,0,0,SI,61,0.181354576,0.145160082,14.92277055,1.032534008,10.31457184,0.284681349,36.13564858,0.447722203,34.81535161,0.710450361,9.999078968,2.391726882,7.065430288,1.314603122,4.464459876,0.574348654,-22.8176453,-0.695968151,60.1800819,0.262491632,14.28585155,0.472842389,5.804527838,1.388850839,6.75172652,0.591703895,2.017911563,2.421975572,50.63256646,0.48494162,29.88425202,1.135559954,15.88296867,1.897776578,3.338030328,0.562561344,-3.701381617,-1.622175769,74.74054321,0.101957658,-5.435883628,-1.744419787,0.026325445,23.91506596,24.73457912,24.73457912,2.936366226,15.40826809,6.754956176,15.79676791,15.79676791,2.564156521,9.288236715,33.93535985,24.5538388,24.5538388,3.99502288,8.061623358,9.482462961,7.620370743,7.620370743,1.877846828,30.14232593
19,6,180,70,80,0,0,SI,61,0.211403199,0.109791282,16.00496586,1.003354694,10.55347517,0.270199699,32.77731727,0.496358098,40.62317906,0.523848767,13.59818926,1.61880749,6.998318009,1.253444706,4.827525224,0.534221911,-25.05294639,-0.620907358,57.86790825,0.274692328,15.3078907,0.446249248,5.824076841,1.317054354,7.253565251,0.532834529,3.103101491,1.604266324,47.67973369,0.501855158,31.50368598,1.111058912,14.00910639,1.90885131,3.234537675,0.562856061,-4.661659853,-1.24049124,75.64820676,0.085663647,-6.992761815,-0.770004752,0.023210228,22.01285062,21.28040226,21.28040226,2.851545814,16.05865762,6.831134713,15.89587043,15.89587043,2.578969751,8.772004659,35.00245107,23.92832028,23.92832028,3.864950024,7.670625761,5.384459827,6.48030128,6.48030128,1.820579135,26.74130108
19,6,180,80,90,0,0,SI,61,0.198178944,0.044183059,14.59031585,0.97228271,10.19851681,0.306322661,33.91511963,0.446864758,34.91784368,0.696322778,8.569685209,3.126425877,7.14857089,1.232243383,4.651688646,0.582193866,-23.96276213,-0.666049139,58.91064693,0.281530506,14.90853869,0.495616939,6.061138706,1.312759175,6.889374509,0.540678753,2.974122528,1.737989426,50.01208805,0.455442146,27.68670411,1.262594637,14.8791053,1.851541898,3.336805666,0.559466535,-4.385197203,-1.302813934,75.21082471,0.084148062,-7.355044935,-0.745006074,0.008756152,26.7924856,24.31408991,24.31408991,3.124036807,14.18591183,7.388924311,16.58514424,16.58514424,2.708184596,8.808779177,34.95708413,22.77761271,22.77761271,3.724938418,7.956815447,5.479553151,6.328845141,6.328845141,1.866831104,27.54928687
19,6,180,90,100,0,0,SI,61,0.194484811,0.041879108,15.49177025,1.074438651,10.20991932,0.273753277,32.14123455,0.406598082,38.20304644,0.643738063,8.526207451,2.992261073,6.740999567,1.255410532,4.679778483,0.550348777,-24.54508254,-0.641206882,58.77881721,0.269381947,14.5954037,0.450812532,5.81239053,1.353347055,6.933640595,0.529900098,2.914060395,1.954700221,49.78040107,0.452681307,28.59815548,1.202826227,15.07992662,1.85582668,3.301409524,0.579530979,-4.194355787,-1.469441738,75.34949346,0.086160797,-6.728865229,-0.869357413,0.00814485,25.51263866,24.59275512,24.59275512,2.794998872,16.64495673,6.579790898,15.83395222,15.83395222,2.575510365,8.462721853,34.39861146,22.53465702,22.53465702,3.674136831,7.866181606,5.849788868,6.49217241,6.49217241,1.913269094,27.98573015
19,6,180,100,110,0,0,SI,61,0.204066828,0.080082542,15.77546725,0.984838,10.02043343,0.295450786,30.61803648,0.316178331,36.54472857,0.695270421,5.329178717,5.522522985,7.367038959,1.198445907,4.362983143,0.578489187,-22.68032621,-0.684940102,60.71065347,0.254283879,13.91694158,0.459117554,5.999191019,1.277634923,6.678420169,0.551785834,2.044944738,2.201727458,51.34643582,0.44026488,26.21424596,1.324412586,15.08894198,1.834788282,3.252400019,0.580493759,-4.43814959,-1.378990423,75.55214708,0.086497162,-6.596428501,-0.812396459,0.01634219,29.43051196,25.40846882,25.40846882,2.960544933,15.53627962,6.389512177,15.43774046,15.43774046,2.523938571,8.828997687,34.71847728,22.6060324,22.6060324,3.685057643,7.664775956,5.358915156,6.535046305,6.535046305,1.887997913,27.68501393
19,6,180,110,120,0,0,SI,61,0.215436936,0.131461407,16.42981644,1.022423799,9.947372968,0.29609492,31.20972149,0.382323599,37.44202691,0.67522761,5.442172692,5.076079881,7.189466485,1.232217505,4.622351317,0.577235492,-23.81327837,-0.655025311,59.06114134,0.276184806,14.93617516,0.508611578,5.953319739,1.293628037,6.764572252,0.51791746,2.804567855,1.984426624,50.91148027,0.420397312,26.07469576,1.316539473,12.57266871,1.995376822,3.236946101,0.586631828,-5.418483791,-1.511475572,74.86345379,0.124979877,-3.685263495,-2.721861074,0.028321643,27.62490331,25.28189034,25.28189034,2.945366603,16.79823534,7.596711617,16.31178986,16.31178986,2.668185237,8.858986454,34.32836621,21.40304946,21.40304946,3.503490079,7.701381328,10.03077525,9.356425246,9.356425246,1.898895608,25.08721173
19,6,180,120,130,0,0,SI,61,0.207980649,0.09511575,14.91935883,1.062133473,10.54373602,0.275514892,32.2622306,0.447678361,32.65968772,0.931398854,7.573261108,3.576049131,6.625232048,1.287150792,4.234674028,0.654952243,-22.15651287,-0.722705198,61.15828282,0.271137075,13.95416345,0.50555037,5.462257003,1.337716241,6.147021602,0.605354868,3.073761695,1.681155725,54.50300728,0.415391322,22.75914982,1.475108335,13.62739547,1.855458161,3.071697855,0.572060619,-4.687639188,-1.267990479,76.16241609,0.082416037,-5.742741413,-1.035997711,0.019782235,27.0823538,30.41919571,30.41919571,2.904956291,15.84635041,7.054532495,16.58227792,16.58227792,2.773509253,8.527672678,33.5722116,22.64007625,22.64007625,3.72112945,7.306949905,5.949466959,6.277004502,6.277004502,1.757197376,25.28506214
19,6,180,130,140,0,0,SI,61,0.21153778,0.124051946,15.2596801,1.013269939,10.19739812,0.271658357,31.9611713,0.297080198,31.27496234,0.933493319,3.739572622,7.941003036,6.791169657,1.230982847,4.799403203,0.590930848,-25.09512657,-0.634780515,57.78775886,0.297132227,15.35935653,0.507418457,5.483953923,1.307731311,6.786765079,0.521313901,3.201723304,1.593275241,50.74150872,0.424809687,25.94755304,1.341163223,13.90263918,1.827304808,3.09422255,0.560231113,-4.740592613,-1.299369809,76.19133435,0.083416438,-5.939866676,-0.868959916,0.026241673,29.69595754,29.1949684,29.1949684,2.770208419,15.46217512,7.793620991,17.17060548,17.17060548,2.836115405,8.359813359,34.79990386,21.55548444,21.55548444,3.538034979,7.171538253,5.161506048,6.355609718,6.355609718,1.733479743,25.40435942
19,6,180,140,150,0,0,SI,61,0.222175008,0.079553447,15.3330008,1.026782316,10.38398024,0.248965229,29.09640605,0.279828727,31.55236198,1.087385558,3.220637739,8.632559996,7.120962666,1.218121001,4.475467277,0.623363182,-23.35950115,-0.685334862,59.83222747,0.281954019,14.39291513,0.514986215,5.653594646,1.25752426,6.332381202,0.564896494,2.900999623,1.745424496,53.56053663,0.406372886,22.7944509,1.497626969,12.64922197,1.905466628,3.07194891,0.531233994,-4.438926525,-1.328961089,76.36509506,0.080031062,-6.508570033,-0.799180327,0.017674788,27.80234851,34.30958274,34.30958274,2.585250018,15.74365407,7.412152886,16.869937,16.869937,2.789841523,8.674194171,34.13758441,21.76554985,21.76554985,3.57713994,7.109532424,5.201521127,6.111579657,6.111579657,1.631923689,24.10267033
19,6,180,150,160,0,0,SI,61,0.225644412,0.10895724,15.63740786,1.046922746,10.36581809,0.256516426,29.24001043,0.311211741,33.40726057,0.978688366,4.635331699,5.830368009,6.90721818,1.246019177,4.485409305,0.590429756,-23.42197485,-0.653252154,59.75786963,0.26901582,14.55600263,0.507661966,5.272349362,1.289375776,6.457028184,0.562461362,2.897820547,2.003926254,52.6971226,0.420091993,25.42951674,1.307372142,13.861248,1.848086755,3.121644067,0.591300424,-3.902502906,-1.645570614,76.05099271,0.093978362,-5.525258343,-1.127872318,0.024585592,27.02568965,32.69529726,32.69529726,2.659002609,16.37115798,7.389528912,16.0758123,16.0758123,2.648319122,8.606526312,33.24584177,22.13763926,22.13763926,3.631828867,6.79803955,6.231785935,7.147147723,7.147147723,1.84582946,25.61678884
19,6,180,160,170,0,0,SI,61,0.253745125,0.173473469,15.95965058,1.114558098,10.27648456,0.241925538,30.97161336,0.298585862,29.52159848,1.166504513,1.563635939,17.43555875,6.80477724,1.234660976,4.450731141,0.622597897,-23.17964992,-0.684819478,59.96789655,0.2800494,14.47004494,0.516575076,5.34033095,1.273443466,6.491129572,0.592296793,3.173099544,1.640597313,52.42621894,0.448991568,25.94855356,1.316862549,12.70145938,1.889606068,3.063402496,0.54015062,-4.269116538,-1.376062042,76.48843481,0.07890469,-6.475750591,-0.807763231,0.044018047,27.26286628,34.43707786,34.43707786,2.486144056,17.7879578,7.474864565,16.79397345,16.79397345,2.771015848,8.401592909,34.17067838,23.53893025,23.53893025,3.844675228,6.800609555,5.230873221,6.035296237,6.035296237,1.654698758,24.00075472
19,6,180,170,180,0,0,SI,61,0.238849393,0.04866542,16.45063746,1.068568258,10.52428869,0.233253237,28.23943445,0.276937523,31.94050897,1.101115066,3.8383449,6.937033503,7.04232031,1.225732293,4.354836034,0.608166017,-22.65256042,-0.68166366,60.6199481,0.265804865,14.18407278,0.507397795,5.452251533,1.270654346,6.25940239,0.57534391,3.390030304,1.655592755,54.02182375,0.40616307,23.82727094,1.38126944,13.19887785,1.884780407,2.934940716,0.5973187,-5.064292049,-1.206438126,76.69128698,0.086981752,-4.862041589,-1.09418752,0.011623706,26.62672717,35.17017564,35.17017564,2.454824404,17.57862901,7.196967253,16.11307712,16.11307712,2.648463285,8.631999422,32.91188119,21.94166978,21.94166978,3.601309045,6.927927106,5.319985228,6.670742505,6.670742505,1.753094973,24.87698637
20,12,140,10,20,0,1,SI,67,0.396941006,0.081708455,16.29984852,1.185943782,9.054747535,0.265404368,43.94894351,0.369789249,30.79350259,0.623913275,7.981001288,2.599195248,9.431228587,2.075598725,3.177558632,0.426795891,-25.91998918,-0.306173901,60.64880913,0.103551376,7.357284973,0.733929644,5.439055047,2.074224543,6.811564959,0.408589297,-7.756533893,-0.742275656,49.74575295,0.362966831,35.39123882,0.61412036,11.98158266,3.077500814,3.528414901,0.907911395,2.972218898,2.113579282,73.16286484,0.100345856,-12.91145494,-0.2895416,0.032433436,20.74418062,19.21247505,19.21247505,2.403169547,19.330704,5.399729541,6.280267638,6.280267638,1.356168968,19.57544603,21.73448032,18.0560583,18.0560583,2.783132538,11.28182147,3.738403322,7.3415903,7.3415903,3.203488095,36.87333039
20,12,140,20,30,0,1,SI,67,0.389295636,0.07363801,12.14105636,1.233335698,8.373632893,0.284467171,35.90747455,0.497988214,39.6910825,0.527497839,10.41285206,1.899462953,9.098189544,1.826570237,3.262858722,0.313413509,-26.36900599,-0.26663432,60.92836342,0.080410996,5.562668297,0.796125616,5.506497525,1.923512072,6.617082092,0.378680569,-6.999673315,-0.771069165,50.92109435,0.327031148,34.44366016,0.595055616,14.06864973,2.920384063,3.771281927,0.888619505,3.821366419,1.501347781,72.08286612,0.106207609,-13.51693586,-0.277894422,0.028666956,19.77882672,20.93696025,20.93696025,2.38202366,14.97399822,4.428582725,4.899310387,4.899310387,1.022624001,16.61848223,20.49589341,16.65278394,16.65278394,2.505760412,10.59181446,3.756281078,7.65574886,7.65574886,3.351234679,41.08586046
20,12,140,30,40,0,1,SI,67,0.40704085,0.0321128,12.17466452,1.161662326,8.463269918,0.260973977,30.7497329,0.648466444,42.86779014,0.52101055,12.42495584,1.49351124,8.703970794,1.798847093,3.307453402,0.310849358,-26.46785383,-0.279713354,61.28403947,0.087359933,4.249143638,0.959587439,5.472733008,1.88305158,5.895299268,0.40498474,-6.538128583,-0.810906321,55.20176941,0.283248703,29.93790115,0.658738288,13.56330158,2.968271148,3.797732181,0.853103024,3.717053108,1.507830457,71.69428672,0.105317428,-14.18494417,-0.263553556,0.013071221,18.5568112,22.33457092,22.33457092,2.208693209,14.1428491,4.077424862,5.353769582,5.353769582,1.028119767,15.65711256,19.72124175,15.63582959,15.63582959,2.387506241,10.30543854,3.738492478,7.55065788,7.55065788,3.239856808,40.25955675
20,12,140,40,50,0,1,SI,67,0.410306059,0.024375066,13.72028561,1.097341454,8.715113236,0.26569327,27.1434232,0.9122901,44.75469327,0.525334115,14.96611978,1.093132274,9.298973825,1.648001527,3.329028767,0.319203097,-26.16766357,-0.297219656,61.5714698,0.094186835,3.755503349,1.117288806,5.644071461,1.783180461,5.568200397,0.468279379,-6.135227792,-0.954886848,57.27548099,0.297977284,27.2767145,0.771945212,15.2566454,2.797855872,4.033292423,0.827024877,4.188335059,1.426617945,70.64385636,0.108597076,-14.45274327,-0.312566961,0.010001237,16.35994855,23.51116718,23.51116718,2.315546934,15.05583816,4.195981853,5.799221867,5.799221867,1.062636292,15.32472306,21.05612916,17.06679227,17.06679227,2.607473424,10.06439795,4.517450042,7.671716238,7.671716238,3.33563317,42.68589492
20,12,140,50,60,0,1,SI,67,0.41304054,0.013346356,13.95610582,0.978151175,9.229108307,0.248793245,25.47685649,1.02562973,43.01215451,0.543254963,17.90338416,0.923304868,9.721624679,1.652149811,3.32152387,0.296981252,-25.89052821,-0.276368699,61.84826918,0.080543769,3.505996425,1.173188532,5.916547057,1.774587391,5.820516617,0.442239374,-6.121337229,-0.877629463,55.80431479,0.303471544,28.59267906,0.760331695,16.45539346,2.681907355,4.062676881,0.855912573,3.231643733,1.921387179,70.63925253,0.117664745,-14.45383298,-0.295997803,0.005512586,16.53028175,23.36656641,23.36656641,2.296139804,13.65118131,4.113194799,4.981492706,4.981492706,0.986430317,16.06158038,21.73992013,16.93502157,16.93502157,2.574061625,10.49942981,4.278302807,8.311749636,8.311749636,3.477296222,44.13184075
20,12,140,60,70,0,1,SI,67,0.402170133,0.076312049,13.92109814,1.084034469,9.616904105,0.309653806,30.14094003,0.941924651,35.86621886,0.76269843,15.22809291,1.189725606,8.972441378,1.692841515,3.691112568,0.353599796,-25.21654074,-0.500695722,61.03442429,0.143981147,3.51429075,1.804166012,5.474924477,1.79691496,5.385412718,0.541119414,-5.990177482,-1.063988582,57.99672156,0.31859642,26.39070281,0.798494218,14.58890777,2.772357939,3.797611547,0.845814728,1.154610676,6.341387034,71.34787026,0.111216305,-10.97793618,-0.843298644,0.030690427,18.11725207,27.35510881,27.35510881,2.977910958,15.09095023,6.340363927,8.787806416,8.787806416,1.305176651,15.18892126,21.0728236,18.47754786,18.47754786,2.914151374,9.837973698,9.257678695,7.9350465,7.9350465,3.212075778,40.44567428
20,12,140,70,80,0,1,SI,67,0.43797539,0.021512825,14.28369695,0.950638061,8.991940017,0.294506664,26.01053147,1.012729041,42.38415695,0.591835962,15.2689008,0.992184304,10.43945746,1.613536576,4.844395623,0.266578668,-35.81055094,-0.244566515,52.29869144,0.138618902,1.766298543,2.984531493,5.629599781,1.718305186,5.393672335,0.470363149,-6.867590785,-0.789738544,58.18151946,0.282514255,25.34482258,0.837773304,16.76232161,2.645784605,3.810481006,0.944915354,1.967106356,3.391305812,72.03742652,0.125500673,-12.7755037,-0.365187551,0.009422088,15.14956371,25.0844683,25.0844683,2.648186257,13.57862597,5.271573628,7.249587183,7.249587183,1.291412532,16.84444645,21.23321575,16.43710863,16.43710863,2.536984704,9.673370499,4.665454909,9.040745509,9.040745509,3.600582009,44.34949246
20,12,140,80,90,0,1,SI,67,0.461294005,0.032367948,12.78043744,1.072073165,8.486453714,0.301544883,25.11292011,0.983270935,46.00178557,0.517805206,14.11702846,1.041128816,8.597696501,1.588390916,4.156238484,0.321193892,-31.87153011,-0.284598566,56.58662429,0.139958478,1.992534726,2.288050684,4.931642091,1.665874209,4.718802842,0.462140771,-8.294547264,-0.567656933,61.83390244,0.222639745,20.93179093,0.921473517,15.05030707,2.720787348,3.4799264,0.969638841,1.152184849,5.359345248,73.3167568,0.124741137,-11.88643104,-0.458754674,0.01493114,14.69764513,23.81996405,23.81996405,2.559046692,13.70156402,4.559020443,7.919777811,7.919777811,1.334958415,13.65650302,19.28809101,13.76668427,13.76668427,2.180751184,8.215495367,5.452955797,9.145615604,9.145615604,3.374271801,40.94868506
20,12,140,90,100,0,1,SI,67,0.468626362,0.014502634,13.26158299,0.98834957,8.825337192,0.277978918,21.82121152,1.267188403,46.39286941,0.528244477,15.37202159,0.952706425,9.708515726,1.601151904,4.949515565,0.271902669,-36.5977872,-0.233385946,51.86567884,0.141535265,0.67576816,7.202779264,5.680834902,1.668197668,4.492515331,0.469340925,-7.901346987,-0.609771069,63.49744507,0.214204375,19.81571686,0.913144573,16.85623237,2.580755694,3.723752996,0.950419933,0.86840395,6.798309503,72.36302415,0.124801106,-12.81921786,-0.378942139,0.006796317,14.64502373,24.50677704,24.50677704,2.453257684,13.10707985,4.86740889,7.340822599,7.340822599,1.345786492,15.54480844,18.09461431,13.60143054,13.60143054,2.108521301,9.476755536,4.857741836,9.030985447,9.030985447,3.539129073,43.50181767
20,12,140,100,110,0,1,SI,67,0.466359644,0.027756254,13.91356473,1.024494812,9.043588675,0.306630461,22.15171211,1.203168904,43.93860684,0.608510955,16.24265613,0.894598643,8.648186193,1.644416789,4.320299414,0.349884665,-32.26313606,-0.287084596,56.11680856,0.151927984,0.504148942,10.48529901,5.058558652,1.650557836,4.353013479,0.4776703,-7.601301075,-0.65372663,64.17218512,0.205001504,17.94550566,1.05900594,15.39412204,2.670273474,3.545924236,0.945836039,-0.119878884,-57.68422938,72.86345346,0.120333839,-11.76982099,-0.483793642,0.012944397,14.53065813,26.73712361,26.73712361,2.773039765,14.25437488,5.286152402,8.525713593,8.525713593,1.511606513,14.22122257,19.00439709,13.15539446,13.15539446,2.079305254,8.349443622,5.694164562,8.767939078,8.767939078,3.353862934,41.10651574
20,12,140,110,120,0,1,SI,67,0.489077843,0.019031251,13.06827009,1.03673268,8.961002119,0.295922525,18.86704838,1.39093949,46.73123491,0.571191479,15.9937535,0.901539093,9.298205497,1.631200744,5.892426996,0.297859538,-42.12950071,-0.250970676,46.15803605,0.232305052,-0.455527226,-12.81282048,5.234919982,1.717423107,3.747295532,0.43818845,-6.389108597,-0.771415458,67.66926781,0.151522142,15.1139318,1.056847297,16.21098921,2.559259353,3.597599569,0.937596356,-1.225363575,-5.728993701,72.60528311,0.117059373,-11.54757202,-0.491043176,0.009307763,14.41899402,26.69248318,26.69248318,2.651762374,13.54830267,5.83658857,10.72274496,10.72274496,1.755115583,15.16723972,15.97311797,10.25339241,10.25339241,1.642021621,8.99057254,5.67035644,8.499128917,8.499128917,3.373096246,41.48812576
20,12,140,120,130,0,1,SI,67,0.477189742,0.056789946,13.71100604,1.093267683,9.831882069,0.33842867,22.03138299,1.222429627,38.57470022,0.813324897,19.38825847,0.714263585,10.10592269,1.669350378,5.780129738,0.323029876,-42.65972687,-0.270580754,43.99844228,0.24298269,9.024810157,0.853688201,4.92683931,1.632118568,3.570376837,0.468766067,-6.304522074,-0.890471098,68.71042968,0.14959025,13.77104894,1.146669651,14.88248415,2.681830857,3.856274198,0.880396322,-4.238337831,-2.90355811,70.70774965,0.155237035,-9.360785148,-0.937172227,0.02709958,13.848327,31.37376408,31.37376408,3.327390772,14.9897998,7.704373947,10.69085986,10.69085986,1.867154593,16.87032586,15.79084388,10.27841035,10.27841035,1.673671508,8.041185919,8.772667864,10.97646141,10.97646141,3.395049621,39.91230522
20,12,140,130,140,1,1,SI,67,0.497109904,0.031752804,14.28946299,0.997578255,9.310541843,0.309686498,19.2745615,1.348859912,44.33843909,0.634263733,18.61649386,0.625784698,9.599466273,1.632692349,5.41538624,0.319431833,-39.63468079,-0.235792235,44.74582827,0.230273026,14.8670408,0.468835382,4.924311928,1.700695752,4.443464777,0.467479898,-6.250508447,-0.751426429,63.58402596,0.206897944,19.70350066,0.955195315,14.29059862,2.728890516,3.40174695,0.951963188,-0.975683134,-7.067090071,73.32981509,0.119522486,-11.05360238,-0.592183868,0.015784633,11.64991699,28.12226389,28.12226389,2.883349098,14.25485755,6.970194753,10.30375728,10.30375728,1.729846753,15.67297514,18.82069152,13.15540424,13.15540424,2.077230461,8.374756377,6.545765013,8.764561797,8.764561797,3.238337871,38.99747904
21,13,180,10,20,0,0,SI,52,0.305351014,0.066500416,22.59039045,1.426879772,8.749137894,0.314327853,22.90019048,1.144647403,40.49537782,0.427724025,24.24935239,0.681587338,7.309224651,1.523460669,5.425184439,0.379427848,-26.36376543,-0.557338523,61.20447862,0.194498242,0.315432495,11.59019453,4.396046748,1.395577194,9.173040682,0.422550788,-1.159229504,-6.154636354,33.845213,0.765025739,50.9223505,0.575346593,10.91707743,2.528343013,3.564051093,0.567253761,-1.166924612,-4.46699703,76.94253452,0.085251819,-9.208406892,-0.360996805,0.020305969,16.52805154,17.320846,17.320846,2.75009773,32.23377117,3.655923978,11.90416349,11.90416349,2.058466057,11.13531628,29.29800087,25.89245909,25.89245909,3.876075569,6.135022585,3.324205467,6.559491026,6.559491026,2.021721387,27.60211644
21,13,180,20,30,0,0,SI,52,0.291623391,0.054499975,13.39425361,1.360013539,7.874806886,0.343783667,20.63990905,1.157323847,45.70824123,0.419646369,23.6523366,0.646320926,6.472789347,1.715971624,4.965220209,0.425349476,-24.00578945,-0.58683554,63.84702279,0.188629545,0.773700217,4.264741065,3.797118197,1.4853525,7.850629828,0.480978163,-1.214246968,-4.760112179,42.46878101,0.577233214,42.55843275,0.6781731,10.04471929,2.52013808,3.585034201,0.485303798,-1.44746867,-3.383215489,76.47445149,0.076034815,-9.849993541,-0.367664522,0.015893468,15.28700009,19.18129747,19.18129747,2.707229988,18.21636625,3.299631087,12.04343486,12.04343486,2.111953814,11.10712285,28.86198427,24.51439096,24.51439096,3.775981513,5.640059007,3.621493167,5.814720771,5.814720771,1.739830714,25.31407959
21,13,180,30,40,0,0,SI,52,0.270626444,0.069452953,13.61437249,1.517754559,7.808246485,0.350546739,24.11687743,0.998646195,45.18465819,0.447006302,20.28377325,0.84380121,6.609121055,1.771620176,5.073729391,0.434636479,-24.48983459,-0.602993308,63.16707566,0.198989133,1.101458785,3.162322026,3.726587619,1.536305438,7.448919387,0.478864714,-1.61226284,-3.821385757,45.11350305,0.513802982,39.56471494,0.715634826,11.83513466,2.36805462,3.537588911,0.488467534,-0.348503298,-14.50158497,76.86323207,0.078976955,-9.12184246,-0.31751101,0.018795806,17.11547241,20.19782696,20.19782696,2.737155343,20.66327591,3.483167377,12.56956162,12.56956162,2.205227878,11.70885221,28.31388789,23.1794524,23.1794524,3.567024652,5.725176824,2.896285413,6.07042402,6.07042402,1.727997332,28.02624531
21,13,180,40,50,0,0,SI,52,0.271871916,0.040883973,10.66923335,1.099214105,7.939286242,0.344800211,22.69613519,1.076893661,44.82772935,0.460889755,22.51497206,0.761476537,6.361660043,1.812240705,5.143619106,0.465318333,-25.07585635,-0.623178831,62.78196755,0.220549053,1.212964399,2.77306871,3.616125662,1.564577005,7.348270434,0.500391307,-2.0006295,-2.812609801,45.6886341,0.526113792,39.11712395,0.729307299,9.989254826,2.516867806,3.271727125,0.484503286,-0.619074319,-7.517731322,78.12348742,0.072930823,-8.211232428,-0.380234696,0.011115204,17.14462295,20.6606412,20.6606412,2.737467571,11.72777179,3.363633621,13.84650349,13.84650349,2.393420268,11.52885928,28.52840401,24.03742054,24.03742054,3.677010647,5.657707058,3.122195466,5.697610233,5.697610233,1.585162543,25.14163388
21,13,180,50,60,0,0,SI,52,0.27508166,0.07060595,10.52677851,1.216027913,6.934372951,0.306917695,15.83825452,1.327917123,52.62611192,0.291214874,20.86989286,0.752721527,5.910148717,1.838134616,4.36964964,0.537335996,-20.80045837,-0.705295915,66.98989278,0.19521063,0.651085443,5.881203055,3.354450031,1.542672681,6.355171426,0.531617806,-4.581158549,-1.844141573,51.50912371,0.417835856,31.64506129,0.85416916,7.902761909,2.692853007,3.702329967,0.443948597,-5.79245747,-2.022651852,73.3117022,0.144614893,-4.991793741,-2.165198216,0.019422402,15.70921762,15.32550655,15.32550655,2.128281762,12.8008565,3.829165696,13.07713917,13.07713917,2.347970041,10.86364894,27.03023542,21.5223588,21.5223588,3.37852229,5.174818423,10.8082229,10.60196397,10.60196397,1.643644194,21.28097617
21,13,180,60,70,0,0,SI,52,0.32333587,0.238843721,10.2299115,1.382447286,7.918415285,0.373374658,26.49917067,0.810282128,43.8777919,0.478015473,23.1331027,0.683316624,5.04954838,1.951056004,4.417221345,0.53516222,-20.47152731,-0.758732786,66.92827248,0.203612275,1.792788274,2.234217653,3.126231693,1.638903007,6.617683295,0.552310498,-2.414913588,-2.117362062,49.67780661,0.466141013,34.9064305,0.800373923,7.580512637,2.751004285,3.56319679,0.385063816,0.455019221,10.53202849,76.90436246,0.060703724,-10.17649959,-0.299736244,0.077226742,15.80723364,20.97426345,20.97426345,2.956535599,14.14231339,4.00547921,13.62741782,13.62741782,2.363929981,9.851951684,27.93819672,23.1568631,23.1568631,3.655015956,5.123590522,3.050265764,4.668381193,4.668381193,1.372058153,20.85402275
21,13,180,70,80,0,0,SI,52,0.464825879,0.19337435,9.146160938,1.118275142,6.808238717,0.317364204,18.76976782,0.993655104,52.69238249,0.285484923,21.14650577,0.701383957,4.620294207,1.976572378,4.353970528,0.614929779,-20.71209816,-0.825611774,66.54967355,0.224661826,-0.674898736,-6.03308417,2.869745216,1.621945657,6.451602711,0.579926119,-4.707836151,-1.538627776,50.52629548,0.478809517,31.62676039,0.933940074,8.709585838,2.528530781,3.06694261,0.517303653,-2.318658188,-2.610358016,78.18302453,0.071158376,-7.022316108,-0.577483524,0.089885402,14.83181989,15.04288076,15.04288076,2.160691261,10.22792442,4.071720881,14.95117118,14.95117118,2.677386135,9.132345908,29.53749894,24.19247113,24.19247113,3.741452922,4.65457079,4.055271853,5.563377056,5.563377056,1.586540616,22.02245588
21,13,180,80,90,0,0,SI,52,0.370953212,0.167395697,10.41570531,1.191281586,6.879845306,0.324738913,20.34865251,0.938420367,51.56004425,0.293649251,20.27807874,0.771573435,5.904594789,1.867940886,4.777730609,0.474171385,-23.28936334,-0.618981744,64.76620327,0.199122184,1.253115876,2.834630988,3.224098058,1.589577624,6.632513402,0.498180482,-1.103447503,-4.779802447,50.20486885,0.428520652,33.68577496,0.829384552,8.096749531,2.533304617,3.424607753,0.404961897,-0.134936464,-37.8239189,77.37484631,0.062685141,-9.313060277,-0.348382161,0.062095971,15.64602687,15.14056838,15.14056838,2.234153486,12.40803794,3.552121094,12.89638784,12.89638784,2.26546314,11.02943402,27.93846137,21.51382313,21.51382313,3.304188723,5.124954131,3.244504065,4.850253151,4.850253151,1.386835652,20.51153297
21,13,180,90,100,0,0,SI,52,0.383920056,0.179660495,10.3572429,1.174891364,6.788092513,0.325907366,19.74282078,0.957279478,52.39366691,0.286633152,20.2895664,0.759085005,5.558067835,1.889716881,4.352239546,0.58472598,-20.72574002,-0.764543197,66.89421259,0.211018347,0.85445639,4.662322898,3.226109726,1.596032858,6.216604491,0.550843719,-3.39303648,-1.750853411,52.64823673,0.418382679,28.64327784,1.068871313,7.708563211,2.653183568,3.27645206,0.423121933,-0.837731658,-7.563337452,77.79681388,0.06598632,-8.16425267,-0.401762577,0.068975267,15.40150561,15.01776189,15.01776189,2.212289351,12.16863524,3.983751592,14.11590616,14.11590616,2.544867534,10.50317461,30.61597799,22.02711033,22.02711033,3.424377537,5.148977126,3.280091192,5.133525456,5.133525456,1.386338729,20.45223324
21,13,180,100,110,0,0,SI,52,0.469300524,0.487837281,9.419368917,1.02104752,6.929954256,0.364236711,16.61874259,1.184074948,52.31026531,0.339577846,21.94319437,0.725360484,5.169885311,2.004753915,4.672737108,0.611980456,-22.79976354,-0.775544945,64.8515972,0.246790269,0.952546449,4.084532915,3.044954817,1.595040633,6.68952463,0.567570501,-3.649252874,-1.922753545,49.19935948,0.5008497,32.33907125,0.94507056,8.908563572,2.528759097,3.361540258,0.455116253,-1.529760412,-3.659057604,77.30274753,0.06615727,-8.811789031,-0.364762645,0.228942292,15.91672609,17.76340722,17.76340722,2.524143746,9.617623273,3.890707324,16.00474312,16.00474312,2.859623786,10.36434782,30.56270418,24.64148444,24.64148444,3.796776846,4.856826659,3.214211474,5.11413874,5.11413874,1.529891607,22.52761117
21,13,180,110,120,0,0,SI,52,0.301343557,0.134325533,10.07383369,1.173134545,7.066804772,0.330157573,21.20163787,0.869019565,50.39330548,0.329436681,21.4664475,0.747253649,5.933438384,1.956223291,5.011000216,0.503925639,-24.47864173,-0.664134122,63.36435503,0.228914918,1.591844609,2.117537847,3.312615847,1.643127664,6.718407688,0.494452854,-1.735749251,-2.734527105,49.66797131,0.437554351,33.42768924,0.882206216,8.011370336,2.717055075,3.591164238,0.436427087,-2.388260097,-3.811160669,75.10577644,0.122913177,-5.025013743,-2.158398864,0.040478134,16.04088123,16.6014033,16.6014033,2.333159112,11.8179623,3.370791206,14.50504614,14.50504614,2.525171486,11.60713036,29.49011523,21.73243695,21.73243695,3.321935856,5.443050738,10.84598395,9.231489593,9.231489593,1.567281347,21.76733443
21,13,180,120,130,0,0,SI,52,0.325301506,0.155394815,10.31761043,1.328450187,7.318198414,0.367042948,23.47242089,0.887379232,47.69135958,0.394834513,19.78442821,0.865292069,5.358390329,1.957273878,4.131505004,0.560684602,-19.14523055,-0.773298137,68.26887021,0.187361115,1.174688675,3.17354704,3.080180231,1.648234794,5.831751137,0.548418567,-2.071730335,-2.648507738,54.88154071,0.368699613,29.07863755,0.895035798,9.509637011,2.4178074,3.338866326,0.483461427,-0.643821949,-8.418704328,77.78482207,0.07107402,-8.019156356,-0.474057032,0.050550167,17.11930882,18.83019473,18.83019473,2.68609312,13.70643151,3.727929767,12.79093164,12.79093164,2.316471239,10.48783742,26.02642156,20.23480282,20.23480282,3.198240602,5.076860229,3.801537461,5.528479999,5.528479999,1.614213079,22.99247074
21,13,180,130,140,0,0,SI,52,0.350736827,0.110827044,12.06942801,1.071202429,7.091571179,0.31999126,20.95962968,0.96096979,50.61264,0.309763166,21.68468992,0.71572224,6.202601836,1.892344071,4.877303144,0.484483524,-23.53012913,-0.653613037,64.15832458,0.209097442,1.523220081,2.372008507,3.393844636,1.648150178,6.505461672,0.496157902,-1.777190983,-2.806261482,50.90393147,0.408905019,32.46476651,0.86872915,9.083041375,2.484177833,3.511098438,0.436673784,0.108128816,52.57887008,77.07354966,0.067259908,-8.91349293,-0.412669399,0.038871126,15.52021484,15.67793161,15.67793161,2.269240797,12.9288006,3.61309099,13.41534155,13.41534155,2.362973015,11.73745681,28.20308902,20.81487306,20.81487306,3.227736215,5.593565641,3.67832577,5.183959859,5.183959859,1.533204641,22.56389004
21,13,180,140,150,0,0,SI,52,0.398528585,0.176906111,13.92807799,1.144746903,7.684261815,0.354358995,29.20474051,0.81503705,45.14875316,0.441013488,19.15219154,0.781370554,6.186559021,1.821973922,5.094293512,0.490353255,-24.99649628,-0.645428495,62.84716374,0.227116822,1.648556518,2.006003851,3.541907943,1.595906051,6.776231395,0.500679139,-2.412957585,-2.182003424,49.11082695,0.448903451,33.68897322,0.879525881,8.895610949,2.477188026,3.542175553,0.406959364,0.534233553,11.09843228,76.93393938,0.061806692,-9.021520529,-0.34555371,0.070502142,14.96495851,19.91120911,19.91120911,2.722987294,15.94412414,3.307010724,14.2736481,14.2736481,2.498003406,11.2717492,29.63032385,22.0460197,22.0460197,3.392717701,5.652552318,3.117419889,4.755032296,4.755032296,1.44152151,22.03610093
21,13,180,150,160,0,0,SI,52,0.37510739,0.215651271,12.32043874,1.220380232,7.732431007,0.388410723,25.39739494,0.857929565,45.26436632,0.50301262,18.92597478,0.945621893,5.866806983,1.83808098,4.890044912,0.505682964,-23.74798622,-0.664401165,64.0712196,0.219875333,1.731959129,2.066713371,3.492258906,1.602362952,6.627116776,0.508335849,-2.316944626,-2.238393898,50.04000781,0.433663611,33.32686579,0.861878041,8.775353982,2.493461035,3.664609484,0.396553031,0.879654815,6.554872384,76.31722514,0.063511686,-9.772235967,-0.383745158,0.080892385,17.8968161,22.7685475,22.7685475,3.003359118,15.03561989,3.57946309,14.08768075,14.08768075,2.472812405,10.78366633,28.7236938,21.70053048,21.70053048,3.368801033,5.59586629,3.750048235,4.847035639,4.847035639,1.453211998,21.88100322
21,13,180,160,170,0,0,SI,52,0.374236509,0.186808409,12.42655587,1.268326194,7.604854361,0.412764321,24.00156748,0.872845387,46.16120277,0.521892968,17.87025966,1.003935812,5.880193786,1.841416769,4.733271953,0.514516113,-22.95817452,-0.677907303,64.87693306,0.212445181,1.046410995,3.187819304,3.314255914,1.554356712,6.314066684,0.497811356,-2.49750748,-2.090466244,51.94120006,0.388585603,31.42978744,0.864696183,9.158054913,2.511407123,3.685437734,0.40466953,0.701412918,8.219365519,76.17853862,0.06291387,-9.896529371,-0.322274266,0.069910527,17.94059364,24.09120712,24.09120712,3.139012547,15.76092631,3.33576917,13.78279179,13.78279179,2.435344687,10.82788744,27.17721723,20.18360255,20.18360255,3.143214098,5.151535925,3.189396739,4.792686676,4.792686676,1.491384356,22.99960434
21,13,180,170,180,0,0,SI,52,0.374164431,0.099348108,11.57450794,1.169281464,7.770922491,0.377815945,24.79141998,0.813463754,45.24410904,0.494732738,20.1084989,0.901168173,5.867433686,1.960377873,5.405959082,0.448294813,-26.91648711,-0.59161449,61.0842784,0.228953404,1.29470038,2.317370913,3.240988506,1.768945358,6.999021099,0.452900758,-3.005089028,-1.665194397,47.71438102,0.432965986,36.11932529,0.768678543,9.189746897,2.585320334,3.590047145,0.456150955,1.037666945,5.11251833,77.24954706,0.071305371,-9.02953251,-0.352019091,0.037172528,18.12113922,22.38374194,22.38374194,2.935978424,13.53385759,3.000301002,13.98545347,13.98545347,2.423463416,11.50238717,27.76415034,20.65870402,20.65870402,3.169861961,5.733131573,3.178567826,5.508307613,5.508307613,1.637603434,23.75843952
22,14,120,10,20,0,1,SI,72,0.197096853,0.060047205,18.51860186,1.280103957,8.850910635,0.342712417,19.36943551,0.802975861,35.49272505,0.534686424,25.8222068,1.119338394,4.907901338,2.3189496,2.514779143,0.907924672,-15.5832378,-0.953339484,66.54738863,0.199646884,12.73700091,0.38228731,3.838265,1.913005139,11.11823939,0.436118081,-12.56211016,-0.720363143,20.18391707,1.56257471,53.55725369,0.572515349,8.504165384,3.633300004,2.926627166,0.831049704,7.921766129,0.790677813,77.61244219,0.077597333,-4.340744377,-0.784254007,0.011835115,28.90378749,18.97747823,18.97747823,3.033316976,23.70573552,4.869193815,13.28597878,13.28597878,2.283230029,11.38117584,30.66234979,31.53887836,31.53887836,4.848865227,7.34262067,3.404246171,6.022518522,6.022518522,2.43217264,30.89818412
22,14,120,20,30,0,1,SI,72,0.209827145,0.057011825,14.18152675,1.254911616,8.173942645,0.352266417,23.44110774,0.635444789,40.06197297,0.449975417,27.10753184,0.804021959,6.505556138,1.951569093,1.895807876,0.605812386,-13.10050937,-0.680697678,71.37341295,0.065826492,8.354955469,0.478362513,4.582574891,1.718006163,12.08750093,0.371700226,-13.9013522,-0.677709072,12.83148465,2.371687948,53.5217848,0.553902012,10.92749656,3.12329526,3.017463497,0.874572889,8.57374163,0.68398269,77.35588992,0.077870046,-2.578783239,-1.242919764,0.011962628,21.79505085,18.02690299,18.02690299,2.879405488,17.79656265,3.996697494,4.698261397,4.698261397,1.148503893,12.69604229,29.64582429,30.4322775,30.4322775,4.492926827,7.872891905,3.205220655,6.023706706,6.023706706,2.638991768,34.12979821
22,14,120,30,40,0,1,SI,72,0.20720697,0.212300319,16.17800933,1.288217748,8.71428484,0.41510198,22.06809396,0.822378278,36.15902748,0.635158487,30.3742249,0.612623192,6.601700058,1.85003739,1.982774476,0.531872524,-13.13452642,-0.704495222,72.28483996,0.076205283,6.568569751,0.536177346,4.709832205,1.606955571,11.19988009,0.467218676,-12.28917321,-0.713748407,18.59333992,1.87966648,48.6717021,0.682531361,11.13102059,2.810459777,3.083717839,0.804780897,8.209844677,0.801576279,76.86523919,0.075297782,-2.636179844,-1.549077861,0.043990106,18.60795461,22.96671319,22.96671319,3.617316891,20.84079875,3.521918296,5.508486686,5.508486686,1.054583265,12.21339194,33.21996308,34.9492778,34.9492778,5.232793147,7.5684911,4.083647834,5.787782024,5.787782024,2.481717209,31.28328565
22,14,120,40,50,0,1,SI,72,0.218075669,0.133565611,15.3814279,1.212927244,8.440493059,0.417291171,20.88839735,0.7888642,38.1170367,0.591081985,26.06836262,0.971500298,6.087972945,1.946851976,1.988865261,0.604982424,-12.60350798,-0.632468022,71.93141665,0.090581293,7.769840517,0.901722076,4.727051567,1.635147253,10.69869664,0.512524926,-12.89038749,-0.81953574,21.94189578,1.663209399,46.3934513,0.685689285,10.16058277,2.949933913,3.00878386,0.809011362,8.472511313,0.761351679,76.97908427,0.074969405,-2.116792266,-1.920970569,0.02912741,25.32542205,22.53029371,22.53029371,3.522143232,18.65655295,7.006236721,6.515640727,6.515640727,1.203228527,11.85238216,31.81149245,36.49396729,36.49396729,5.483348704,7.729425385,4.066295644,5.771076145,5.771076145,2.434140329,29.97304769
22,14,120,50,60,0,1,SI,72,0.213576393,0.103804471,12.69033585,1.251775998,8.451029265,0.421100491,21.46239106,0.788743332,38.02953981,0.607122444,21.28059917,1.38420378,5.913196618,2.035802967,2.427306104,0.436574502,-13.30016608,-0.694682855,68.18438246,0.101739798,13.05432194,0.534674488,4.655919588,1.681936891,12.21130723,0.400971383,-13.22703709,-0.667132457,10.94463887,3.050935707,50.9554273,0.588645121,9.848102007,3.025068927,2.845870948,0.858299799,7.550535569,0.829577047,78.11180658,0.081116838,-2.912239438,-1.089843881,0.022170184,29.45668581,23.08858715,23.08858715,3.558732573,15.88545782,6.979812899,6.937065298,6.937065298,1.059699954,12.03810322,29.99466367,33.39138953,33.39138953,4.896384748,7.830962917,3.173886332,6.33618276,6.33618276,2.442610463,29.79118737
22,14,120,60,70,0,1,SI,72,0.203959458,0.154387559,11.91307763,1.297143201,9.011759763,0.423961972,28.48084331,0.684935977,34.52921774,0.716261154,17.97866543,1.590140111,5.005921119,2.090976926,3.104024289,0.631316175,-10.18882048,-1.730484188,65.61638973,0.145854327,12.57392768,0.632977406,3.919017647,1.807518939,11.70173513,0.418072474,-12.28684398,-0.776641337,14.8843814,2.267548948,50.82440361,0.539582365,7.865311053,3.242477355,3.289824295,0.746803561,3.525408635,4.613304712,74.64324178,0.145063389,-3.301474268,-1.035729005,0.031488803,28.58859704,24.73193735,24.73193735,3.82064344,15.45296765,7.959012126,9.570434364,9.570434364,1.959620741,10.46726555,27.4239519,33.75106339,33.75106339,4.892173356,7.083698619,3.419432659,10.82800162,10.82800162,2.456852499,25.50309298
22,14,120,70,80,0,1,SI,72,0.19534192,0.046656988,12.67241855,1.332905752,8.785133183,0.44278637,28.95395037,0.621873867,36.44519091,0.691576822,12.23280781,2.492591411,6.212486818,1.850108747,3.224289895,0.310301629,-17.72404053,-0.64064401,64.17705951,0.157100396,14.15364643,0.570269099,4.844059106,1.510913146,11.83501978,0.473597846,-10.67131062,-1.044939189,12.6080097,3.045184813,46.41978972,0.692294595,10.3146605,2.788995688,2.727591004,0.856950799,6.525191244,0.98798729,78.67086351,0.079847937,-2.636167459,-1.275951709,0.009114066,30.49139168,25.20464931,25.20464931,3.889937232,16.89113958,8.071387197,10.08224146,10.08224146,1.000502407,11.4937762,32.13616952,38.39371966,38.39371966,5.605039875,7.318952583,3.363622375,6.281706153,6.281706153,2.33741129,28.76754366
22,14,120,80,90,0,1,SI,72,0.195413559,0.115125891,12.30048205,1.263699602,8.54230385,0.451696697,27.07939264,0.625911119,37.67472913,0.668863799,15.51475315,1.888417907,5.931308949,1.947117231,3.044625924,0.417438818,-15.417691,-0.759797941,65.27594237,0.148643054,13.99439038,0.633696961,4.719920272,1.564816002,12.31375838,0.407510083,-9.300925908,-1.171701154,10.08409307,3.405118027,51.503352,0.586210309,9.574491977,2.893874373,3.045611633,0.760483416,9.112103266,0.779915553,76.83284899,0.086891294,-1.964517312,-2.095755741,0.02249716,29.29833767,25.19926245,25.19926245,3.858530434,15.54411427,8.868202655,9.702815427,9.702815427,1.270945047,11.54895386,30.19179589,34.3375271,34.3375271,5.017980699,7.38580677,4.117148435,6.67610567,6.67610567,2.316137138,27.70737697
22,14,120,90,100,0,1,SI,72,0.204826615,0.056998464,13.02109007,1.249406567,8.35778798,0.521222346,30.43177777,0.633770558,39.43067816,0.693023642,10.62915751,2.548880163,6.444783871,1.936084709,3.53543261,0.306094702,-19.18793164,-0.596490084,61.68696694,0.161206936,16.004929,0.515416038,5.242851093,1.555505777,12.4355049,0.412954986,-9.817729658,-1.224152474,8.770842052,4.036387777,49.87588968,0.603151207,10.4240454,2.827658632,3.184118243,0.757710149,9.853057005,0.744073991,76.08111268,0.086292067,-1.50556068,-2.256749873,0.011674802,27.09244873,27.32639218,27.32639218,4.356265858,16.26863544,8.249197094,9.944366932,9.944366932,1.082177191,12.47764751,30.08270306,35.40251965,35.40251965,5.135303752,8.155285163,3.397673873,6.565196473,6.565196473,2.412638708,29.47564196
22,14,120,100,110,0,1,SI,72,0.192343811,0.075842857,11.91961831,1.376247659,7.608880949,0.601206219,29.56167381,0.577602447,43.48064935,0.683572779,18.47640061,0.8551988,5.93591538,1.849893345,3.419024621,0.337254897,-17.64055407,-0.70771973,62.80287393,0.166132804,15.49448887,0.534980902,4.94232571,1.570612856,12.27219344,0.430293789,-7.457413513,-1.590437712,9.803954501,3.697050298,49.0603455,0.650638737,9.349901811,2.732080181,2.840462092,0.748486783,8.227370274,0.823442236,77.6372614,0.079490414,-0.779126107,-5.256848383,0.014587904,15.80099563,29.72218831,29.72218831,4.574506546,16.4043468,8.289255632,10.43361755,10.43361755,1.153082796,10.98081036,31.92056123,36.24571291,36.24571291,5.280648615,7.762480299,4.095747816,6.171418051,6.171418051,2.126048333,25.54468143
22,14,120,110,120,1,1,SI,72,0.174154849,0.089621042,12.95892058,1.278332115,7.831911048,0.610651671,30.4677789,0.634188197,42.27289115,0.718913692,16.38868444,1.108708088,5.958682109,1.844544632,3.826114487,0.285376192,-21.67114901,-0.627261663,60.2096104,0.170829294,14.19999675,0.542601361,4.996095081,1.505519619,12.62663401,0.398540557,-9.381995013,-1.358512614,7.337845188,4.716012161,50.31478804,0.599957222,9.357497509,2.911855163,2.558466347,0.912040157,6.71627673,0.907020642,78.99299197,0.081459493,0.061740706,68.36985887,0.015607939,18.17026699,30.39056025,30.39056025,4.782569569,16.56580435,7.704937563,10.28556524,10.28556524,1.091881982,10.9910551,30.18672046,34.60536714,34.60536714,5.032225751,7.521719163,4.221203356,6.434729076,6.434729076,2.333424049,27.24767743
23,15,180,10,20,0,0,SI,57,0.212903962,0.044014544,5.312473286,1.228958544,6.683098028,0.647843953,16.05696227,0.648920172,53.34403192,0.314521261,17.21413777,1.512457654,2.754909996,2.507638629,6.850547566,0.243400064,-45.35633154,-0.247789102,43.64625814,0.244551108,-3.742169517,-1.027041319,1.506946941,2.182996951,12.40522234,0.273824327,-0.998808423,-4.766528795,19.63447344,1.123484558,68.50115621,0.327026494,5.784987383,3.5620384,2.447377267,0.637352011,10.69835417,0.415836519,76.33310048,0.059447773,-3.563084974,-0.842781432,0.009370871,26.03565443,16.77783219,16.77783219,4.329604645,6.528809435,3.843362717,10.67374079,10.67374079,1.667423716,6.908318725,22.40169295,22.05902771,22.05902771,3.396851659,3.289660578,3.002901857,4.53783283,4.53783283,1.559840823,20.6063472
23,15,180,20,30,0,0,SI,57,0.216269371,0.03907957,4.954419754,1.261320103,6.874607708,0.59911882,10.08879056,1.108456696,58.30257808,0.339910661,18.21367426,1.315738427,2.83600432,2.441682474,6.809064275,0.266129472,-45.63409535,-0.262836311,43.54014393,0.263383726,-2.186257888,-1.755474418,1.593487947,2.108003676,12.60986394,0.287424516,-1.422724713,-3.912060233,17.63424019,1.323778785,69.7395112,0.341030253,5.511770565,3.574702238,2.326326377,0.650488758,10.42020599,0.405347922,77.0081881,0.060383812,-2.815254049,-1.094792047,0.008451714,23.96443112,19.81766785,19.81766785,4.118706858,6.249109234,3.837919794,11.46776534,11.46776534,1.81209268,6.924622044,23.78328315,23.34383305,23.34383305,3.62438404,3.35907845,3.082117743,4.650047953,4.650047953,1.513249156,19.70293857
23,15,180,30,40,0,0,SI,57,0.21020051,0.060335999,6.037744879,1.217234054,7.380100879,0.568461281,9.740822073,0.972824809,56.0169784,0.391247784,21.32828383,1.119269484,3.09920982,2.389649154,7.087190443,0.289352877,-47.6079877,-0.289010232,41.53225976,0.316189797,-0.776717014,-5.57723759,1.731471809,2.046680973,12.37600578,0.302415652,-0.179906678,-34.84707407,19.25639186,1.248016219,67.77208725,0.361308348,5.801153802,3.553688871,2.379705109,0.636706499,10.61869072,0.373276243,76.76022504,0.054261424,-2.645290989,-1.154984125,0.012682658,23.87209724,21.91651867,21.91651867,4.1953016,7.349348676,4.331935327,13.13207678,13.13207678,2.050698945,7.406024124,24.48662088,24.03228936,24.03228936,3.742697857,3.543770407,3.055269098,4.165119117,4.165119117,1.515173709,20.61549571
23,15,180,40,50,0,0,SI,57,0.211881377,0.054687323,5.344481363,1.273029596,6.574668149,0.648107573,11.33020725,0.960073829,58.74886754,0.360536251,16.38650781,1.459216754,3.021282311,2.360702132,6.829221002,0.27246624,-45.82633872,-0.268097687,43.25459354,0.266908681,-1.644360539,-2.684789011,1.792429875,2.018548922,12.51722017,0.309992597,-1.611905982,-4.280566719,17.90005507,1.372904974,68.16510357,0.370595304,6.056271046,3.487686896,2.278678521,0.69912307,9.792195671,0.444379252,77.33151227,0.061963906,-3.234421268,-0.872841177,0.011587225,23.91146674,21.18109645,21.18109645,4.261092217,6.80368295,4.414761105,11.54502651,11.54502651,1.860732169,7.132347593,25.26166728,24.57507464,24.57507464,3.880245588,3.618107392,2.823136066,4.791762557,4.791762557,1.593076723,21.12237717
23,15,180,50,60,0,0,SI,57,0.205985291,0.040852654,6.040539503,1.223530672,6.867257977,0.589611138,8.722890334,0.999993467,59.09040828,0.316319713,18.5082279,1.288819095,3.004178724,2.395229088,7.086575933,0.278817234,-47.65488706,-0.270116967,41.42644351,0.297866965,-0.59975471,-8.105065125,1.774878313,2.028472366,12.48952703,0.306099878,-0.348881814,-19.03354221,18.20064149,1.339564,67.979177,0.3627931,5.89764898,3.533435584,2.452313662,0.624885751,11.1369637,0.351587281,76.4190145,0.054378332,-2.052310443,-1.530359118,0.008415046,23.85375753,18.69146099,18.69146099,4.049011791,7.390785357,4.861050984,12.339569,12.339569,1.9758595,7.195696265,24.66237636,24.38092412,24.38092412,3.8230427,3.600291611,3.140771999,4.155538542,4.155538542,1.532415864,20.83896277
23,15,180,60,70,0,0,SI,57,0.197494699,0.085399984,6.138002979,1.292675676,6.909559896,0.666928678,12.65842646,1.132626237,54.8681303,0.446184532,16.281652,1.57921953,3.536000223,2.212925466,7.064911908,0.344283666,-47.28068228,-0.327639985,41.50752151,0.36289396,-0.505432641,-11.32595188,2.182299601,1.927575467,12.06561363,0.359401328,-2.101336744,-3.110317723,20.75476687,1.321907671,65.29437463,0.432624781,7.276886037,3.179927286,2.555742868,0.664098889,10.81511171,0.424443383,76.02526251,0.059741418,-2.443852357,-1.521470078,0.016866044,25.71230282,24.48131104,24.48131104,4.608183647,7.93444715,5.724505771,15.06282885,15.06282885,2.432333772,7.824904941,28.24796452,27.43588554,27.43588554,4.336397562,4.206547173,3.718248236,4.541856986,4.541856986,1.697265999,23.13996847
23,15,180,70,80,0,0,SI,57,0.198101072,0.022554122,6.604738595,1.164793182,7.160233068,0.614659535,9.00363681,0.996718858,55.6938329,0.336717591,20.1915019,1.324812232,3.053861241,2.356227549,7.488353557,0.295465052,-50.33026874,-0.287180331,38.58175991,0.361890167,0.88712096,5.959539626,1.822872616,1.973100932,12.82247975,0.301341354,-1.470717126,-3.568379386,15.41937092,1.606955465,71.07422034,0.358919404,5.933120648,3.627131372,2.587783444,0.597580644,11.887429,0.328607073,75.64986749,0.05252736,-1.887742542,-1.775180724,0.004467996,26.7499487,18.75309325,18.75309325,4.401105528,7.693154484,5.286832514,13.96235954,13.96235954,2.212546773,7.195591987,25.5099168,24.77824237,24.77824237,3.86394341,3.596711658,3.351084172,3.973687824,3.973687824,1.546409297,21.52020804
23,15,180,80,90,0,0,SI,57,0.193043928,0.059593101,7.236602616,1.247667434,7.294733577,0.63022535,12.5424694,0.826799728,52.96861349,0.401242677,20.49400244,1.297477388,3.321000955,2.211350561,7.136793774,0.324042842,-48.29122726,-0.313547618,40.63367785,0.355788865,1.732622204,2.904154531,2.132853096,1.88319685,12.51929068,0.34018934,-1.664505952,-3.465038616,17.14831695,1.579449423,68.51608256,0.407674412,6.909053295,3.277411894,2.646670484,0.616244082,11.80048489,0.356703138,75.50139441,0.05606125,-1.078202961,-3.478050932,0.011504086,26.59050476,21.25326827,21.25326827,4.597326022,9.028873417,5.031802624,14.45701012,14.45701012,2.312626937,7.343897325,27.93225367,27.08489931,27.08489931,4.258929234,4.016582232,3.750044813,4.232702547,4.232702547,1.630995023,22.64381345
23,15,180,90,100,0,0,SI,57,0.187233927,0.105287783,8.222152302,1.166295962,8.178875106,0.553834958,12.91960195,0.849198285,48.9449415,0.447859298,25.56820769,1.023471835,3.461148159,2.249047809,7.435731825,0.337110666,-50.25889322,-0.328389556,38.64644453,0.406866119,2.168491882,2.210905888,2.250254744,1.870908616,12.40631828,0.348934044,-0.683107185,-8.33733692,17.90578883,1.547203736,68.16498105,0.41743458,7.088552823,3.276727842,2.721678332,0.602983669,12.16210983,0.363430467,75.090416,0.055528931,-0.997660548,-3.864550674,0.019713445,26.16834044,21.92044714,21.92044714,4.529746951,9.589463029,4.79433147,15.7239289,15.7239289,2.506664508,7.784287684,28.45442024,27.70390337,27.70390337,4.328986809,4.210020989,3.855509743,4.169690529,4.169690529,1.641127586,23.22725839
23,15,180,100,110,0,0,SI,57,0.194872415,0.044652395,6.853855956,1.231627354,7.369332317,0.652189479,12.30656869,0.759291621,51.8931262,0.416086675,21.64655732,1.295198515,3.460985541,2.276652607,7.235337878,0.330706143,-48.95652724,-0.32399854,39.94629968,0.378128265,2.149783781,2.227693995,2.205481073,1.847891541,12.5965486,0.33338469,-1.780012958,-3.30008274,16.6662615,1.60630406,68.99939847,0.398435911,7.099072935,3.293464526,2.71787939,0.612743821,12.13650693,0.355447279,75.14242071,0.055682676,-0.751315703,-5.25366983,0.00870152,28.0365889,21.59203834,21.59203834,4.806201004,8.441396476,4.789060419,15.10482499,15.10482499,2.392770683,7.879461755,27.49183819,26.77108351,26.77108351,4.19949645,4.075489819,3.947164642,4.184131066,4.184131066,1.665363802,23.38054488
23,15,180,110,120,0,0,SI,57,0.205975576,0.048483839,6.293539292,1.282904248,7.28257217,0.660912178,10.67001776,0.923663551,52.4672048,0.387453706,20.97842318,1.330946248,2.908179618,2.338404941,7.233960218,0.302266813,-49.22023515,-0.29394613,39.86334189,0.344788501,2.386487034,1.738295161,1.901773171,1.890350168,12.89044387,0.310041347,-1.220644968,-4.452972705,14.53500053,1.753043086,71.10840211,0.365835319,6.041683247,3.492796347,2.614151434,0.571627646,12.05439201,0.347631268,75.50947005,0.053148266,-0.543889678,-6.915247946,0.009986487,27.92115362,20.32861294,20.32861294,4.813140634,8.074008293,4.148418863,13.7444219,13.7444219,2.1865861,6.800501588,26.01396497,25.48048218,25.48048218,3.996570581,3.595017233,3.761131979,4.0131974,4.0131974,1.494321231,21.10236917
23,15,180,120,130,0,0,SI,57,0.197721977,0.072114688,7.325618665,1.337786143,7.020328325,0.6792533,14.46645502,0.961199905,51.56127509,0.435979205,16.68167848,1.628043212,3.898519003,2.104298942,7.010747765,0.357496214,-46.95455063,-0.343364641,41.65990831,0.372166893,0.572823331,10.83889552,2.607405947,1.752542843,12.00207298,0.37360653,-1.731307401,-3.477008226,20.78903982,1.368464985,64.60851892,0.454816342,8.35777394,3.043593792,2.722244535,0.665142701,11.52697105,0.420303341,75.32060473,0.061242015,-0.710193277,-5.879169273,0.014258659,27.15849341,22.47964372,22.47964372,4.768581182,9.800111139,6.208772236,15.50443864,15.50443864,2.506315783,8.203649413,29.38501024,28.44907307,28.44907307,4.484052839,4.569590631,4.175346492,4.612785605,4.612785605,1.810681083,25.43766888
23,15,180,130,140,0,0,SI,57,0.204879829,0.06600971,7.562575126,1.256853967,6.674628194,0.694494789,12.20212376,0.882645778,54.11611958,0.370747263,15.36018854,1.747562566,3.512324493,2.239806359,7.294776063,0.323725893,-48.77190719,-0.307384857,39.75462847,0.365326094,0.844533465,7.731373816,2.372603431,1.811514097,12.46785245,0.335194256,-1.005605563,-6.155781152,17.68518568,1.489797621,67.74707019,0.403765722,6.795705736,3.299913495,2.644945553,0.61104448,11.75948101,0.361167169,75.50753918,0.05456139,-0.334894405,-12.2577437,0.013524058,26.8428905,20.06340322,20.06340322,4.635494499,9.505052548,6.529403918,14.52340314,14.52340314,2.361507895,7.866926734,27.35394471,26.34734755,26.34734755,4.179152526,4.298004562,4.105049783,4.119796293,4.119796293,1.61617938,22.42524107
23,15,180,140,150,0,0,SI,57,0.222029795,0.048769619,7.686774862,1.364891869,6.237889539,0.746532098,11.70695179,1.094677895,55.1469682,0.373423736,11.0414663,2.398290022,3.547615976,2.222110286,7.27125622,0.314081197,-48.56093051,-0.297338428,40.09259596,0.350255377,-0.085203581,-69.25483307,2.476134635,1.734740206,12.72586248,0.324571613,-1.144956108,-5.132410969,15.67787201,1.681600123,69.36131048,0.390031417,7.191094582,3.324486132,2.641909479,0.665165483,11.61937811,0.390517148,75.60114929,0.060217973,-1.088866474,-3.532042649,0.010828309,26.48063846,20.59318689,20.59318689,4.656784765,10.49161651,5.900759779,14.04264731,14.04264731,2.283764857,7.883193951,27.05309021,26.3639115,26.3639115,4.130453712,4.295450307,3.845922825,4.552547967,4.552547967,1.757306995,23.90669421
23,15,180,150,160,0,0,SI,57,0.225270118,0.059235966,7.712794307,1.333052318,6.316969727,0.738390813,11.47160754,0.984547992,55.22393726,0.335408234,13.15609374,2.013240079,3.804632033,2.131060878,7.119129635,0.337497402,-47.74226076,-0.322054459,40.92641547,0.358150036,0.397938,14.80102566,2.628115583,1.694644873,12.45794238,0.352831745,-1.34003275,-4.859346709,17.31938823,1.618789643,67.3315625,0.424679863,7.957546346,3.168828185,2.722595421,0.668414802,11.76923616,0.383321196,75.28869519,0.059950844,-0.964624556,-4.218820087,0.013344093,26.4863752,18.52256327,18.52256327,4.664392412,10.28155833,5.889890549,14.65779717,14.65779717,2.402687756,8.107902481,28.59435874,28.03644629,28.03644629,4.395557549,4.453722598,4.069577453,4.51362082,4.51362082,1.819823079,25.21609714
23,15,180,160,170,0,0,SI,57,0.232645179,0.043223866,7.179115596,1.308728045,6.299087707,0.731108439,12.77211564,0.911964776,54.9214855,0.354159007,12.38105434,2.213684786,3.900392596,2.117334903,7.378708786,0.373225967,-49.22426097,-0.357558442,39.17196966,0.44118576,0.744786714,8.288487316,2.660241116,1.646542205,12.48481734,0.355617027,-1.440695383,-4.591448535,17.02063634,1.683917629,66.38117842,0.425045405,8.177111969,3.084316821,2.508626372,0.792061644,9.963260117,0.564986752,76.49284068,0.078336371,-1.678085509,-2.670325043,0.010055824,27.40775163,19.45093877,19.45093877,4.605316181,9.395509919,6.173155232,17.28211521,17.28211521,2.753925722,8.258437379,28.21501487,28.66134959,28.66134959,4.439813625,4.380199273,4.481033759,5.992171546,5.992171546,1.986986728,25.22080399
23,15,180,170,180,0,0,SI,57,0.241144164,0.063024674,6.294145284,1.243926594,6.412273134,0.745133664,13.5587209,0.780856376,53.57234643,0.380209278,13.75377623,2.044837841,3.733501689,2.184634915,6.950936889,0.33845548,-46.8074847,-0.324523775,41.93182305,0.346128697,1.009908016,5.485234233,2.466315412,1.735475535,12.41060871,0.357757977,-0.953669772,-6.655870326,17.63116859,1.6100984,66.91790005,0.426258099,7.726082024,3.11844965,2.546439689,0.718339176,10.1701104,0.489276241,76.18547015,0.067753583,-2.70133845,-1.511219771,0.015198032,28.12424209,20.36870316,20.36870316,4.778000575,7.829454705,5.539582022,14.51380728,14.51380728,2.352582681,8.156338145,28.52429686,28.38791634,28.38791634,4.439994265,4.280230059,4.082316074,5.161838575,5.161838575,1.829207388,24.09339778
24,16,170,10,20,0,1,SI,60,0.255392086,0.052758175,9.971705247,1.647593138,16.9476655,0.126975628,91.85312725,12.55447554,254.8645883,7.740068261,-48.76057932,-35.17837312,3.879298445,2.248525778,10.59909357,0.081501253,-11.45617742,-0.584033284,68.02153339,0.061806373,14.93095707,0.283945061,4.815072151,2.033176987,8.636085841,0.288875982,-24.45512391,-0.688547665,30.11882016,0.732932315,39.18258624,0.541666472,9.69041912,2.928595388,5.198402524,0.358961916,11.49140298,0.545107755,72.76527493,0.080516268,-3.724490729,-1.102684963,0.01347402,1715.317853,1972.669311,1972.669311,2.15194047,16.42931314,4.239571516,4.204164265,4.204164265,0.863839407,8.722702554,21.22389325,22.07505658,22.07505658,2.494757778,9.789893888,4.106939922,5.858788377,5.858788377,1.86602853,28.37931674
24,16,170,20,30,0,1,SI,60,0.271380991,0.061172897,12.70397483,1.565057382,16.66484971,0.149302898,55.97535607,24.11961941,250.5471879,8.470193918,-99.55275388,-18.23363615,5.06767374,2.035201484,10.51616009,0.09398489,-11.9466638,-0.66385837,67.95933932,0.072079175,13.55377377,0.341380241,5.925615177,1.919487275,8.751950952,0.284935401,-27.3482406,-0.617035361,29.46196505,0.755353854,35.90953669,0.623567219,12.12364804,2.623268809,5.375314485,0.404648118,10.71394068,0.84677226,71.42777233,0.123061695,-3.726069526,-1.247697979,0.016601161,1815.208692,2122.183267,2122.183267,2.488110356,19.88244959,4.626990556,4.898453112,4.898453112,0.988360149,10.31373712,22.39200993,22.25420885,22.25420885,2.493740654,11.37414293,4.649009417,8.790022733,8.790022733,2.17511089,31.80358775
24,16,170,30,40,0,1,SI,60,0.290440504,0.037047699,12.57933829,1.511624482,17.10376735,0.130414046,143.9711402,9.391762703,211.1788671,9.159268454,-89.68817917,-19.63989652,4.999402485,1.973709569,10.50309648,0.092255831,-11.80278077,-0.675496455,68.1132285,0.068608383,13.6516801,0.291345054,6.057485461,1.805128413,8.654414695,0.305245446,-27.03687689,-0.630572724,30.56920925,0.766454571,33.70373704,0.716439447,12.29631684,2.623720167,5.472937761,0.370829519,12.0343875,0.570324962,71.34300626,0.087134948,-4.479350257,-0.787855509,0.010760152,1761.466558,1934.243936,1934.243936,2.230571502,19.01523573,3.977349476,4.673138468,4.673138468,0.968971894,9.867368524,24.14668673,23.42991016,23.42991016,2.641720673,10.93453912,3.529080777,6.216469141,6.216469141,2.029526877,32.26209447
24,16,170,40,50,0,1,SI,60,0.292145111,0.017355819,12.89110251,1.363517468,16.87894243,0.131371302,82.01081654,16.99812931,135.6906632,13.44573933,-69.87070188,-23.44450739,4.790295944,2.035961359,10.66082133,0.084643339,-14.27489109,-0.624767874,66.39175018,0.063964065,12.94064276,0.29025157,6.144148514,1.881313885,8.845489336,0.294397192,-27.03571604,-0.685713717,29.4992917,0.80780985,33.51833312,0.711556807,12.34809946,2.608797255,5.401552931,0.368364303,12.42848597,0.511015155,71.61604435,0.08546177,-3.342122566,-1.061368046,0.005070418,1638.084187,1824.461287,1824.461287,2.217408643,17.57724345,3.756041878,4.246686224,4.246686224,0.902367514,9.75285744,23.85019809,23.8298184,23.8298184,2.604087222,11.55907191,3.547222097,6.120433911,6.120433911,1.989739281,32.21368798
24,16,170,50,60,0,1,SI,60,0.292862688,0.051400156,13.30881572,1.354533356,16.57549102,0.132069176,162.5346091,9.177975606,148.3902267,12.64052419,-69.56124418,-19.47013577,4.874807694,1.996821758,10.67465339,0.093005511,-13.28403735,-0.670331319,66.56787906,0.069663068,13.80846115,0.309969734,5.830049047,1.890795154,9.164839443,0.277850207,-28.42207273,-0.622435806,27.04487409,0.866801044,34.81333631,0.689432382,12.95998385,2.575091582,5.489559214,0.382002547,12.16301644,0.511518568,71.56690478,0.085120385,-4.080908479,-0.882204147,0.015053188,1354.366869,1875.73025,1875.73025,2.189111441,18.02723482,4.28020503,4.637322686,4.637322686,0.992801593,9.734122069,24.00144138,23.4425251,23.4425251,2.546452536,11.02342849,3.600194384,6.091802488,6.091802488,2.097025602,33.37314531
24,16,170,60,70,0,1,SI,60,0.305526304,0.041563105,13.23497629,1.338770135,16.77536372,0.139034411,162.8321612,8.614788397,152.7199689,13.18387235,-93.21503613,-16.01646673,4.790702922,2.012991177,10.46879392,0.094882739,-11.99567621,-0.73641295,67.85622477,0.066566594,13.10382622,0.334531543,6.020247038,1.848652313,8.932031089,0.295745314,-26.77779371,-0.647299061,28.88895021,0.831667644,34.14647492,0.748841363,12.8724068,2.557277816,5.413588832,0.388037413,12.1143791,0.593251117,71.39427624,0.088535607,-2.505122721,-1.743148036,0.012698622,1492.975525,2013.440575,2013.440575,2.332352814,17.71859099,4.383643205,4.516957765,4.516957765,0.993307841,9.643642714,25.57029282,24.02600516,24.02600516,2.641606339,11.12934361,4.366799751,6.320935583,6.320935583,2.100675005,32.91832035
24,16,170,70,80,0,1,SI,60,0.314913801,0.012894418,13.61439078,1.282354788,16.47762145,0.136068388,141.8613274,10.68463089,139.0528331,12.81283091,-41.31005413,-34.05840864,5.14670848,1.880881709,10.46634363,0.093479948,-12.17926117,-0.791116777,67.52766898,0.064575689,12.83309771,0.31604128,6.299270834,1.773790253,9.03798189,0.302965193,-27.28771411,-0.634648102,28.1371967,0.87891319,33.99382374,0.740165423,13.35207261,2.472373271,5.297385364,0.382487509,11.3740236,0.553438325,72.24128147,0.086402968,-3.212753239,-1.154661716,0.00406063,1406.954705,1781.660438,1781.660438,2.242083389,17.4584792,4.055788627,4.360645751,4.360645751,0.978393258,9.680349842,25.16105293,24.73015331,24.73015331,2.738193928,11.17358521,3.709643168,6.241861131,6.241861131,2.026183732,33.01130743
24,16,170,80,90,0,1,SI,60,0.306795369,0.015911568,11.96405526,1.325680071,16.75934901,0.12696323,89.66613048,16.62437575,126.3958777,13.93913886,-86.38561947,-17.24088004,4.574876391,1.827873577,10.36481443,0.090873661,-11.62427298,-0.859089886,67.96136308,0.065076824,12.4416824,0.359411592,5.926728533,1.706056469,8.709520691,0.316467717,-25.24280578,-0.690881134,30.81464613,0.80633093,32.82663753,0.804784914,12.22122567,2.575081808,5.231341485,0.378374247,11.49762655,0.588353275,72.4153277,0.084850432,-3.039591242,-1.089197338,0.004881595,1489.364102,1761.849691,1761.849691,2.127821083,15.86050963,4.471684879,4.422709664,4.422709664,0.941888633,8.362295673,26.41838266,24.84680227,24.84680227,2.756282129,10.11133355,3.310714689,6.144471839,6.144471839,1.979404895,31.47065589
24,16,170,90,100,0,1,SI,60,0.299978629,0.042004849,13.1796877,1.383124811,16.59585486,0.151057891,155.803853,8.861455746,139.7795751,12.53000497,-88.12711394,-19.96325999,4.855502798,1.824484121,10.44997888,0.09600703,-11.85431433,-0.88919013,67.36822385,0.071880832,12.88316697,0.349266007,6.115165611,1.734638711,8.764998963,0.324346242,-24.81419391,-0.714251587,30.75873952,0.841021805,32.32460905,0.83513446,12.92885266,2.467765645,5.136426812,0.399566255,9.702785749,0.780779126,72.92177564,0.097965632,-3.48264185,-1.10472949,0.012600557,1759.304488,1751.438771,1751.438771,2.506934834,18.22915306,4.499652285,4.842483981,4.842483981,1.003271436,8.858787754,26.99539492,25.86877063,25.86877063,2.842894475,10.60760299,3.847377155,7.143827837,7.143827837,2.052342825,31.90537842
24,16,170,100,110,0,1,SI,60,0.301864467,0.027636611,13.34530518,1.273797797,16.70774898,0.144852265,119.3966518,12.94799993,102.9228004,16.48171281,-96.26655315,-18.03744767,5.266994227,1.748670732,10.23558401,0.10062342,-9.980411262,-1.026330968,68.76145305,0.067808196,12.47597085,0.357660225,6.616196789,1.663884801,8.448588385,0.35825976,-23.03223281,-0.796822783,33.63778228,0.811363447,29.79206693,0.935885155,14.39877046,2.369818179,5.21236601,0.412375913,10.43221477,0.674463434,72.57370539,0.094766174,-2.849030064,-1.317665454,0.008342511,1736.402915,1696.344038,1696.344038,2.420155283,16.99922034,4.462158541,4.662590086,4.662590086,1.029939469,9.21023865,27.88195318,27.29246698,27.29246698,3.026789247,11.00858928,3.754068493,6.877532393,6.877532393,2.149454192,34.12246799
24,16,170,110,120,0,1,SI,60,0.303326689,0.035910096,12.8654068,1.30120449,16.7719711,0.135867857,148.7146977,9.781749523,100.0506099,18.92329977,-25.37406033,-72.41022541,5.578512962,1.702402848,10.30517266,0.103859107,-10.51815233,-0.97493013,68.29484258,0.071461867,12.64072849,0.360949285,6.987417789,1.656265886,8.389776052,0.354343497,-22.99334348,-0.785446303,33.66271214,0.780304428,31.15799155,0.855048348,14.41827662,2.337199775,5.214012125,0.417842358,10.11020466,0.790227203,72.44508039,0.092723607,-2.947668062,-1.275235769,0.010892491,1837.341428,1893.287683,1893.287683,2.278771771,16.74052509,4.56266191,4.880476957,4.880476957,1.07028603,9.496876354,26.6415892,26.26716334,26.26716334,2.972862585,11.57302172,3.758971748,6.717369163,6.717369163,2.178635121,33.69839287
24,16,170,120,130,0,1,SI,60,0.304745729,0.041521567,13.25823163,1.286705711,16.4653917,0.167153452,163.2977818,8.827149335,145.7075015,11.92133157,-60.88447456,-29.47078316,5.664820915,1.719625957,10.38974655,0.104834306,-10.13445588,-0.985271647,68.08445818,0.072538369,13.66191793,0.326445506,6.621354384,1.650868735,8.393963952,0.3619041,-22.12496796,-0.811897064,34.1268971,0.79952087,30.34868787,0.928734273,15.17602523,2.267328846,5.271181222,0.433714149,9.326034918,0.886557765,72.3867268,0.10690161,-4.051324741,-1.176887522,0.01265352,1794.313148,1737.027438,1737.027438,2.752247061,17.05944236,4.459871712,4.938735551,4.938735551,1.089201869,9.741373087,28.18586657,27.28516646,27.28516646,3.037809969,10.93098694,4.767953535,7.738257638,7.738257638,2.286185878,34.40903977
24,16,170,130,140,0,1,SI,60,0.325603999,0.02982811,14.49282974,1.487074196,16.62497484,0.146222805,149.5081673,10.68552448,185.1585584,9.069563187,-68.44355674,-21.33959289,5.839407802,1.746106514,10.36618137,0.104217029,-10.47681754,-0.922109367,68.23288377,0.065456112,13.10936213,0.341660592,7.114808127,1.691879761,8.659845884,0.33280569,-23.44968864,-0.728935853,31.5053595,0.813981931,34.08944563,0.766441876,15.20703331,2.293745335,5.318479751,0.425195828,10.21290511,0.65847235,72.46842972,0.088766562,-3.856944091,-0.976699384,0.009712152,1460.557637,1679.307245,1679.307245,2.430950454,21.55191313,4.478952426,4.466259282,4.466259282,1.080332624,10.196228,26.12757866,25.64479336,25.64479336,2.882045985,12.03739987,3.767074918,6.43277336,6.43277336,2.261395401,34.88106171
24,16,170,140,150,0,1,SI,60,0.329052749,0.014736961,13.84475067,1.345290936,16.45799191,0.152715912,200.4782343,7.291355025,162.9836234,10.62805652,-69.02593308,-25.05975538,5.350479579,1.774115113,10.44192705,0.100478452,-10.90128506,-0.842452871,68.03624071,0.068328301,13.64311245,0.323789278,6.503886275,1.70195462,8.761537116,0.318424344,-24.30534817,-0.688621312,30.30272601,0.824831708,35.80009112,0.698835918,14.14605813,2.433335685,5.214271198,0.444336737,8.813911416,1.01653915,72.68556675,0.124632435,-4.292092941,-0.971096848,0.004849238,1729.772998,1732.199161,1732.199161,2.513397244,18.62521759,4.41749353,4.648800734,4.648800734,1.049188666,9.492366683,25.01838954,24.99464925,24.99464925,2.789886709,11.06931929,4.168037926,9.058979173,9.058979173,2.31689225,34.42210805
24,16,170,150,160,0,1,SI,60,0.358955978,0.028435726,14.77294978,1.407530457,16.87352301,0.136365093,185.8716976,7.944804785,140.0884225,14.06570511,-89.61283093,-17.15583739,5.800120603,1.742449359,10.30965607,0.113736573,-9.850997043,-0.963068754,68.71014694,0.073125168,13.17430888,0.360211713,6.903300065,1.671721522,8.755139783,0.338007847,-22.96362117,-0.679407418,30.49485616,0.84453319,36.69681335,0.715530982,15.50558394,2.352382503,5.35749188,0.444398421,10.15218464,0.711031412,72.29369561,0.091833199,-4.087878097,-0.931055399,0.010207174,1537.383155,1970.44244,1970.44244,2.300959534,20.79337676,4.745540369,5.024441038,5.024441038,1.17258495,10.10641643,26.25770689,25.75391815,25.75391815,2.959305948,11.54039529,3.806040973,6.638961335,6.638961335,2.380860932,36.47506436
24,16,170,160,170,1,1,SI,60,0.342322236,0.030922307,14.65032598,1.530082182,16.78688462,0.144401866,191.2540817,8.284613953,215.7106054,9.703679962,-29.47055963,-61.01812788,5.780066717,1.764210975,10.24458494,0.111229974,-9.957324126,-0.941658665,68.99175694,0.069608395,12.54561886,0.418310248,7.091241489,1.710162897,8.723868543,0.332023294,-24.21643933,-0.673528799,30.69103386,0.835546218,35.51804661,0.717754983,14.99993216,2.334833059,5.338240998,0.429633212,10.0564901,0.788048368,72.03854897,0.091239448,-3.754954288,-1.172130201,0.010585393,1798.238376,2093.186679,2093.186679,2.424057463,22.41620274,5.247960937,4.802405469,4.802405469,1.139504917,10.19725714,25.49325494,25.64377727,25.64377727,2.89652757,12.12717809,4.401295324,6.572757443,6.572757443,2.293485626,35.02233749
25,17,160,10,20,0,1,SI,75,0.165663233,0.152162857,13.96838268,1.083228964,9.081460567,0.383492744,190.5380688,6.532465328,210.0949877,12.41389167,38.23891155,44.03322687,4.705724595,2.01282798,9.553971824,0.226971917,-26.99590699,-0.713919755,54.90472273,0.254589911,11.26739971,0.460800123,4.604662784,1.634105914,8.310969673,0.496833583,-25.52584626,-0.787185614,39.68925441,0.668645212,22.89126495,1.110041897,11.5856161,3.122344209,2.173665621,1.331284257,10.61177122,0.61241961,72.70500719,0.078005961,-6.443730067,-0.782352111,0.025207791,1683.782668,2608.096418,2608.096418,3.482674232,15.1309567,5.192019172,13.97818847,13.97818847,2.1684833,9.471814131,25.41026317,26.53802993,26.53802993,4.129168841,7.524506687,5.041265821,5.671423955,5.671423955,2.893766821,36.17428134
25,17,160,20,30,0,1,SI,75,0.124014647,0.180504544,12.83187953,1.273256864,8.925032306,0.437834528,47.89221749,29.51228448,206.7454742,13.32888546,27.15185517,70.11781535,3.630831739,1.925311814,9.515556386,0.229034674,-25.64974604,-0.867307593,54.79174698,0.280153132,11.38250689,0.596310805,3.973189941,1.726382126,8.372105057,0.515485611,-22.30090885,-0.849052829,39.05586555,0.706006685,25.35951557,1.11695122,8.783489416,3.315085449,2.087413819,1.293217635,9.770663487,0.997087523,73.0129111,0.113828521,-5.846766766,-0.813641766,0.022385207,1903.828767,2755.686745,2755.686745,3.907687307,16.33827869,6.787511846,15.35007952,15.35007952,2.179392355,6.990483242,28.32534185,27.57370217,27.57370217,4.315699691,6.859244097,4.757173637,8.310951684,8.310951684,2.699480362,29.11801795
25,17,160,30,40,0,1,SI,75,0.116219412,0.184628059,12.50511425,1.141088339,8.649244106,0.405275041,108.6851141,10.372906,143.1006165,15.92986613,53.57315019,33.62197769,4.196939898,1.979356698,10.05262377,0.251813792,-32.35715765,-0.689949076,50.26638613,0.334721149,9.815354998,0.442170364,3.760008539,1.825028466,9.214060427,0.494010009,-17.06175713,-0.762644523,33.53367797,0.872581185,37.77605401,0.830824029,9.747314951,3.320734023,2.156856374,1.199695593,10.90397007,0.632105828,73.15027533,0.070159966,-5.405042196,-0.81363693,0.021457364,1801.23526,2279.573664,2279.573664,3.50532276,14.26944005,4.340059092,16.82522252,16.82522252,2.531389311,8.307241098,31.38525339,29.26085646,29.26085646,4.551838074,6.862122616,4.397741939,5.13222083,5.13222083,2.587571087,32.36824039
25,17,160,40,50,0,1,SI,75,0.104057793,0.218386394,12.3011833,1.238358865,9.448774121,0.456653807,195.2486948,7.419015035,170.7771117,14.79779112,69.73683919,27.52459594,4.614678799,1.992767552,9.365118123,0.285215165,-31.06703786,-0.771336561,52.90584529,0.3697731,3.154649412,1.865903892,3.946859177,1.914876796,8.263152967,0.53724949,-15.84898461,-0.926912273,39.99246526,0.710202054,30.30368182,1.056929716,9.963387449,3.38280797,1.997364921,1.346735211,10.2357582,0.639033531,73.2768534,0.080421111,-6.992104668,-0.573906394,0.022724806,1919.478321,2527.124027,2527.124027,4.314818674,15.23327939,5.886272616,19.56315842,19.56315842,2.671073711,9.195982174,32.02886182,28.40273097,28.40273097,4.439374717,7.557749055,4.012813576,5.893005961,5.893005961,2.689921668,33.70422647
25,17,160,50,60,0,1,SI,75,0.120358678,0.25076909,10.43981122,1.406331453,9.326241825,0.519717572,158.7351723,9.210444283,186.8737679,12.53955554,74.10276686,25.20297259,4.18469998,1.939869363,9.667208805,0.289638052,-33.88184938,-0.747289715,50.40875963,0.432519344,2.129829651,3.188237666,3.592254644,1.932840879,8.228861524,0.510601441,-13.16715009,-1.162367179,40.45237698,0.662925425,31.03485489,1.062213808,9.025591461,3.365681278,2.074724768,1.278767425,9.823382408,0.7609037,73.44271864,0.090198408,-5.633647258,-1.00545468,0.030182236,1867.610002,2343.313992,2343.313992,4.847011757,14.68183488,6.790403115,21.80276365,21.80276365,2.799991527,8.117771285,32.96565139,26.8169092,26.8169092,4.201668552,6.943256624,5.664377001,6.624416301,6.624416301,2.653090449,30.3772642
25,17,160,60,70,0,1,SI,75,0.096118513,0.217029593,12.01254286,1.28541144,9.179121717,0.437086153,225.7316335,7.091010754,250.2865904,10.43769483,46.12987828,45.99649795,4.66905922,1.948628025,10.75586614,0.276651478,-42.93501626,-0.658693776,40.49491846,0.603659222,-0.496659334,-18.99465624,4.11103086,1.873899446,9.227099889,0.500660821,-18.24651752,-0.885143464,33.415686,0.902352024,34.03497178,0.90234782,10.91602332,3.169481605,2.308970372,1.263708604,9.753135721,0.945033373,71.99573914,0.076398765,-6.179090659,-0.856679795,0.020860562,2121.812852,2612.415051,2612.415051,4.012066999,15.44106002,9.433873318,24.44513097,24.44513097,2.975626265,9.098259646,30.71138259,30.1527119,30.1527119,4.619647406,7.703658451,5.293502119,5.500385556,5.500385556,2.917865725,34.59813511
25,17,160,70,80,0,1,SI,75,0.081065278,0.247657954,11.68277985,1.338127496,9.250387008,0.420152654,198.3789496,6.570115086,197.3539922,12.27816951,67.01409288,24.10326697,4.386309309,1.937964362,11.12647224,0.277575319,-44.16676222,-0.67175076,39.27144993,0.617098779,4.419403631,1.706942534,3.857501726,1.806319449,9.429722818,0.499819038,-18.28758331,-0.915824036,31.79677679,0.970493618,33.55960649,0.945184171,9.85571446,3.147108894,2.358352724,1.218190375,7.82542444,1.394525617,72.58264071,0.096447939,-5.824679129,-1.04347678,0.020076461,1615.258571,2423.14577,2423.14577,3.886574652,15.63304895,7.543668033,24.2343638,24.2343638,3.088434081,8.500511122,31.72000884,30.85856895,30.85856895,4.713154987,6.967880392,6.077917422,7.000446104,7.000446104,2.872922589,31.01700663
25,17,160,80,90,0,1,SI,75,0.081323506,0.198166669,10.21581981,1.399004387,9.386241861,0.496926762,196.7181993,6.872297799,203.3129997,10.96672778,27.89318456,67.28530423,4.275576596,1.890628456,10.93453872,0.259787906,-40.44797697,-0.703208049,41.40575224,0.526518006,6.340479185,1.420511663,3.760949642,1.930913908,9.562000777,0.48773789,-19.70882352,-0.851031018,30.85410198,0.994423914,32.7419049,0.960239379,10.67967656,3.105428438,2.607043651,1.207840545,6.075857054,2.257668057,71.01119597,0.113847656,-7.53529899,-0.725434235,0.016115608,1876.801409,2229.678322,2229.678322,4.664274775,14.29197673,9.006724631,21.80087411,21.80087411,2.840660917,8.083526778,31.44006643,30.68205685,30.68205685,4.663750083,7.262069971,5.466363858,8.084458211,8.084458211,3.148893024,33.1649713
25,17,160,90,100,0,1,SI,75,0.08653814,0.188425796,9.305632299,1.466534629,9.487068855,0.474111312,190.3783162,7.130643977,166.1929222,13.54883479,23.70675645,71.18215298,4.089185407,1.80253706,9.99534273,0.283526395,-35.31107579,-0.80928125,46.32771575,0.503698119,0.310071416,33.15249675,3.832151335,1.820802654,8.793735865,0.537652564,-18.23884371,-1.005369142,36.00185883,0.859709968,28.25945554,1.108064578,10.68410269,3.144300671,2.107971666,1.311770968,7.926204805,0.916365903,72.90212019,0.083771911,-8.373805752,-0.687110874,0.016306018,1687.497964,2251.720446,2251.720446,4.497926662,13.64703201,10.27964161,23.33518328,23.33518328,2.833943491,7.370908241,31.31330168,30.9511569,30.9511569,4.727974635,6.977591321,5.753732989,6.107149924,6.107149924,2.765176033,33.59403126
25,17,160,100,110,0,1,SI,75,0.076667595,0.316439155,11.08285421,1.272206509,9.840954405,0.45450522,205.1638264,7.274289619,155.9545748,15.53935421,35.13666477,53.70821512,4.217888256,1.892228869,10.70624595,0.263102782,-39.44599839,-0.755103847,41.81298791,0.529032872,3.624512129,2.802305417,3.950286421,1.840074954,9.522699,0.503998994,-18.06256315,-0.872961043,31.07301032,1.015322819,33.45901863,0.984621417,10.89171774,3.155044246,2.031059995,1.46806992,8.43041581,0.93242556,72.66571588,0.083964888,-7.444567782,-0.820428508,0.024260629,1887.12755,2423.433378,2423.433378,4.472765147,14.09967926,10.15698997,22.12044508,22.12044508,2.816843094,7.981209924,32.94446633,31.54913643,31.54913643,4.799430716,7.268823104,6.107735638,6.101368695,6.101368695,2.981738084,34.36385138
25,17,160,110,120,0,1,SI,75,0.04217591,0.482289322,9.504235158,1.424546115,8.948770872,0.517168698,176.4688714,6.966433491,218.4901005,9.746046012,46.17993588,33.38041674,4.087883966,1.92427434,10.46344632,0.25337926,-38.30619321,-0.72395285,43.20453477,0.521762679,1.043475769,12.15038457,3.716962872,1.891980559,9.026429449,0.557310995,-15.13960079,-0.969462504,34.29020484,0.960292084,33.12531817,1.024116361,11.04589049,3.056130369,2.299801199,1.243029338,5.413634937,1.955354091,72.22070198,0.094077702,-6.994632537,-1.139320071,0.020340991,1541.505505,2129.414573,2129.414573,4.628024181,13.53922127,12.67863188,22.54251381,22.54251381,2.651220286,7.866210221,33.9241803,32.92861227,32.92861227,5.030528378,7.032421492,7.969125239,6.794357679,6.794357679,2.858720362,33.75768138
25,17,160,120,130,0,1,SI,75,0.058186051,0.488568841,11.55941967,1.39088206,9.409561685,0.430202048,195.8312136,6.03534436,188.9168323,12.20768671,45.24701716,34.40988545,4.169824785,2.054462884,9.331115594,0.20731469,-30.18370575,-0.668806592,50.12215325,0.382521028,-3.89199024,-4.055064376,3.268653,1.944410516,8.565478537,0.540071545,-9.906403208,-1.149061813,37.88793458,0.791541839,36.84352062,0.926006051,10.75842128,3.065007778,2.102589811,1.348575791,6.965397407,0.963853022,73.12125986,0.088683573,-8.717048019,-0.793361802,0.028427891,1556.944677,2306.237503,2306.237503,4.048012708,16.07778944,15.78227097,19.17277759,19.17277759,1.934477337,8.566750254,34.11732303,29.98988541,29.98988541,4.625971227,6.355603266,6.915772924,6.484654587,6.484654587,2.835501718,32.9746449
25,17,160,130,140,0,1,SI,75,0.076429343,0.405264492,8.604898645,1.440853302,8.457749722,0.533775417,181.5090906,6.709051908,202.7289116,10.34262824,44.76139011,37.17377823,4.496729553,2.011208453,9.642191508,0.198035638,-32.75219701,-0.607959186,48.68540235,0.375375608,-2.410416155,-6.051891102,3.814590489,1.904088878,9.0643278,0.543137178,-10.53768799,-1.139588848,34.38735712,0.934489651,39.93099669,0.855012463,10.55340896,3.30461953,2.470909024,1.28294319,4.154445424,2.883654059,71.34868462,0.106981746,-9.824807381,-0.564592025,0.030974099,1663.949989,2096.749766,2096.749766,4.514538885,12.39839663,14.58757608,18.27531251,18.27531251,1.909497547,9.043860488,34.14149983,32.13462935,32.13462935,4.923173422,7.263319324,5.547007894,7.633006855,7.633006855,3.170035905,34.87500136
25,17,160,140,150,0,1,SI,75,0.086802152,0.403233877,9.796072309,1.533290606,10.0725732,0.476519029,156.0566278,8.466363855,152.9678927,13.56708794,42.83149497,37.21916907,4.431279313,2.119530705,9.219617851,0.250168685,-26.08978135,-0.85855092,48.06191777,0.501944712,-8.104907142,-2.571275868,3.808515916,2.017144624,8.271233763,0.596883284,-15.75644544,-1.021542466,39.28183713,0.824042365,24.71543227,1.3605137,11.15140842,3.073706347,2.009689856,1.467016935,6.88746001,1.003948496,73.14327339,0.091808108,-8.744484611,-0.662614719,0.035001568,1594.152653,2075.328852,2075.328852,4.799772801,15.02022565,20.83995215,24.12442547,24.12442547,2.306459674,9.392232566,33.6256842,32.36989797,32.36989797,4.936961171,7.682327405,5.794224213,6.715145543,6.715145543,2.948249053,34.27615484
25,17,160,150,160,1,1,SI,75,0.098702403,0.243832014,11.04150375,1.310116583,9.435248004,0.514283068,204.1365388,6.16449045,208.1500731,10.70855273,37.06075527,43.97915158,4.70608491,1.896842729,10.1630315,0.244749198,-36.58388927,-0.661622339,44.47079303,0.517550399,-3.198615689,-4.603968881,3.949130579,1.818767591,8.840373646,0.543332438,-11.14937192,-1.136657404,35.9289622,0.867312456,34.37549032,1.088824476,10.16127706,3.293830757,2.139264092,1.386710316,6.410100975,1.037540357,73.02329525,0.08580682,-7.726658897,-1.12930335,0.024066806,1629.900574,2228.986034,2228.986034,4.852388291,14.46565716,14.72632709,23.01587668,23.01587668,2.487393809,8.926702944,37.42887523,31.16163645,31.16163645,4.803261766,7.18255071,8.725741777,6.265896751,6.265896751,2.966539585,33.46952691
26,18,160,10,20,0,1,SI,65,0.277840566,0.028292844,18.54104866,0.967478303,16.9464315,0.205961395,172.0755092,7.627522492,102.3836859,23.31347241,-191.1725642,-7.642565618,5.251614155,1.722167439,6.334992978,0.132974844,-22.0326294,-0.334445585,59.87045046,0.070093352,17.10901976,0.185312605,5.96074566,1.825121701,8.61758558,0.354766449,-5.249251662,-1.103407428,42.06620791,0.438724604,43.56388388,0.512091113,13.90070184,2.817441617,2.449848288,1.330623816,2.91753396,2.04167231,75.05137992,0.105620452,-10.45285309,-0.438273478,0.0078609,1461.048866,2386.919236,2386.919236,3.490310672,17.93806229,3.170517021,4.196520558,4.196520558,0.842394703,9.0441589,22.30867778,18.45548041,18.45548041,3.057230235,10.87908626,4.581208279,7.92696067,7.92696067,3.259826478,39.16441587
26,18,160,20,30,0,1,SI,65,0.280746129,0.016665599,21.51212483,0.970531573,16.6005652,0.215661872,148.0435812,9.283492806,101.8087372,26.07387762,-271.3784961,-5.687056156,5.485745591,1.639145324,6.318118466,0.142472917,-22.23656385,-0.358333509,59.99526989,0.07868151,16.53560464,0.197502654,6.446528026,1.740807169,8.604253234,0.359294574,-5.524216129,-0.989453944,42.20843377,0.447973675,43.47057849,0.515285589,14.62330968,2.72367348,2.506659879,1.34687394,2.800933204,2.085317499,74.74097325,0.107886224,-10.94368875,-0.421874029,0.004678802,1543.344747,2654.548554,2654.548554,3.580108967,20.87819635,3.265825802,4.720518428,4.720518428,0.900160768,8.991934234,22.39976264,18.90826719,18.90826719,3.0914615,11.2221622,4.616858065,8.063521382,8.063521382,3.376154867,39.82912077
26,18,160,30,40,0,1,SI,65,0.267400404,0.034742335,18.84236876,1.016170706,16.09330371,0.219903662,155.7314533,8.567461355,107.4005076,24.81000068,-257.7075862,-5.800121843,5.460278474,1.660143049,5.251754919,0.189096228,-20.2688349,-0.374522325,65.80663654,0.08143342,8.507918733,0.518368688,5.942883669,1.667077913,8.422754682,0.381595362,-7.080604246,-0.841817686,43.16815244,0.446140565,41.91991822,0.538448899,14.85983513,2.695783331,2.615602085,1.237266327,3.409920349,1.684357801,73.9326262,0.108273775,-11.62885276,-0.400752291,0.009290114,1494.7354,2664.606667,2664.606667,3.53897642,19.14706317,4.410238671,5.358859472,5.358859472,0.993087046,9.064843354,22.57173381,19.25906392,19.25906392,3.214084122,9.907250104,4.660289385,8.004964534,8.004964534,3.236196385,40.05889584
26,18,160,40,50,0,1,SI,65,0.248053276,0.026431335,18.24564666,1.052708608,16.08126615,0.23645189,180.6500592,7.28995256,111.4203111,23.15785508,-254.096359,-5.488854681,5.593577408,1.612801662,5.231270822,0.20835841,-20.79026663,-0.384608228,65.84816051,0.092893274,7.503367663,0.530084761,6.169171076,1.661509699,8.290868447,0.397053951,-8.192208836,-0.744180874,44.00845324,0.450867587,40.45387389,0.573292841,15.82182552,2.615581538,2.837192363,1.156440739,5.241357552,1.171938451,72.10956728,0.099975733,-12.7149343,-0.320646238,0.006556379,1394.69799,2580.255417,2580.255417,3.802445775,19.2073493,3.977420854,6.116851217,6.116851217,1.089979271,9.02133094,23.19191629,19.84198512,19.84198512,3.291922074,10.25013758,4.07699585,7.209206845,7.209206845,3.281044833,41.38327473
26,18,160,50,60,0,1,SI,65,0.251561449,0.023816605,20.25227985,1.007277033,16.27456229,0.227100196,200.5957843,6.776375889,149.2217157,18.37876401,-230.7955931,-6.735083945,5.311319052,1.663785721,5.501465703,0.187403871,-22.65422686,-0.356877531,64.08009118,0.090920732,7.192835768,0.595693699,6.319385842,1.556496893,8.204638332,0.41449511,-10.57446599,-0.650352456,44.46702424,0.455957768,38.62202378,0.604152346,16.35242664,2.532600965,2.909387765,1.124737958,4.201295616,1.568386045,72.12747406,0.101283541,-12.40532742,-0.367652657,0.00599134,1554.427694,2742.510698,2742.510698,3.695956286,20.39965636,4.284726945,5.826208797,5.826208797,1.030995969,8.836896798,23.33358627,20.27508512,20.27508512,3.400782468,9.836104429,4.560851587,7.305325976,7.305325976,3.272298854,41.41417149
26,18,160,60,70,0,1,SI,65,0.232108769,0.065987336,18.39190504,1.059056339,15.5457376,0.250674498,201.8718031,7.249175934,106.5801688,25.15836822,-251.5798218,-6.274586294,6.091965104,1.626845499,5.589250252,0.213698588,-23.16020655,-0.388992447,63.56471376,0.106630292,6.910778351,0.650074463,6.419884196,1.598892175,8.180715353,0.425535707,-10.99731476,-0.70871804,44.59477466,0.46383034,38.04208585,0.619744629,15.81750406,2.518587051,2.742460924,1.186163847,4.322691849,1.560338056,72.75613122,0.10121659,-11.75160593,-0.384142522,0.015316239,1578.559302,2681.383132,2681.383132,3.896919969,19.47806362,4.492520525,6.777923989,6.777923989,1.194414887,9.91068601,23.57637838,20.68440949,20.68440949,3.481186492,10.26470261,4.51429154,7.364127504,7.364127504,3.253008,39.8377609
26,18,160,70,80,0,1,SI,65,0.243207953,0.054284935,20.14829289,0.997795877,15.52771557,0.255625347,197.1509229,7.460823542,96.37063523,27.34921508,-243.0073707,-6.718574531,6.012325346,1.616379031,5.419004632,0.198360933,-22.12062081,-0.380503846,64.57602894,0.093386183,6.707586414,0.652347854,6.7383015,1.555355653,7.837392264,0.473580046,-9.636112837,-0.814261842,46.40394143,0.465935739,35.90786061,0.70613802,16.53257106,2.500980046,2.745624292,1.227228454,4.482779672,1.450903017,73.01213063,0.105443292,-11.28670058,-0.428318312,0.013202528,1632.663132,2635.66123,2635.66123,3.969277681,20.10388357,4.375679603,6.030508856,6.030508856,1.074918815,9.718196617,25.35590559,21.62125474,21.62125474,3.711632589,10.48045533,4.83430054,7.69863941,7.69863941,3.369508255,41.34763033
26,18,160,80,90,0,1,SI,65,0.245583149,0.032940846,19.42138923,0.939209769,15.40707766,0.261527332,223.0226507,6.986173496,124.943094,19.98449692,-222.7890127,-6.872235241,5.927524831,1.610726878,5.341242366,0.211643877,-21.48751894,-0.400258297,65.10220339,0.097529089,7.11901197,0.579390832,6.439165285,1.605556888,7.873203863,0.463264953,-9.680486809,-0.732152968,46.23052931,0.46215343,36.22085425,0.702910382,17.04142769,2.477694707,2.772307831,1.230510571,3.932983091,1.630223584,72.98150575,0.104751049,-11.66001213,-0.35714918,0.008089717,1531.058504,2496.924877,2496.924877,4.029371914,18.24075849,4.124690268,6.349358589,6.349358589,1.130441242,9.547623565,25.4600145,21.36559769,21.36559769,3.647379418,10.33844618,4.164363771,7.644889285,7.644889285,3.411354092,42.22345519
26,18,160,90,100,0,1,SI,65,0.250046215,0.026103242,20.58964663,0.948451994,16.00619497,0.233147694,218.650101,6.770656812,95.05368708,27.20085662,-202.0055709,-8.147931514,6.245430204,1.537907911,5.439805358,0.211967877,-22.81384953,-0.376964018,64.23066353,0.101151085,5.31618959,0.925229488,6.670711891,1.481098919,8.049469533,0.439955614,-10.31639838,-0.741116061,45.24725307,0.461253772,36.84388473,0.675517422,17.0801048,2.45985969,2.944627454,1.129326557,4.205687424,1.609692039,71.87827236,0.098900076,-12.63564357,-0.332915863,0.006527017,1645.927557,2585.541713,2585.541713,3.731807447,19.5282914,4.918695372,6.497001306,6.497001306,1.153063993,9.604896518,24.88868603,20.87046615,20.87046615,3.541409311,9.879984171,4.206606184,7.108766599,7.108766599,3.325445984,42.0146613
26,18,160,100,110,0,1,SI,65,0.252719129,0.040077371,23.01040345,0.968325812,15.81160659,0.252615319,230.7526197,6.589985044,80.0240559,35.61686186,-255.267765,-6.153216155,6.684014215,1.479993936,5.623629813,0.206845974,-24.41253475,-0.349868922,62.99963673,0.105683308,4.338542019,1.13652645,7.100867056,1.440710964,7.872168006,0.445448465,-9.947212929,-0.760337913,46.44710164,0.443732753,36.13690054,0.671792292,17.73946018,2.422590836,2.954112992,1.145277251,4.783120424,1.366988116,71.783656,0.099575046,-12.61007019,-0.334970939,0.010128318,1570.717735,2850.205744,2850.205744,3.994254043,22.28156761,4.930867759,6.658010012,6.658010012,1.163225186,9.892300506,24.27649124,20.61010028,20.61010028,3.506645154,10.23029702,4.224007052,7.147860848,7.147860848,3.383278407,42.97545367
26,18,160,110,120,0,1,SI,65,0.250146313,0.03854905,26.31887587,1.062483496,15.6293193,0.269590894,256.0045543,6.695351152,126.2230254,21.3389552,-241.1948177,-7.356369012,6.968132691,1.369157186,5.67464335,0.225789929,-24.38825653,-0.380341998,62.8101792,0.119092803,5.267022574,0.93830062,7.620458372,1.288937124,7.396564031,0.51659226,-9.026963415,-0.934052634,48.88034066,0.449585895,32.89559352,0.784905511,17.5862574,2.367345349,2.902520153,1.155725554,4.856830236,1.421063491,72.02766507,0.101578724,-11.89552065,-0.404017611,0.009642903,1774.318083,2693.467484,2693.467484,4.213522163,27.96337125,4.942050547,7.480240298,7.480240298,1.281277319,9.540468947,25.81993264,21.9759117,21.9759117,3.821007729,9.822291698,4.805999835,7.316478311,7.316478311,3.354516712,41.63274466
26,18,160,120,130,0,1,SI,65,0.238722437,0.077067634,23.94398886,1.118970313,15.10279539,0.279175382,229.1147982,7.303644285,115.2293371,22.27895079,-182.7870716,-8.559794549,6.154801074,1.511935726,5.649368193,0.224400976,-23.97379159,-0.403609097,62.96819025,0.120319519,5.71204827,0.964435305,7.083527542,1.376534597,7.157759284,0.547499202,-9.288041466,-1.065782844,50.04579196,0.444373395,30.93829793,0.84190641,15.2703434,2.553615965,2.701307343,1.155688461,5.250127407,1.290832942,72.69777415,0.095027763,-11.52040238,-0.374671859,0.018397773,1564.619779,2567.188731,2567.188731,4.216328672,26.79261271,5.508901015,7.576302363,7.576302363,1.267723736,9.30566363,26.04715134,22.23901848,22.23901848,3.918867496,9.75072073,4.316370576,6.908306853,6.908306853,3.121869726,38.9945927
26,18,160,130,140,0,1,SI,65,0.259962196,0.038677176,29.73751767,1.074699892,15.64147739,0.266591265,293.3118062,6.389985958,81.05014308,31.14621915,-198.1457807,-8.144021083,7.394785055,1.321084699,5.632067036,0.213261463,-24.35388774,-0.363845413,62.9394884,0.109396016,4.349595858,1.21119496,7.865062298,1.270406206,7.379205033,0.529978643,-9.13374977,-0.968199967,48.8186507,0.458726602,32.4102397,0.821286356,18.125356,2.370552133,2.948654578,1.136287395,5.256682064,1.256438146,71.88906293,0.099786255,-12.05064141,-0.380586617,0.010054604,1613.703416,2524.405519,2524.405519,4.169881244,31.95890703,5.268208581,6.88532928,6.88532928,1.201102856,9.769137389,26.61808766,22.39441375,22.39441375,3.91082107,9.991823954,4.586312847,7.173540365,7.173540365,3.350519029,42.96710133
26,18,160,140,150,0,1,SI,65,0.278104991,0.030656914,31.33774328,1.072643094,15.85580361,0.267270663,267.3037568,6.232608973,4.086876316,664.0658313,-270.2497349,-6.440380721,7.477913341,1.312154738,5.806525281,0.213904638,-25.23811332,-0.375829408,61.87631277,0.117449102,4.490715526,1.257237865,8.220145711,1.21310989,7.665221043,0.491417081,-9.051030963,-0.913126714,47.32009872,0.459620374,34.60098776,0.749454618,18.45649392,2.304795807,2.956087971,1.152133943,4.362818676,1.688505323,71.95522542,0.106334495,-11.61395221,-0.392631024,0.008525841,1740.511183,2713.954918,2713.954918,4.237791143,33.61421391,5.6458976,7.26731737,7.26731737,1.242042688,9.812179421,25.93187006,21.74928147,21.74928147,3.76682055,9.971940059,4.559997949,7.651322558,7.651322558,3.40580929,42.5384498
26,18,160,150,160,1,1,SI,65,0.291248294,0.020249489,32.4834529,1.11549814,15.76001182,0.284164418,308.1703508,5.555128327,15.78437358,171.0081324,-248.3282814,-6.616140987,7.351435934,1.338490269,5.555862711,0.247202865,-23.75981322,-0.443085829,63.33173073,0.130838486,3.482700784,1.593212086,8.433018176,1.241181307,7.593987108,0.503170674,-9.379565958,-0.871258273,47.90526529,0.467241871,34.19188002,0.754444633,21.02449645,2.176549724,3.187557027,1.143166741,3.329327094,2.232583795,71.40902563,0.11501001,-11.75602302,-0.423677034,0.005897629,1642.974921,2699.256247,2699.256247,4.478434587,36.23523129,5.548680981,8.286227764,8.286227764,1.37342518,9.839825461,25.79588037,22.38334578,22.38334578,3.821071611,10.46690452,4.980756965,8.212752752,8.212752752,3.643909178,45.76086195
27,19,80,10,20,0,1,SI,61,0.273264899,0.176849069,18.52690887,1.312995072,8.458175655,0.326722613,39.21569262,0.398515061,39.47009779,0.435789127,13.12321723,1.177178055,6.334466437,1.476676013,4.605266138,0.410187636,-28.17693585,-0.450428678,60.22404292,0.178362209,1.320258428,3.566298955,4.048858075,1.875182046,8.885475707,0.39583802,-6.261635779,-0.958613883,36.53578912,0.591265689,50.9001788,0.426592279,11.17680226,2.798914318,3.020235658,0.791363442,6.327812316,0.969883706,76.94574667,0.091337281,-5.625875689,-0.670703447,0.048326643,15.44836333,17.20063946,17.20063946,2.763477251,24.32574005,4.708436252,10.74169333,10.74169333,1.88902323,9.353954643,21.71362328,21.60235853,21.60235853,3.517209111,7.592345969,3.773294217,7.028015285,7.028015285,2.390104086,31.28291187
27,19,80,20,30,0,1,SI,61,0.326328179,0.109003681,22.51049951,1.279517839,8.452829137,0.369010464,42.22434015,0.381765183,37.07678493,0.494441046,8.51070219,1.714932343,7.245561453,1.275286013,4.727951292,0.358809514,-28.00709012,-0.438999498,59.74158657,0.16425342,0.921978864,6.809058485,4.529228646,1.659297987,9.116610247,0.336343129,-7.870178976,-0.899936371,35.26351555,0.540952168,51.14095583,0.372649288,13.02670945,2.562017957,2.740392249,0.935261406,5.350732834,0.958687132,78.32244457,0.102171867,-3.180309729,-1.543924397,0.035570973,14.59527845,18.33228432,18.33228432,3.119182402,28.80258569,6.277808007,9.81275991,9.81275991,1.696433905,9.240163177,19.05764078,19.07587519,19.07587519,3.066309216,7.515339975,4.910157781,8.00235039,8.00235039,2.562983108,33.37466353
27,19,80,30,40,0,1,SI,61,0.357343816,0.096073712,21.78527365,1.291620733,8.382098981,0.369329688,39.95329326,0.418754729,39.31334,0.456776661,10.37933069,1.405730883,7.8599276,1.328804005,4.58609274,0.37125271,-26.82523536,-0.496765016,60.66191054,0.167895324,2.476543858,2.116988527,5.277593823,1.666348908,8.953570997,0.364187614,-6.42857049,-1.024767493,36.33283894,0.558029599,50.51973159,0.40976482,15.84409126,2.356894318,2.814688666,1.068115707,4.403372291,1.28931495,78.29597284,0.118680604,-3.029742818,-1.659132997,0.034331347,14.5905457,17.95741618,17.95741618,3.095758001,28.13831112,5.242814934,10.18485112,10.18485112,1.702599358,10.44430327,20.70120872,20.27479954,20.27479954,3.260779658,8.794312704,5.026746282,9.292213347,9.292213347,3.006413174,37.34284866
27,19,80,40,50,0,1,SI,61,0.354964556,0.067514513,18.12870684,1.390331723,7.491639763,0.412685576,41.2862831,0.378201002,40.13164979,0.442905163,2.883443652,5.263813277,7.645262461,1.305719293,4.716343219,0.387736551,-27.78037153,-0.485709422,59.80293607,0.182269825,2.366039514,2.322278785,5.021303056,1.606679633,8.999717789,0.354476488,-6.237266767,-1.053102476,36.02631507,0.553385378,50.77039972,0.398242662,15.15454839,2.379939287,2.845744996,0.994114565,4.82891373,1.114697209,78.0147324,0.111614933,-3.733793054,-1.264197667,0.023965259,15.17790898,17.77451489,17.77451489,3.091691671,25.20491622,5.494603368,10.90027069,10.90027069,1.828698653,9.982566695,20.21893914,19.93643598,19.93643598,3.190188355,8.067625351,4.720252468,8.70760913,8.70760913,2.828996549,36.06690509
27,19,80,50,60,0,1,SI,61,0.35949631,0.073908534,19.98814937,1.418474559,8.01914079,0.418202874,43.78298819,0.372221394,36.84866536,0.529109461,3.25157437,4.40400795,8.259107538,1.255049061,4.337006235,0.396613523,-25.47115508,-0.510061918,62.07223191,0.166033889,3.151836234,1.549995101,5.26856584,1.528187469,8.455246961,0.373872516,-6.359602866,-1.066213273,39.63124124,0.490881157,47.2194787,0.423997827,15.74512937,2.290954867,2.840509007,0.998599359,4.184199483,1.326423031,77.94205853,0.113490092,-3.897039907,-1.233267616,0.026569845,14.31995938,19.49697747,19.49697747,3.353627725,28.35268136,4.885330722,10.30609406,10.30609406,1.720115322,10.36558516,20.02095636,19.45422955,19.45422955,3.161184455,8.051356296,4.806093116,8.845651393,8.845651393,2.836530474,36.07138076
27,19,80,60,70,0,1,SI,61,0.322311911,0.198292261,15.95793751,1.583391582,9.045502118,0.41610202,46.39697015,0.394311251,29.96706834,0.781868853,6.933753908,2.566498706,6.424218292,1.583248764,4.26387125,0.318707111,-16.90489369,-1.144082539,64.21565043,0.142759839,1.475832594,5.083685133,4.308832002,1.852524102,7.942522279,0.434159188,-7.48167297,-0.968595955,42.50578286,0.499582728,44.15970948,0.500742798,12.51038584,2.600533047,2.934099725,0.87512403,5.901938086,1.007826819,77.46856823,0.100685062,-4.610232676,-0.913153085,0.063911958,17.79547043,23.43031735,23.43031735,3.763851703,25.26766392,7.502668217,9.167415917,9.167415917,1.358926088,10.17113567,22.11265648,21.23515496,21.23515496,3.448319023,7.982215135,4.209848191,7.799927595,7.799927595,2.567701176,32.53367181
27,19,80,70,80,1,1,SI,61,0.36468237,0.01342644,21.85162734,1.379862597,8.280238014,0.408806565,44.95274619,0.373611406,35.14465229,0.529495451,2.917960051,5.398019527,8.091751073,1.233331189,4.280993387,0.341719317,-25.08781888,-0.477067256,62.29764089,0.140846252,3.957027751,1.263548964,5.293306872,1.512369258,8.815903518,0.33403637,-6.490818577,-1.047874203,37.46585715,0.489494313,49.61926381,0.380074827,16.14086241,2.30661468,2.765028667,1.096236284,2.727597193,2.211323956,78.42906073,0.120361338,-3.907309126,-1.25817603,0.004896386,15.75120533,18.60893351,18.60893351,3.38501566,30.15224325,4.999898315,8.774389228,8.774389228,1.462898136,9.979808972,18.85903311,18.33932401,18.33932401,2.944832409,8.005434586,4.916082684,9.439826688,9.439826688,3.031124751,37.23075018