"wrist_acc_time","Time1","Time2","Time","rpe","State","Fatigue","ID","Index","subject","experimental_condition","bottle_mass","picking_rate","wrist_acc_length","wrist_acc_mean","wrist_acc_rms","wrist_acc_mad","wrist_acc_std","wrist_acc_min","wrist_acc_max","wrist_acc_med","wrist_acc_perc25","wrist_acc_perc75","wrist_jerk_mean","wrist_jerk_rms","wrist_jerk_mad","wrist_jerk_std","wrist_jerk_min","wrist_jerk_max","wrist_jerk_med","wrist_jerk_perc25","wrist_jerk_perc75","trunk_acc_mean","trunk_acc_rms","trunk_acc_mad","trunk_acc_std","trunk_acc_min","trunk_acc_max","trunk_acc_med","trunk_acc_perc25","trunk_acc_perc75","trunk_jerk_mean","trunk_jerk_rms","trunk_jerk_mad","trunk_jerk_std","trunk_jerk_min","trunk_jerk_max","trunk_jerk_med","trunk_jerk_perc25","trunk_jerk_perc75","upperarm_acc_mean","upperarm_acc_rms","upperarm_acc_mad","upperarm_acc_std","upperarm_acc_min","upperarm_acc_max","upperarm_acc_med","upperarm_acc_perc25","upperarm_acc_perc75","upperarm_jerk_mean","upperarm_jerk_rms","upperarm_jerk_mad","upperarm_jerk_std","upperarm_jerk_min","upperarm_jerk_max","upperarm_jerk_med","upperarm_jerk_perc25","upperarm_jerk_perc75","time_diff"
2021-09-18 16:49:23,2.517,2.917,44.5,0.5,0,0,28,20,1,"Condition 2.5-15","2.5","15",2407,1.020158149,1.048770458,0.176572057,0.243354533,0.343524064,2.15004783,0.99745858,0.878822417,1.13900196,4.914122691,6.581470013,3.294656445,4.378939988,0.027782945,30.11621585,3.989463565,1.494469955,6.940081866,0.994861747,0.995845964,0.026356709,0.044273055,0.730843343,1.193803033,0.99276927,0.981353848,1.007853084,1.426195748,1.912630316,0.936973106,1.274674752,0.028777709,8.150424459,1.074122139,0.530694647,1.899498724,1.019418386,1.027184973,0.086929524,0.126102058,0.497515835,1.610907985,1.004350588,0.96202186,1.074369767,3.231638266,4.100979963,1.953154541,2.525312122,0.032356751,17.77125038,2.712963134,1.406765102,4.597967911,0.0169999999999999
2021-09-18 16:51:43,4.85,5.267,44.5,1,0,0,28,20,1,"Condition 2.5-15","2.5","15",2555,1.022527764,1.056096321,0.190342562,0.264203961,0.322788226,2.235665415,1.008967582,0.87425082,1.151598454,5.039458198,6.750574521,3.40854563,4.492440268,0.038465571,33.54440447,4.03355818,1.438539965,7.100659808,0.994677549,0.995731353,0.026269,0.04580744,0.668868698,1.361685471,0.993023967,0.980051258,1.008575995,1.452895967,2.121524462,0.98784346,1.546252079,0.032728878,16.81986341,1.041250073,0.521708875,1.828209527,1.016651701,1.025699733,0.090813124,0.135965053,0.182846859,1.74170696,1.005634676,0.962314984,1.067443565,3.432528914,4.664784074,2.304081685,3.159408812,0.043766338,28.45673012,2.646239659,1.118635571,4.709011283,0.15
2021-09-18 16:54:32,7.667,8.067,44.5,1,0,0,28,20,1,"Condition 2.5-15","2.5","15",2500,1.026690004,1.061057484,0.196757695,0.26791665,0.305578283,2.288590079,1.006257877,0.854176315,1.146187995,5.692841935,7.858934089,3.863075573,5.419054057,0.027845718,46.63174857,4.538308538,1.811267544,7.846813347,0.995563188,0.99642757,0.0241261,0.041503374,0.792311548,1.274461667,0.993193434,0.982068056,1.005663012,1.435827145,2.089343794,1.031197077,1.518117301,0.028730201,12.51948064,1.003825902,0.452160282,1.814167207,1.019905266,1.028661285,0.087595542,0.13395695,0.534993175,1.633421218,1.003110835,0.965390612,1.061560811,3.451619932,4.636488067,2.336430249,3.096316819,0.023108998,21.79551101,2.741510534,1.129093914,4.89853997,0.167
2021-09-18 16:56:47,9.917,10.35,44.5,1,0,0,28,20,1,"Condition 2.5-15","2.5","15",2422,1.017657353,1.047835985,0.181622539,0.24971886,0.38724492,2.091558699,1.012327706,0.865662431,1.130420714,4.917204075,6.614347472,3.384937509,4.42479193,0.066784608,35.06152569,3.802618635,1.503541262,7.07967638,0.994239534,0.995335957,0.02620523,0.046715272,0.72662763,1.389947853,0.993003584,0.98113623,1.007867731,1.428935986,2.053130005,1.014607432,1.474578888,0.02569589,11.60392685,0.985959982,0.458633803,1.876379588,1.014391672,1.023917865,0.087913762,0.139374852,0.09394813,1.785033842,1.003416078,0.970885359,1.066544185,3.23226857,4.67161886,2.227705864,3.373598033,0.037747915,32.34499114,2.408363937,1.040680203,4.274972345,0.0830000000000002
2021-09-18 16:59:15,12.383,12.783,44.5,1.46153846153846,0,0,28,20,1,"Condition 2.5-15","2.5","15",2442,1.016347993,1.045377984,0.175311387,0.24469656,0.480495022,2.005405324,1.005679395,0.8815287,1.129880064,4.994042086,6.660197264,3.441895678,4.407462915,0.055550788,31.80199445,4.142963467,1.306637103,7.423443069,0.994376117,0.995523952,0.026222599,0.0478018,0.688832947,1.330833837,0.992135382,0.981566721,1.006412067,1.340663649,1.872544781,0.954024549,1.307572317,0.014730026,9.166498268,0.949468123,0.400727648,1.811968595,1.016857431,1.025724461,0.088586491,0.134607038,0.304194518,1.558557906,1.003357085,0.962192142,1.062733177,3.196229345,4.265286079,2.113290715,2.824898668,0.025457765,22.78186291,2.714260005,0.981291374,4.60239991,0.117000000000001
2021-09-18 17:02:03,15.183,15.583,44.5,2,0,0,28,20,1,"Condition 2.5-15","2.5","15",2368,1.02878386,1.056846839,0.175314164,0.241978793,0.477343602,2.034355751,1.002092548,0.884244131,1.143461487,5.588342112,7.391880667,3.739896869,4.839444877,0.03999069,31.80848618,4.527463592,1.786255641,8.165179061,0.994960881,0.996010281,0.027795075,0.045718788,0.808935809,1.292218311,0.992648177,0.980455421,1.009054357,1.51241487,2.057777857,1.069367468,1.39566253,0.027664011,8.38883278,1.106003378,0.442316253,2.112885379,1.01581222,1.025492676,0.09156694,0.140602667,0.429406644,1.675091409,1.004095358,0.962956821,1.06886182,3.464928824,4.600651403,2.330125274,3.027231936,0.032768029,22.99951861,2.801262711,1.100176217,4.971990019,0.183
2021-09-18 17:04:03,17.183,18.35,44.5,2,0,0,28,20,1,"Condition 2.5-15","2.5","15",2387,1.032262015,1.065605754,0.193022034,0.264537467,0.387053993,2.091415414,1.015545958,0.877966873,1.138680801,5.524225719,7.371111172,3.774105575,4.881208452,0.048271919,33.75489568,4.324401693,1.560660808,7.892441999,0.995110011,0.996172654,0.027572819,0.046009885,0.768513097,1.293146177,0.993467485,0.980269084,1.009584641,1.507881251,2.06949782,1.016811756,1.41772979,0.027628232,12.05807082,1.11230835,0.516632158,1.985859564,1.020924899,1.032983754,0.101785926,0.157410824,0.264324883,1.874383445,1.007320228,0.959486788,1.075081141,3.674077101,5.012071032,2.491015748,3.409822055,0.077553613,25.51030202,2.770320234,1.216426505,4.965918785,0.317
2021-09-18 17:06:47,19.917,20.317,44.5,2,0,0,28,20,1,"Condition 2.5-15","2.5","15",2406,1.023859554,1.051317164,0.175514363,0.238753187,0.404502756,1.910522994,1.010129403,0.879641525,1.145367921,5.148535029,7.008310797,3.648010496,4.755881835,0.106271735,31.06424495,3.963601309,1.377237044,7.530961413,0.995516146,0.996536365,0.027773402,0.045090736,0.803083471,1.226288914,0.993687929,0.981309011,1.009341863,1.504408755,2.066410829,1.064487447,1.416913121,0.009077987,7.935560853,1.096628608,0.463219744,2.038455917,1.019086571,1.028741651,0.090831577,0.140641975,0.339339981,1.617399058,1.004958343,0.970068483,1.0703229,3.255292774,4.389113027,2.20044774,2.944654058,0.029568608,23.10409212,2.598405144,1.047451846,4.666097279,0.0829999999999984
2021-09-18 17:09:11,22.317,22.717,44.5,2.5,0,0,28,20,1,"Condition 2.5-15","2.5","15",2418,1.016115409,1.04366258,0.171076071,0.238253085,0.340411483,2.200608087,1.003414517,0.861753177,1.127209285,5.036240879,6.814552162,3.495010098,4.591636072,0.043556014,30.68172009,4.056105965,1.384251264,7.13102562,0.994871599,0.995991947,0.028046745,0.047237514,0.812973491,1.328299115,0.992646707,0.979717342,1.008336738,1.460428806,2.080715451,1.073914656,1.482374329,0.012442329,9.952786333,0.98458196,0.434259369,1.945995525,1.014552932,1.024715794,0.091820018,0.143990909,0.220646662,1.683965313,1.003396405,0.962144949,1.063587276,3.462414428,4.96889105,2.431362421,3.564662939,0.017683623,32.55834676,2.643981079,1.07526048,4.53536935,0.183
2021-09-18 17:11:59,25.117,25.517,44.5,3,0,0,28,20,1,"Condition 2.5-15","2.5","15",2439,1.023980659,1.053711594,0.179080643,0.248590165,0.395295786,2.198103786,1.011694489,0.869439665,1.134271948,5.621895783,7.751114988,3.920504604,5.337204834,0.033210163,33.88241816,4.397698046,1.460313271,7.768178287,0.995190836,0.996344584,0.02724067,0.047944471,0.753589678,1.365477974,0.994285145,0.978768898,1.008225612,1.540815154,2.202551289,1.077150024,1.574210057,0.0357881,14.1222776,1.064787169,0.525078881,1.975773463,1.020870315,1.033869832,0.10208264,0.16346738,0.340080555,2.000987008,1.006317156,0.966862637,1.068451942,4.190404474,6.678296903,3.228053447,5.201082152,0.056602142,63.9349431,2.743305061,1.025161191,5.317914091,0.117000000000001
2021-09-18 17:14:19,27.45,27.85,44.5,3,0,0,28,20,1,"Condition 2.5-15","2.5","15",2448,1.021173871,1.053453321,0.182477831,0.258834293,0.284705632,2.180499881,1.012810054,0.874382118,1.128967817,5.196383176,6.958771337,3.54798364,4.629347515,0.081183669,29.95967725,4.16865861,1.496714543,7.371415693,0.995127825,0.996047079,0.02528445,0.042791857,0.777748856,1.264970143,0.993703485,0.982985823,1.008235655,1.437933618,2.085853746,1.064113934,1.511312733,0.022253438,12.10563648,0.967374868,0.408291521,1.890972257,1.020262458,1.030807223,0.091131021,0.147094817,0.170974695,1.752541196,1.004021485,0.967889781,1.061392566,3.634070192,5.444227651,2.581936696,4.054610576,0.046898818,47.57450677,2.740212031,0.981462269,4.929822246,0.0500000000000007
2021-09-18 17:16:43,29.85,30.25,44.5,3,0,0,28,20,1,"Condition 2.5-15","2.5","15",2387,1.021162671,1.052644247,0.185395312,0.25556618,0.358303588,2.065792959,1.013506191,0.868832353,1.143100554,5.271241042,6.914248782,3.447128337,4.475404851,0.118421133,34.23546852,4.059793791,1.885944179,7.377373148,0.994982955,0.996154014,0.029030334,0.048298203,0.686972847,1.276367369,0.993780141,0.980181957,1.011615429,1.56582491,2.117555873,1.029664634,1.425863709,0.040513155,12.3422261,1.208680845,0.551789873,2.11583401,1.017618793,1.026985327,0.087901902,0.138415603,0.344700691,1.916008164,1.006125623,0.963224682,1.065078427,3.41097562,4.465276262,2.086684223,2.882259384,0.073577652,23.71938639,2.893380911,1.370548329,4.54209549,0.149999999999999
2021-09-18 17:19:31,32.65,33.05,44.5,3,0,0,28,20,1,"Condition 2.5-15","2.5","15",2399,1.020670366,1.049904504,0.174068546,0.246082737,0.441789775,2.261330938,1.010658471,0.876659063,1.119687965,6.00980723,8.124235098,4.123451717,5.467895466,0.059067121,36.74929275,5.016349728,1.560616386,8.382788629,0.995113937,0.995834391,0.023652969,0.037881171,0.832895681,1.256884989,0.993446086,0.981192512,1.006930304,1.440279834,1.899215823,0.93993715,1.238246394,0.011726382,7.490071049,1.106642752,0.52467902,2.009201325,1.016187234,1.02544705,0.091335582,0.137524693,0.451027477,1.654577426,1.002481324,0.964976708,1.070136363,3.5953961,4.870406464,2.50069273,3.286105465,0.032352419,25.51368949,2.754834174,1.055325575,5.266644737,0.149999999999999
2021-09-18 17:21:51,34.983,36.25,44.5,3,0,0,28,20,1,"Condition 2.5-15","2.5","15",2372,1.029291048,1.056214111,0.170449635,0.237006051,0.426263535,2.03910718,1.00800644,0.900022229,1.14262681,5.778544195,7.494644892,3.739888435,4.773650602,0.065674176,33.62216794,4.707358347,2.120745121,8.362535524,0.995867922,0.996720086,0.026017216,0.041215628,0.797959479,1.270027533,0.994316493,0.981396909,1.012614545,1.597713691,2.127873024,1.029707525,1.405698391,0.016513124,10.15768771,1.209881972,0.643583879,2.10344807,1.020909973,1.031358023,0.097382476,0.146462426,0.43182053,1.718384598,1.00466638,0.960439513,1.074869035,3.841979722,4.975267238,2.494675814,3.161754598,0.023648805,17.12013121,2.984419831,1.485539569,5.527196727,0.017000000000003
2021-09-18 17:24:19,37.45,37.85,44.5,3,0,0,28,20,1,"Condition 2.5-15","2.5","15",2397,1.023746558,1.062068619,0.196463358,0.282782775,0.23375031,2.238530939,1.003290165,0.893957719,1.128829047,5.636117363,7.739138296,4.061360889,5.304732537,0.072361704,44.09656011,4.359887967,1.477650607,8.334772118,0.994512246,0.995524016,0.026448922,0.044880939,0.662743264,1.286989269,0.993454925,0.981577565,1.009996493,1.618177775,2.194710807,1.095007098,1.48296125,0.035811043,10.53496786,1.213396266,0.538870583,2.210845354,1.018987023,1.030933787,0.097134236,0.156525208,0.121668343,1.599854502,1.002637187,0.965580452,1.071418295,3.874811565,5.487552558,2.770563281,3.886563112,0.043257102,30.51645709,2.784539404,1.158959713,5.341214166,0.0499999999999972
2021-09-18 17:27:07,40.25,40.667,44.5,3,0,0,28,20,1,"Condition 2.5-15","2.5","15",2479,1.021642145,1.048633126,0.165862244,0.236434582,0.402405544,2.151957148,1.003458285,0.897360946,1.11545395,5.426101831,7.018975268,3.489877861,4.45325002,0.049138209,27.64352308,4.3840019,1.926925274,7.843864849,0.995716017,0.996478642,0.025451466,0.038986047,0.850285732,1.22647921,0.994175636,0.980567434,1.00950692,1.519328271,2.029089741,1.005302509,1.345205204,0.011202887,9.567967515,1.120491681,0.534913455,2.107055552,1.015707709,1.02520306,0.092168046,0.139237151,0.498047191,1.757641678,1.002841575,0.953686981,1.065879036,3.556877236,4.606191431,2.231272724,2.92729942,0.098474546,18.15100283,2.896867611,1.354020676,4.967200213,0.25
2021-09-18 17:29:27,42.583,42.983,44.5,3,0,0,28,20,1,"Condition 2.5-15","2.5","15",2392,1.021152025,1.052172596,0.182191708,0.253658458,0.22989001,2.176287008,1.003445206,0.868751178,1.128419109,6.211838328,8.555822978,4.054735161,5.884696658,0.110871239,62.44084053,4.999981872,2.142346227,8.204764699,0.994550778,0.99546595,0.026303,0.042684524,0.757921586,1.251966024,0.992470634,0.979208793,1.008079208,1.499665758,2.067433316,1.020882514,1.423422119,0.024884432,10.78693628,1.101150622,0.510079473,2.011943337,1.011453329,1.020560207,0.09199863,0.136062624,0.249098176,1.660401054,1.00127807,0.946947868,1.067633415,3.735764748,5.052212019,2.503503659,3.402021249,0.037639551,30.67888457,2.821694452,1.324896999,5.202448719,0.0829999999999984
2021-09-18 17:31:04,44.2,44.5,44.5,3,0,0,28,20,1,"Condition 2.5-15","2.5","15",2471,1.017544538,1.04580022,0.168812848,0.241505316,0.413850787,2.522098183,1.004715048,0.873459596,1.109208314,5.347465311,7.205636816,3.652070523,4.830658769,0.038082067,34.96199101,4.012659157,1.723442957,7.719682353,0.995603566,0.996465035,0.02491758,0.041434297,0.84078965,1.340113983,0.99361488,0.980652622,1.009086263,1.364542302,1.86045802,0.906840529,1.264901623,0.016453298,9.800201053,0.996370394,0.493536547,1.792012448,1.011014178,1.018690601,0.081408692,0.124848631,0.42844975,1.58523926,1.00428442,0.959870086,1.056023279,3.300491939,4.589876657,2.232702546,3.190272916,0.075402992,27.2203628,2.372713854,1.193745315,4.448107293,NA
2022-02-07 14:49:18,2.45,3.6,44,0,0,0,29,20,1,"Condition 2.5-10","2.5","10",4214,1.02569954,1.046101762,0.128392436,0.205619509,0.345960575,2.345293337,0.991619291,0.965939584,1.046047088,4.622936603,8.517031465,4.894623094,7.154049927,0.008156615,72.66951814,1.344545966,0.297261376,6.302138706,1.028864614,1.029847112,0.022430197,0.04497955,0.682145349,1.383723058,1.028230674,1.02041573,1.037043452,1.103630609,1.698249419,0.930407539,1.290909027,0.004927542,9.920968124,0.631546127,0.211032906,1.5108126,1.009317932,1.0162015,0.06928414,0.118093648,0.405271947,1.640126141,0.993249303,0.977360665,1.02690412,2.642852956,4.483914025,2.567826755,3.622696281,0.014677274,34.75498376,1.107159485,0.286468319,3.578737069,0.0499999999999998
2022-02-07 14:51:39,4.8,5.4,44,0,0,0,29,20,1,"Condition 2.5-10","2.5","10",3634,1.021353799,1.040362946,0.129790024,0.197995619,0.412159861,2.348516311,0.990904047,0.946196238,1.064537038,4.433054707,6.87189868,4.107071458,5.251533926,0.020271195,34.8755238,2.245770098,0.355112351,7.110881846,1.028466464,1.02913707,0.020449055,0.037151329,0.794729907,1.282004038,1.028930512,1.021124894,1.03825532,1.079589098,1.589870282,0.867429566,1.167283146,0.013634493,9.830682436,0.691013768,0.200548556,1.530886955,1.009534182,1.016617144,0.075393987,0.119812784,0.411464793,1.623657317,0.994554778,0.976916078,1.042932029,2.655940155,4.074244142,2.255676584,3.089996016,0.012547311,22.91856131,1.69653208,0.311419314,3.879001256,0.2
2022-02-07 14:54:04,7.217,7.8,44,0,0,0,29,20,1,"Condition 2.5-10","2.5","10",3549,1.03236537,1.062044002,0.153664454,0.249352611,0.369931092,2.587360842,0.995686335,0.944334648,1.074939626,5.060052056,8.107152876,4.705043865,6.335070041,0.009730053,41.45829148,2.288435027,0.64172943,7.577081739,1.02907131,1.029926734,0.025976254,0.041973957,0.855789666,1.30163442,1.028273383,1.014423271,1.041501331,1.365855425,1.857594386,0.947843958,1.259183364,0.015559391,10.13730355,0.978382085,0.431567353,1.89455832,1.019476001,1.029243897,0.088473878,0.141482594,0.417915313,1.819230601,1.000148057,0.975896783,1.054191065,3.238318801,4.789245268,2.60740973,3.528976005,0.036975731,25.5625248,2.027873224,0.71885555,4.534617603,0.283
2022-02-07 14:56:36,9.75,10.267,44,0,0,0,29,20,1,"Condition 2.5-10","2.5","10",3018,1.03421494,1.062649298,0.165810805,0.244218654,0.462128668,2.468711437,1.00112557,0.92217471,1.118246336,5.513627362,7.986564353,4.432889063,5.778943919,0.04132668,39.85511221,3.717822962,0.888289733,8.278983287,1.029308854,1.030461955,0.028546499,0.048743321,0.782850234,1.358993032,1.028466866,1.01543441,1.042913647,1.46222077,2.02882175,1.04147851,1.406657016,0.030789155,9.049372967,1.06043763,0.407745312,2.015089911,1.017239711,1.027503128,0.097506954,0.144889632,0.265896063,1.658971493,1.000777723,0.968816422,1.076633302,3.468123921,4.985096528,2.549376381,3.581557708,0.066742922,34.80470448,2.583343778,0.808780421,4.797771069,0.25
2022-02-07 14:59:50,12.983,13.5,44,0.5,0,0,29,20,1,"Condition 2.5-10","2.5","10",2885,1.034489633,1.063734204,0.165305862,0.247755791,0.375884318,2.474572543,0.999081518,0.91105403,1.101316171,5.108259974,7.270817417,3.971982876,5.17491561,0.011786248,32.22538987,3.474876137,1.190978022,7.531578094,1.029021391,1.029916219,0.028886102,0.042930565,0.836443074,1.25174103,1.029031774,1.010225997,1.046550543,1.520212526,1.946492124,0.889103052,1.215852809,0.048557492,9.167872721,1.241131908,0.651290166,2.014898555,1.02053228,1.031131978,0.097113269,0.147494276,0.312860075,1.818702954,1.004678943,0.9617394,1.07149249,3.450574121,4.935788745,2.418222625,3.52985398,0.060540225,35.38228602,2.424630175,1.179688781,4.565259437,0.483000000000001
2022-02-07 15:01:58,15.117,15.6,44,1,0,0,29,20,1,"Condition 2.5-10","2.5","10",3044,1.033724206,1.064947259,0.165697247,0.256024344,0.464772293,2.46384826,1.005404564,0.923076296,1.091641237,5.230302792,7.896483252,4.482763703,5.916915202,0.04991668,38.86790512,2.981708418,0.846255608,7.662315816,1.0299444,1.030870481,0.026992582,0.043693351,0.701599879,1.275399106,1.028267825,1.015152706,1.043191336,1.457053344,1.977490941,0.999202568,1.337181203,0.021277741,11.11208994,1.054738563,0.467426761,2.041272655,1.019483851,1.03022977,0.096796441,0.14843616,0.350198467,1.619160637,0.999501869,0.973546049,1.061641296,3.464111047,5.26037547,2.787583225,3.959373239,0.057108715,36.59077566,2.132699437,0.777005032,4.719977861,0.117000000000001
2022-02-07 15:04:03,17.2,18.617,44,1,0,0,29,20,1,"Condition 2.5-10","2.5","10",3451,1.035492149,1.066778351,0.155453389,0.256497806,0.286664355,2.840564656,0.998199497,0.949878585,1.072763771,4.987048877,7.852286408,4.641736355,6.066169429,0.030613454,36.87659421,2.166348204,0.678333393,7.510154117,1.02966749,1.030688266,0.027386048,0.045866877,0.801158726,1.417976138,1.028493712,1.015907636,1.042323142,1.397748331,1.988241596,1.064424725,1.414207888,0.024079018,10.82954746,0.846686151,0.398187056,1.982996702,1.019659778,1.029982281,0.088667998,0.145477041,0.237779309,1.953148967,0.998941743,0.974441991,1.051849602,3.351741185,5.251079931,2.894726193,4.042821908,0.024524348,35.47496951,1.766358349,0.637185398,4.612727482,0.300000000000001
2022-02-07 15:06:37,19.767,20.4,44,1,0,0,29,20,1,"Condition 2.5-10","2.5","10",3972,1.01886167,1.039931433,0.127923249,0.208300756,0.433024495,2.169136116,0.992002915,0.955001004,1.05420334,3.881775765,6.038102072,3.602702809,4.625568243,0.017555423,32.70613051,1.775887122,0.421992804,5.872747381,1.02886279,1.029587179,0.021844727,0.038619871,0.821078371,1.319020227,1.027744228,1.018887131,1.039173874,1.181085474,1.700199566,0.899587382,1.223148569,0.008545689,9.836904226,0.774792468,0.286852149,1.661015105,1.010330443,1.017412285,0.071765888,0.119848944,0.306525374,1.728647755,0.994393989,0.978873872,1.033058127,2.609799495,4.191556205,2.242171857,3.280365812,0.017189499,26.24332173,1.473885266,0.405387749,3.537504938,0.233000000000001
2022-02-07 15:09:30,22.65,23.183,44,1,0,0,29,20,1,"Condition 2.5-10","2.5","10",2993,1.02980169,1.06585829,0.17807654,0.274932044,0.151952992,2.871806223,1.000392573,0.909818321,1.10232417,5.715587389,8.344223675,4.258152152,6.080336009,0.103164923,60.02126118,3.852172527,1.526096203,7.876512631,1.029133847,1.030132973,0.030217057,0.045366904,0.755389339,1.288736724,1.030364479,1.011421155,1.048794274,1.587099677,2.031629279,0.9371483,1.268530634,0.04317121,11.87469889,1.222496679,0.694130658,2.091596768,1.019406101,1.030056282,0.097476361,0.147764809,0.341662752,1.810171203,1.009106388,0.957551065,1.074888004,3.885998313,5.540978986,2.729323841,3.950529252,0.078633453,31.43619374,2.597924996,1.334431964,5.086580707,0.149999999999999
2022-02-07 15:11:36,24.75,25.3,44,1,0,0,29,20,1,"Condition 2.5-10","2.5","10",3144,1.027062795,1.051509216,0.151241586,0.225454684,0.390817779,2.217058166,0.992617987,0.917290373,1.085202332,4.782782877,7.025610162,3.848316271,5.147097744,0.038132172,35.57823258,3.071736049,0.948788795,6.830649494,1.028532836,1.029297293,0.024792667,0.039668928,0.82059218,1.28808287,1.028492098,1.016161247,1.04334292,1.36745163,1.855752826,0.906330674,1.254749183,0.015348873,8.363071409,1.029756111,0.462353531,1.816720351,1.014088355,1.023088307,0.08905817,0.135426452,0.36893392,1.817846764,0.995809363,0.963910161,1.061594441,3.083766026,4.460926059,2.279165409,3.223903735,0.024158602,25.57152385,2.139745064,0.860215643,4.185566231,0.25
2022-02-07 15:14:41,27.833,28.417,44,1,0,0,29,20,1,"Condition 2.5-10","2.5","10",3681,1.022301664,1.045386589,0.130812077,0.218507205,0.291142567,2.907446236,0.991859489,0.953667657,1.069864539,4.278919281,6.885638699,3.882033942,5.395440725,0.013423849,44.14504694,2.330063316,0.420086649,6.281430381,1.028838209,1.029674829,0.023394009,0.041504959,0.816484207,1.342289131,1.028340228,1.019153177,1.037767274,1.183121642,1.768216386,0.946477557,1.314260909,0.010578884,12.05632626,0.774142148,0.22288244,1.675848332,1.014472123,1.022400749,0.079616482,0.127098358,0.489657741,1.874693319,0.994376898,0.978238367,1.044731576,2.699767476,4.215944446,2.289564896,3.238563451,0.008833354,31.0235726,1.649676479,0.387353777,3.68076557,0.332999999999998
2022-02-07 15:16:54,30.05,31.117,44,1,0,0,29,20,1,"Condition 2.5-10","2.5","10",3005,1.040809855,1.075042123,0.180462721,0.269173778,0.390046688,2.455150362,0.992444711,0.939031103,1.085940131,6.506333186,10.4714422,6.054352854,8.20616521,0.037619965,56.90285498,3.338237632,0.574366644,9.776329816,1.030002052,1.031571628,0.03136424,0.056893532,0.679115553,1.435457942,1.028217987,1.015472517,1.040782365,1.581079244,2.356367567,1.273748658,1.7474762,0.009446487,12.38169429,1.022411192,0.283543559,2.205119742,1.016967176,1.030444801,0.106724427,0.166142818,0.215047578,1.709379549,0.994133036,0.965069413,1.056437452,4.124517337,6.737663126,3.718167088,5.328593921,0.032688161,48.03486208,2.226231818,0.476762173,5.798243115,0.0500000000000007
2022-02-07 15:19:10,32.317,32.917,44,1.42857142857143,0,0,29,20,1,"Condition 2.5-10","2.5","10",3644,1.027743988,1.053767033,0.146725791,0.232770537,0.315733609,2.277406827,0.992579315,0.948179131,1.062008659,5.070068109,8.77351295,4.968647293,7.161216097,0.016403881,60.85515019,2.064612256,0.437605902,6.914912045,1.028943862,1.0298238,0.022376817,0.042568613,0.759883085,1.332759415,1.028215931,1.020391086,1.036495013,1.236459818,1.91744459,1.059723764,1.465725279,0.007655585,12.24654391,0.695778933,0.211259287,1.721211289,1.009252146,1.018076552,0.080495057,0.133771751,0.280265504,1.745122126,0.992520756,0.974567866,1.035659318,3.207950071,5.3277494,3.032068504,4.254284682,0.015383606,34.57289115,1.54975588,0.325439469,4.438925291,0.183
2022-02-07 15:21:28,34.617,36.117,44,2,0,0,29,20,1,"Condition 2.5-10","2.5","10",3611,1.041713026,1.072117683,0.165920785,0.253550985,0.238770068,2.162151261,0.993045821,0.942566418,1.090987134,5.91335795,9.532461462,5.582437155,7.477667306,0.025452763,50.80089412,2.670156471,0.721229761,8.698247439,1.029593204,1.030744992,0.026895763,0.048720938,0.647936674,1.449912967,1.028443407,1.017210721,1.043612206,1.442759577,2.208652604,1.152930725,1.672532816,0.016774321,13.57629703,0.950040431,0.3027706,1.931104725,1.013505502,1.024097066,0.090898445,0.146926431,0.235067945,1.866490159,0.99413683,0.969398462,1.045011774,3.364703124,5.481742301,2.970391184,4.328216823,0.026924054,34.1101941,1.843574138,0.491991388,4.578786149,0.383000000000003
2022-02-07 15:24:15,37.4,37.967,44,2,0,0,29,20,1,"Condition 2.5-10","2.5","10",3881,1.019791432,1.042668934,0.138699878,0.217246637,0.451783062,2.532282175,0.997276477,0.931760212,1.075632209,4.22069614,6.504479662,3.635742785,4.949777195,0.026284901,42.04062416,2.200753828,0.810727366,5.950964195,1.029415507,1.030198137,0.024652582,0.040153855,0.757561285,1.266998856,1.028299165,1.016326083,1.043400072,1.328262082,1.777848651,0.862315265,1.181873798,0.01178787,10.06686359,0.986320691,0.497440645,1.824967382,1.011896349,1.01900706,0.073873382,0.120186893,0.427828142,1.728506395,0.99888496,0.973603189,1.044989155,2.774275669,4.147433332,2.115667237,3.08335013,0.030343728,24.22617008,1.785701436,0.763956652,3.660635197,0.100000000000001
2022-02-07 15:27:03,40.2,40.817,44,2,0,0,29,20,1,"Condition 2.5-10","2.5","10",3826,1.028777408,1.05540238,0.144262983,0.235596553,0.443099834,2.537138916,0.992210403,0.953400804,1.053364892,4.889685226,8.377377546,4.876009284,6.803200218,0.012598843,58.27547676,1.778509415,0.496329917,7.088260759,1.029266918,1.030078018,0.021040168,0.040875069,0.780780117,1.466126188,1.027694676,1.01965512,1.03703573,1.255191957,1.852312273,0.967843899,1.362365277,0.015993748,13.17033135,0.852648713,0.276345589,1.690258459,1.010042755,1.018055939,0.075410551,0.127498146,0.264778188,1.638967767,0.991240158,0.976455757,1.026422305,2.892635307,4.740346548,2.638469753,3.755959869,0.021493941,28.37647855,1.499128767,0.401798412,3.970178891,0.200000000000003
2022-02-07 15:29:25,42.567,43.633,44,2,0,0,29,20,1,"Condition 2.5-10","2.5","10",2890,1.040741054,1.082140555,0.19020533,0.296507439,0.300215872,2.93236867,1.000191689,0.919159835,1.114710145,5.998466169,9.008112541,4.867803955,6.721616908,0.061009307,54.8416937,3.685405562,1.218683132,8.234164294,1.030166281,1.031312772,0.031445017,0.048623924,0.791935478,1.301833391,1.02953328,1.011703999,1.048738689,1.640369017,2.184923777,1.060699688,1.443538253,0.035632993,9.470315029,1.233196509,0.608825464,2.190839201,1.019893666,1.033502463,0.109741182,0.167194272,0.474443631,1.910766764,0.999723378,0.961164462,1.07378591,3.782047709,5.401646979,2.768128073,3.857337871,0.042026952,38.51727677,2.643905677,1.045718067,5.249629272,0.0670000000000002
2022-02-07 15:30:29,43.633,44,44,2,0,0,29,20,1,"Condition 2.5-10","2.5","10",3363,1.027569956,1.063463109,0.169602068,0.274000173,0.366301498,2.98349423,0.993682268,0.922991193,1.082408127,5.178770591,7.920248252,4.488405613,5.993442421,0.019088235,47.78490195,2.772336518,0.910871895,7.277621407,1.029505121,1.03081124,0.029504848,0.051882742,0.767346196,1.471299887,1.028815463,1.014737118,1.045849545,1.497609527,2.116835958,1.069058003,1.496270731,0.007848326,11.51453321,1.028543255,0.475954956,1.989290518,1.014325991,1.024445959,0.090148908,0.143660862,0.307084224,1.932760343,0.997617469,0.965837759,1.054514326,3.315447127,5.016925827,2.616951733,3.765842973,0.009077602,35.01065189,2.05095291,0.83014742,4.516388926,NA
2022-02-11 18:14:59,2,3,43,0,0,0,30,20,1,"Condition 2.5-5","2.5","5",6029,1.007119262,1.020017079,0.088194917,0.161709525,0.299602873,2.108388856,0.989307227,0.978854677,1.005002866,2.597639771,5.204224124,2.990308438,4.509943519,0.008109245,42.82097833,0.4917837,0.181211577,3.170412746,1.029373049,1.029818422,0.015406346,0.03028631,0.745063607,1.210676787,1.028401773,1.024073342,1.033447748,0.81984134,1.369596364,0.767309329,1.097202847,0.009187306,11.20491328,0.336776399,0.142038294,1.07446933,1.014688808,1.022633804,0.066548737,0.127236808,0.208265236,1.88628366,0.996799299,0.989787906,1.015745269,2.131704096,4.072030313,2.284006929,3.469764508,0.014786823,30.09793453,0.579788214,0.211141446,2.621722618,0.5
2022-02-11 18:17:59,5,6.017,43,0,0,0,30,20,1,"Condition 2.5-5","2.5","5",5986,1.005435471,1.019387516,0.08677211,0.168092659,0.261260106,2.485645507,0.990623532,0.97447357,1.016063168,2.424466741,4.496184551,2.527717579,3.786823541,0.021155153,33.33697642,0.784835354,0.279159675,2.929046196,1.029321394,1.029813546,0.016855301,0.031836748,0.830622212,1.440829865,1.028933043,1.02172222,1.036073758,0.856975818,1.385892693,0.725596095,1.089260872,0.008495678,14.3955716,0.453488146,0.188975031,1.133176517,1.015047275,1.021163893,0.058476792,0.11161007,0.339167008,1.950929514,1.00019687,0.989861854,1.019498558,1.957355337,3.366982518,1.852366066,2.739814883,0.010761395,33.26521521,0.818216547,0.286538737,2.601306155,0
2022-02-11 18:20:00,7.017,9.183,43,0,0,0,30,20,1,"Condition 2.5-5","2.5","5",5962,1.003670543,1.017475495,0.088061373,0.1670524,0.472077465,2.496593338,0.990474279,0.964705847,1.016782081,2.452780042,4.313212419,2.395755909,3.548208486,0.022155256,34.20374854,0.944283599,0.384012666,3.182250393,1.029304074,1.029888167,0.019986249,0.034683748,0.846578497,1.407688203,1.029340253,1.019111536,1.039093574,1.01205941,1.454356263,0.730559062,1.044543405,0.014168102,10.16169,0.688904425,0.309779076,1.339183187,1.01592009,1.022512037,0.066602844,0.115928817,0.312060312,1.79264403,1.000578148,0.984136914,1.034279792,2.262321359,3.514862128,1.873718869,2.690236414,0.020046898,26.57922606,1.263440743,0.538876161,3.048112465,0.483
2022-02-11 18:23:12,10.217,11.217,43,0,0,0,30,20,1,"Condition 2.5-5","2.5","5",6132,1.004676997,1.018088323,0.086116917,0.164719126,0.392285111,2.135158555,0.98931681,0.97431239,1.011055837,2.417694012,4.454893678,2.554230655,3.742073935,0.018532091,30.87720566,0.783485487,0.259356278,2.890222908,1.029812026,1.030320757,0.017845376,0.032376312,0.817006308,1.335037409,1.028952313,1.021813686,1.036013501,0.861641031,1.339978186,0.732321112,1.026298237,0.018265571,9.666757565,0.448869006,0.175944027,1.183556706,1.016803045,1.023774556,0.061664377,0.119282137,0.407540506,1.930746451,0.999317361,0.988765335,1.019715237,1.99618431,3.468255394,1.944193028,2.836433662,0.014482708,23.05042681,0.801919693,0.266909429,2.599408764,0.217000000000001
2022-02-11 18:25:11,12.2,13.217,43,0,0,0,30,20,1,"Condition 2.5-5","2.5","5",5969,1.00556667,1.020710386,0.092440763,0.17518706,0.451905881,2.224775995,0.99035458,0.970289479,1.014600162,2.423471071,4.185240301,2.409019944,3.412473528,0.009373099,26.90683531,0.909912246,0.40566069,2.880223774,1.029340772,1.029746066,0.016444592,0.028890722,0.820228341,1.217979919,1.028816248,1.020945932,1.036658123,0.869306624,1.333091979,0.711191749,1.010747941,0.017771418,7.910133511,0.48009333,0.212284984,1.159699624,1.01623257,1.022926055,0.062519212,0.116839056,0.236717167,1.767439005,1.000304979,0.988392552,1.021034916,2.040844085,3.521657497,1.907585264,2.870262598,0.017606106,29.83669594,0.863065947,0.364390908,2.606968907,0.300000000000001
2022-02-11 18:28:10,15.183,16.2,43,0,0,0,30,20,1,"Condition 2.5-5","2.5","5",6118,1.010374095,1.027924806,0.096237121,0.189154546,0.446740296,2.597336455,0.990085452,0.975178699,1.013608373,2.758671449,5.162911626,2.886268934,4.364458995,0.013868563,49.48317016,0.923380298,0.35137902,3.297360681,1.029954685,1.030611347,0.020430896,0.036787461,0.782324636,1.344825956,1.029090621,1.020871977,1.037550014,1.054813138,1.640746839,0.874938236,1.25685229,0.016339313,14.65159579,0.61742809,0.207899142,1.467199495,1.020793524,1.030310814,0.072560505,0.139728831,0.135335612,2.033102695,0.999765525,0.988462563,1.028770163,2.558819138,4.540775937,2.440245552,3.75145191,0.008257323,42.32727495,1.112216506,0.370116821,3.190791628,0.183
2022-02-11 18:29:11,16.2,19.2,43,0,0,0,30,20,1,"Condition 2.5-5","2.5","5",6009,1.01027933,1.029000318,0.103170525,0.195406459,0.416291923,2.980662589,0.989773621,0.962313428,1.023077688,3.138076662,5.587621648,3.064577988,4.623586132,0.017980122,46.71970435,1.212097479,0.554333882,3.771475433,1.030039126,1.030715567,0.022559112,0.037339128,0.837462182,1.336586315,1.029169559,1.017374452,1.041562591,1.148218009,1.658912021,0.82078464,1.197423546,0.013988269,12.52182761,0.775758781,0.363702889,1.509281959,1.021685703,1.031431059,0.078893146,0.141462658,0.282880854,1.972825266,1.001980967,0.982193651,1.037463426,2.7092305,4.388344188,2.278613148,3.452480089,0.018074276,33.2178654,1.456359033,0.627436824,3.399206848,1.3
2022-02-11 18:33:11,20.2,22.967,43,0,0,0,30,20,1,"Condition 2.5-5","2.5","5",5935,1.008202105,1.025024373,0.102684938,0.184957414,0.489214937,2.595488391,0.991121762,0.964231141,1.030241252,3.080451509,5.416834807,3.046204303,4.456036806,0.022538261,36.09064337,1.138303939,0.472487286,3.891339145,1.030280618,1.030916293,0.020865115,0.03620045,0.823526215,1.311370775,1.029497292,1.020396416,1.040017619,1.063582353,1.569752373,0.849247097,1.154616712,0.009962625,9.134575719,0.623691825,0.264394168,1.47971295,1.017529356,1.02677109,0.076601927,0.137462956,0.156559342,1.891726217,0.999779493,0.982270515,1.033230666,2.625704451,4.354217229,2.333845027,3.473746873,0.016406006,33.06675515,1.278258701,0.511653773,3.482385871,0.199999999999999
2022-02-11 18:35:57,22.967,24,43,0,0,0,30,20,1,"Condition 2.5-5","2.5","5",6046,1.00975572,1.02579946,0.095784588,0.180729961,0.391727051,2.348052908,0.99057124,0.963875652,1.02575067,2.80287462,4.969257605,2.763705408,4.103681373,0.020131747,37.17108036,1.17251131,0.468140164,3.054540582,1.030397569,1.030979762,0.021325154,0.03464559,0.781351269,1.311776534,1.029423659,1.017552027,1.042102433,1.168694315,1.63079412,0.823462677,1.137478394,0.014783973,9.208582995,0.842629836,0.349593429,1.587407666,1.01616429,1.022997473,0.065127685,0.118051978,0.194862372,1.911024845,1.000648191,0.981200659,1.034765207,2.477218725,3.875825959,2.009272482,2.981087784,0.006338202,29.15924463,1.490087746,0.593313511,3.20345602,0.466999999999999
2022-02-11 18:37:59,25,27.4,43,0,0,0,30,20,1,"Condition 2.5-5","2.5","5",5736,1.013341151,1.033396085,0.101692535,0.202618696,0.365815872,2.611041118,0.990682964,0.97243664,1.021105264,3.097217497,5.609500454,3.172604784,4.677344744,0.015064341,49.39376244,1.091359415,0.420907095,3.776735166,1.030498235,1.031137377,0.020558925,0.036302988,0.80573072,1.357019573,1.02966156,1.021182885,1.03907649,1.066915543,1.60738604,0.857440429,1.202344866,0.012263379,10.27013487,0.624179653,0.253767373,1.463790826,1.020043617,1.029376197,0.073136077,0.138310197,0.230345805,2.032908424,1.000552274,0.987499995,1.029029653,2.529508328,4.340549315,2.351613722,3.527623254,0.020632532,33.16534918,1.136475998,0.431451095,2.999091545,0
2022-02-11 18:40:23,27.4,28.4,43,0,0,0,30,20,1,"Condition 2.5-5","2.5","5",5967,1.011889971,1.030197709,0.099050103,0.193370814,0.28921095,2.798146432,0.990968146,0.965478788,1.022189345,3.102427602,5.808572976,3.042805435,4.911059524,0.008015559,65.53309408,1.215442474,0.457304298,3.755902238,1.030268565,1.031145858,0.024291295,0.042529622,0.765402135,1.396203742,1.029249117,1.018305675,1.041936267,1.154388546,1.67520982,0.874497761,1.214068403,0.012000788,12.16784284,0.76701042,0.28918172,1.589969893,1.020270007,1.030127187,0.080081384,0.142177788,0.097497995,2.010058713,1.00003908,0.982360866,1.033329458,2.759469391,4.71649818,2.383924991,3.825328289,0.022737672,45.75752835,1.520675095,0.533149789,3.396750525,0.100000000000001
2022-02-11 18:41:23,28.4,31.717,43,0,0,0,30,20,1,"Condition 2.5-5","2.5","5",5994,1.011720552,1.030701313,0.100270377,0.196909091,0.412782334,2.895795768,0.991625839,0.970167367,1.023742721,3.082642969,5.486690321,2.991432412,4.539220318,0.031695909,50.40564322,1.249544667,0.496551245,3.796184768,1.03003621,1.030745469,0.021741411,0.038234434,0.783179007,1.311845816,1.029514866,1.019183397,1.040209973,1.074744218,1.570999061,0.821428302,1.145941549,0.014295022,9.285025956,0.658576162,0.310118519,1.436350738,1.018189247,1.026958274,0.073731853,0.133928889,0.194260997,1.90381807,0.999336991,0.981942322,1.030289193,2.578623527,4.260388754,2.273120429,3.391685795,0.015843385,36.73985626,1.296600996,0.494923289,3.367300447,1.6
2022-02-11 18:45:48,32.817,33.817,43,0.666666666666667,0,0,30,20,1,"Condition 2.5-5","2.5","5",6215,1.007111996,1.02219294,0.092311701,0.174953587,0.348728016,2.749964218,0.990559317,0.969606896,1.015832835,2.804947716,5.194832129,2.882257864,4.372828186,0.017702984,38.42409167,0.970724764,0.386803625,3.26647083,1.030126385,1.03064583,0.018388028,0.032720476,0.811511376,1.282661149,1.029432092,1.020415183,1.038360339,0.918821503,1.389391741,0.718496972,1.042281766,0.003356536,8.258304133,0.568865118,0.238996342,1.194051353,1.017670724,1.025058608,0.065112168,0.122857137,0.271650496,1.904471477,1.00028946,0.987147115,1.028599541,2.242379214,3.87686324,2.066208851,3.162817392,0.024975006,30.35502054,1.038203821,0.396841075,2.780189794,0.317
2022-02-11 18:46:48,33.817,36.4,43,1,0,0,30,20,1,"Condition 2.5-5","2.5","5",5758,1.007356949,1.024236044,0.097876479,0.185195596,0.433843861,2.780452975,0.990738547,0.963243848,1.019685367,2.77204784,4.988096787,2.760487128,4.147269942,0.012243737,40.13700061,1.020097889,0.496542365,3.161306446,1.030516581,1.031038025,0.018792794,0.032789829,0.824127102,1.393577686,1.02966279,1.020447691,1.039631877,0.993718622,1.39805709,0.695844192,0.9834912,0.016069813,9.909948891,0.683624477,0.330013836,1.338826312,1.017457941,1.024422644,0.062659865,0.119262571,0.277146665,1.969070414,1.001739305,0.985644338,1.030615922,2.395628034,3.940595342,1.972750019,3.129050763,0.023864477,31.85840128,1.356308322,0.593687836,3.005574277,1.183
2022-02-11 18:50:23,37.4,38.4,43,1,0,0,30,20,1,"Condition 2.5-5","2.5","5",5738,1.008515549,1.025621313,0.104299496,0.186551681,0.327818103,2.612161339,0.989174608,0.953522996,1.032740393,3.140275763,5.296130422,2.87667312,4.265071673,0.042969062,37.97462614,1.422385922,0.669200876,3.850593186,1.030562431,1.031352217,0.025610719,0.040357856,0.811749131,1.37515407,1.02929996,1.014993345,1.046757588,1.33645111,1.84551272,0.885778666,1.272830713,0.010099872,10.78860993,0.960498395,0.509243767,1.71102375,1.021447484,1.030582377,0.077899646,0.136924579,0.044538729,1.917348438,1.003730884,0.9797024,1.043130418,2.90631773,4.690596538,2.33527861,3.682034259,0.027510656,37.25650413,1.687691056,0.785326606,3.530437706,0.100000000000001
2022-02-11 18:53:22,40.383,41.4,43,1,0,0,30,20,1,"Condition 2.5-5","2.5","5",5821,1.007270088,1.023019209,0.097529648,0.17883167,0.404771917,2.668871591,0.990537014,0.968895964,1.019970105,2.818761723,5.119284177,2.869226343,4.273732691,0.00975254,44.53102698,0.990688195,0.324674756,3.547171789,1.029508963,1.030008236,0.017888031,0.032069271,0.852760442,1.353284832,1.029343221,1.021506063,1.037538647,0.955877958,1.494239525,0.790350947,1.148597305,0.009357341,11.46047616,0.521189141,0.23021961,1.255039985,1.016916105,1.024031155,0.064737146,0.1205153,0.152363475,2.074218998,0.999793777,0.987406566,1.025839221,2.20784552,3.834023497,2.064338969,3.134779545,0.010957422,36.44056716,0.995306523,0.326069384,2.946978977,0.383000000000003
2022-02-11 18:55:29,42.5,43,43,1,0,0,30,20,1,"Condition 2.5-5","2.5","5",7025,1.005406371,1.01927238,0.086151987,0.167565541,0.478809718,2.402975994,0.991407698,0.969371124,1.018572569,2.44598074,4.376875438,2.426573361,3.629888798,0.012150191,35.71870712,0.950445629,0.466442147,2.586600036,1.030084184,1.030593417,0.018802428,0.03239622,0.82397865,1.406836933,1.0293414,1.019466172,1.040167946,0.983038792,1.450797384,0.711437633,1.067056645,0.001663268,10.24266636,0.637649572,0.325653078,1.197147466,1.014234308,1.020375643,0.060261525,0.111789987,0.269019321,1.83525435,1.001426438,0.981237638,1.029175226,2.276992205,3.653150656,1.832390676,2.856917609,0.026109838,37.01460598,1.325441018,0.625384171,2.827183238,0
2022-03-31 21:13:29,2.45,2.867,44.5,0,0,0,31,20,1,"Condition 1.5-15","1.5","15",2582,1.036382037,1.07498396,0.198680275,0.285542232,0.3815124,2.768428079,1.000614768,0.892183321,1.141603039,5.945782955,8.31361514,4.459358086,5.811793916,0.047150416,41.55672044,4.048722134,1.438942852,8.819626511,1.032725889,1.033873978,0.0321998,0.048719191,0.84905164,1.403205252,1.031946202,1.011881733,1.051145694,1.770858833,2.22487267,0.981687567,1.347152751,0.0708993,10.40187467,1.437242516,0.8447843,2.223903747,1.071236083,1.088374976,0.127585512,0.192425788,0.262952092,1.917885627,1.048178111,0.98689973,1.135951448,4.543929236,6.039662653,3.009547042,3.979493412,0.065224721,32.39514885,3.382830318,1.597453591,6.519213058,0.0499999999999998
2022-03-31 21:16:03,5.017,5.467,44.5,0,0,0,31,20,1,"Condition 1.5-15","1.5","15",2962,1.031499772,1.064192119,0.180063381,0.261794241,0.413067154,2.557628566,0.992423578,0.918075277,1.106989949,5.385264296,8.326129947,4.623566379,6.351140929,0.019112936,45.99524048,3.280113818,0.719168983,7.748350682,1.032569237,1.033607008,0.02687495,0.046313519,0.77465206,1.340076847,1.031351873,1.018077861,1.044670794,1.57152301,2.185751123,1.108824061,1.51940879,0.021558001,14.72390824,1.152909627,0.471142186,2.236733678,1.065675924,1.079377839,0.113088064,0.171467985,0.405689811,1.962083361,1.03413856,1.002400792,1.114276204,4.096307688,5.799038603,3.150643921,4.105460305,0.03865601,29.7327491,2.912078166,0.853360863,6.143362601,0.0170000000000003
2022-03-31 21:18:37,7.583,8.05,44.5,0.75,0,0,31,20,1,"Condition 1.5-15","1.5","15",2842,1.039268397,1.080390386,0.192368206,0.295288446,0.190778309,3.077857388,0.996346501,0.91978576,1.12127746,6.389413548,9.321290943,5.072304062,6.788083553,0.107873528,47.69013795,3.915391366,1.407878327,9.256548701,1.032628424,1.033640728,0.028690504,0.045743078,0.758006457,1.316638485,1.031483077,1.01524598,1.049020536,1.602530998,2.112767284,0.974840614,1.377079334,0.011441534,10.27896063,1.234705138,0.664753043,2.090670599,1.072524844,1.09057045,0.128448606,0.197605936,0.44678519,2.175525457,1.038906809,0.990376509,1.125020839,4.777021881,6.576780779,3.439831207,4.521205864,0.078215978,33.59409369,3.214041569,1.436836607,6.946293232,0.0830000000000002
2022-03-31 21:21:40,10.633,11.117,44.5,1,0,0,31,20,1,"Condition 1.5-15","1.5","15",3026,1.024799073,1.051350172,0.162615532,0.234823907,0.360781941,2.079824425,0.992440261,0.926033204,1.106505695,4.904551546,7.009047841,3.904990243,5.008035225,0.04731753,36.8022584,3.420994159,0.833995602,7.549458419,1.032382552,1.03333902,0.024297772,0.0444573,0.70519793,1.324633153,1.031108766,1.02113979,1.04352378,1.374406024,2.032126607,1.024473808,1.497093033,0.01337068,12.18242811,0.962618587,0.345799029,1.811886165,1.058860685,1.071285537,0.105545241,0.162712944,0.339749233,1.845790409,1.032784138,1.002477472,1.107061269,3.650053556,5.13905935,2.743422276,3.618199521,0.029542473,31.10934579,2.798822636,0.749319539,5.395087625,0.632999999999999
2022-03-31 21:23:33,12.517,13.017,44.5,1,0,0,31,20,1,"Condition 1.5-15","1.5","15",2801,1.035632952,1.070817625,0.187220752,0.272288901,0.379166958,2.516682041,0.999693496,0.903827875,1.128699882,5.851844769,8.867209164,4.705907553,6.663270069,0.054540994,63.87696721,3.72353258,1.201848999,8.410936314,1.032426112,1.033476407,0.027690586,0.046589508,0.800925588,1.316245317,1.031631796,1.01832164,1.047727246,1.542767221,2.064519419,1.013689545,1.372145092,0.028625018,10.46247886,1.193488249,0.522086773,2.056422994,1.063251004,1.077975795,0.117141093,0.177596105,0.400823654,1.911246464,1.039123506,0.997295968,1.117872687,4.207333571,5.808822991,3.031010778,4.005808239,0.059406759,28.44036518,2.972285534,1.203353657,5.996347568,0.0169999999999995
2022-03-31 21:26:10,15.133,15.533,44.5,1,0,0,31,20,1,"Condition 1.5-15","1.5","15",2373,1.045433369,1.088611609,0.219097693,0.303616787,0.233881803,2.509351989,1.004062658,0.875296987,1.166365602,6.988442623,9.861381049,5.27555801,6.959089223,0.071444694,52.8814434,4.824649774,1.774296297,9.995278907,1.032542027,1.033657252,0.028606813,0.048012994,0.770359078,1.319140637,1.032109284,1.018189435,1.047141501,1.601144935,2.254470435,1.086374004,1.587461574,0.035629008,13.58668437,1.204128439,0.540630341,2.074079937,1.068765253,1.084505431,0.128760691,0.184138948,0.562345619,1.904953477,1.039112373,0.98062107,1.138562293,4.682853034,6.118777035,3.144767537,3.939144774,0.029391213,27.18605559,3.62509769,1.543876405,6.994924826,0.132999999999999
2022-03-31 21:27:54,16.867,18.25,44.5,1,0,0,31,20,1,"Condition 1.5-15","1.5","15",2537,1.035226909,1.070035995,0.192120593,0.270760366,0.4315225,2.31898795,0.994407229,0.914059454,1.150610935,5.379996657,7.347125437,3.859311053,5.004574333,0.098304949,32.0699027,4.065442553,1.393091017,7.765651039,1.0326423,1.034038121,0.032129683,0.053720145,0.767894551,1.378054295,1.031778634,1.014382449,1.051490902,1.589654794,1.973511695,0.881723625,1.169737403,0.039752397,8.255794996,1.326412455,0.742385774,2.124827469,1.067090017,1.083753299,0.123783268,0.189352162,0.404550629,2.04219914,1.046251953,0.993876847,1.127459383,4.165052206,5.411077685,2.724267292,3.454968708,0.082650404,23.73591241,3.101085909,1.51565273,6.105737146,0.632999999999999
2022-03-31 21:31:00,19.967,20.467,44.5,1,0,0,31,20,1,"Condition 1.5-15","1.5","15",2977,1.032079786,1.0689296,0.182529068,0.278294482,0.277807419,2.612337994,0.99271644,0.940669576,1.097811566,5.536264922,8.153611667,4.53964343,5.986918909,0.027582316,38.50194965,3.394197947,1.002690733,8.284583621,1.033048947,1.034334693,0.030003139,0.051565731,0.791857974,1.48528185,1.03187255,1.015454135,1.049616624,1.633962868,2.10250766,1.02479248,1.323364001,0.040065002,7.694280638,1.26408983,0.633149052,2.295923244,1.068496886,1.083559622,0.117018659,0.180074296,0.390629142,2.302506882,1.038511975,1.005516421,1.130371586,4.369506214,5.912599049,3.130098816,3.983914676,0.042441351,23.14697509,3.388726032,1.059081443,6.446396629,0.0330000000000013
2022-03-31 21:33:44,22.7,23.133,44.5,1,0,0,31,20,1,"Condition 1.5-15","1.5","15",2664,1.030859852,1.068599107,0.195714304,0.281534672,0.24016932,2.501870282,0.994293676,0.886029602,1.129630529,5.673829261,7.597762676,3.830418749,5.054033152,0.158637508,33.25984904,4.298670301,1.888771237,7.908648114,1.031767448,1.032853388,0.032457347,0.047359229,0.82537885,1.259476204,1.033082385,1.011687248,1.05223558,1.787132101,2.267473777,1.048913669,1.395825135,0.045376192,8.978559105,1.380437498,0.808445666,2.310296959,1.062777387,1.080109932,0.136499269,0.192757981,0.351028213,2.108915334,1.044056127,0.965768003,1.149832707,4.868873518,6.064641112,2.808609151,3.616469798,0.033220463,23.09166464,4.080247124,2.140445825,6.708105654,0.199999999999999
2022-03-31 21:35:51,24.817,25.217,44.5,1,0,0,31,20,1,"Condition 1.5-15","1.5","15",2473,1.034727322,1.069333849,0.195641799,0.269895729,0.435176984,2.359056628,1.008151497,0.884214283,1.157722213,5.381735829,6.908497699,3.312174159,4.332649734,0.132565451,31.40498708,4.313033499,2.121552966,7.516820094,1.031956804,1.033259573,0.032677371,0.051880529,0.75648683,1.280242957,1.032005448,1.014927856,1.050823934,1.791110748,2.337513832,1.083832347,1.502267003,0.050173568,10.87030553,1.398942344,0.742505491,2.368722563,1.063306917,1.076242993,0.112683903,0.16639885,0.322697788,1.936292176,1.043350979,0.987170884,1.131679819,4.344359045,5.501909462,2.457551763,3.376709159,0.032088167,29.65647512,3.632298605,1.972146223,5.692613929,0.183
2022-03-31 21:38:31,27.483,27.9,44.5,1,0,0,31,20,1,"Condition 1.5-15","1.5","15",2436,1.029730054,1.063991533,0.194991257,0.267887024,0.388385538,2.4463553,1.001083567,0.866402553,1.143851135,4.914486358,6.624936996,3.381309827,4.443616,0.060405364,33.66206755,3.675079179,1.498904696,6.931741188,1.032899461,1.033917044,0.029470913,0.045869622,0.857097394,1.238217965,1.032296452,1.015601215,1.050104431,1.538990008,1.946267794,0.88948575,1.191659038,0.054428768,7.52268328,1.24165562,0.692260356,2.013083997,1.062468596,1.076434492,0.117370747,0.172869793,0.489081141,1.975599001,1.04887218,0.987286683,1.130806967,3.966759533,5.275714515,2.590353664,3.478929844,0.07933274,23.39040397,2.942608081,1.474843889,5.31276144,0.0169999999999995
2022-03-31 21:40:56,29.9,30.45,44.5,1,0,0,31,20,1,"Condition 1.5-15","1.5","15",3190,1.021726442,1.047413662,0.152372045,0.230579973,0.495429957,2.066547142,0.99137128,0.941843652,1.07140385,4.121898397,5.79976929,3.328921638,4.080747393,0.033931523,24.7982489,2.583381864,0.822102887,6.582294784,1.031506303,1.032495791,0.024635505,0.04519895,0.748000333,1.443666974,1.030975186,1.018334072,1.044951276,1.273958153,1.72761022,0.824616661,1.167088179,0.03855495,11.86406341,0.954115739,0.474806575,1.737721957,1.054745792,1.066406673,0.095549694,0.157296735,0.236486926,1.841191227,1.033708008,1.005213872,1.089043679,3.441253379,4.960919681,2.558349065,3.573864077,0.021182622,33.19601179,2.3989784,0.908652794,4.831985944,0.100000000000001
2022-03-31 21:43:30,32.467,32.983,44.5,1,0,0,31,20,1,"Condition 1.5-15","1.5","15",3126,1.023940956,1.053189241,0.159498449,0.24651965,0.124361166,2.145817284,0.993563352,0.944565183,1.074178725,4.369448942,6.45914428,3.616766059,4.757699464,0.011276221,34.67523689,2.500928204,0.882770468,6.476717189,1.031084665,1.031884315,0.023682976,0.040622414,0.817713669,1.326849454,1.03083149,1.018409904,1.043334046,1.272824475,1.674821023,0.82837168,1.088725227,0.024645773,7.247689949,0.961969367,0.477360353,1.758186983,1.057914788,1.07074327,0.104793958,0.165276102,0.315915304,1.891822699,1.032826435,0.999425404,1.090929412,3.480193114,4.939834858,2.680550315,3.506302674,0.056384987,28.75890151,2.191502812,0.921665487,5.050602659,0.0330000000000013
2022-03-31 21:46:10,35.133,36.267,44.5,1,0,0,31,20,1,"Condition 1.5-15","1.5","15",2573,1.039639903,1.081390034,0.201905926,0.297636871,0.326984261,2.677733615,1.00450689,0.902970108,1.133462755,5.392584405,7.487497466,4.019183041,5.195492925,0.132846367,32.67157064,3.578820659,1.520062643,7.993754801,1.031589426,1.032517647,0.027143873,0.043780049,0.759917383,1.258254397,1.031386171,1.016627989,1.048538626,1.521668619,1.996521004,0.966446083,1.292776286,0.024919399,8.298874366,1.179818801,0.58631254,2.056350497,1.06422679,1.078734079,0.108725378,0.176353734,0.402759756,2.033264431,1.040837237,0.998375781,1.103740012,4.046310834,5.610256414,2.868797213,3.88692935,0.038577027,26.21815176,2.824166904,1.3310118,5.309174722,0.133000000000003
2022-03-31 21:48:41,37.65,38.15,44.5,1,0,0,31,20,1,"Condition 1.5-15","1.5","15",2714,1.036668616,1.078062022,0.200659337,0.295919194,0.255198579,2.788969921,1.007073649,0.892601711,1.131370728,5.784626828,8.247879331,4.365405701,5.880335989,0.026815563,42.10140495,3.831418013,1.520220919,8.326324058,1.033099663,1.034717713,0.03519978,0.057853823,0.739824684,1.368906805,1.031872968,1.013770096,1.053385314,1.719156667,2.196445786,1.014429453,1.367319846,0.048655643,9.378682276,1.366808671,0.743119831,2.283621162,1.071624558,1.092857829,0.147481711,0.214420102,0.426280104,2.077659296,1.04077337,0.969891818,1.151479574,4.870158249,6.461129262,3.174302256,4.246692521,0.039341527,27.42997434,3.798785265,1.729797922,6.700970421,0.149999999999999
2022-03-31 21:51:13,40.183,40.633,44.5,1,0,0,31,20,1,"Condition 1.5-15","1.5","15",2821,1.031403157,1.064711552,0.177141685,0.264278213,0.30846037,2.54247498,0.99794137,0.913503968,1.111848691,5.139278479,7.455233173,3.858437695,5.401728003,0.048130536,53.06433294,3.51000758,1.284317047,7.370401497,1.032188449,1.033517529,0.028695415,0.052406707,0.678247078,1.353018902,1.031461644,1.016276278,1.04637836,1.454806411,1.935993606,0.871024118,1.277571266,0.027421802,15.17865849,1.134500485,0.624327966,1.914936836,1.068109243,1.083394167,0.117827448,0.181375928,0.268480724,2.070637354,1.041232966,0.995417803,1.122413745,4.298860105,6.216781066,2.985595752,4.491694891,0.067939435,57.05942006,3.152942494,1.32194447,5.799807566,0.183
2022-03-31 21:53:39,42.617,43.133,44.5,1,0,0,31,20,1,"Condition 1.5-15","1.5","15",3208,1.023121092,1.049200346,0.158222653,0.232511178,0.317590586,2.362592354,0.993676308,0.917808805,1.087465187,4.306240697,6.106216447,3.275870305,4.329897957,0.055028251,30.70941035,2.815770712,1.11645549,6.253005705,1.032286119,1.03320613,0.024856752,0.043598944,0.801653471,1.345409893,1.031400146,1.018133352,1.045254994,1.326512682,1.758256676,0.847856679,1.15422964,0.018469899,9.622043748,0.973944259,0.531320828,1.77251986,1.05662198,1.068131373,0.101211973,0.156404115,0.493349682,1.828819716,1.035529494,0.992521638,1.101318169,3.414792639,4.753198849,2.45212229,3.306886816,0.06733638,24.5370287,2.258606468,1.065513485,4.687000197,0.116999999999997
2022-03-31 21:55:02,44,44.5,44.5,1,0,0,31,20,1,"Condition 1.5-15","1.5","15",2458,1.039246857,1.077636455,0.199847926,0.285130451,0.319671097,2.484024766,1.005433099,0.894511513,1.143623613,6.071381732,8.286416307,4.398949204,5.640564527,0.068244245,38.57505269,4.303037299,1.702392615,8.994358196,1.031900657,1.03281137,0.027004433,0.043371938,0.784769332,1.294601257,1.031601183,1.016942361,1.046965563,1.55870994,1.992101431,0.930917137,1.240773153,0.032247658,9.542995078,1.224751264,0.65769142,2.063535473,1.071169758,1.089511529,0.131144842,0.199115174,0.284882836,2.229497642,1.040572476,0.991553089,1.137386358,4.630061749,6.164972918,3.129467275,4.071383768,0.096605189,27.70106113,3.272526907,1.684919348,6.492854644,NA
2021-09-23 21:09:15,2.383,2.783,15.5,1,0,1,32,21,2,"Condition 2.5-15","2.5","15",2400,1.057929317,1.114323456,0.227640845,0.350076261,0.203402062,2.81077746,1.005400026,0.91678585,1.178647881,6.601319193,9.494204059,5.153027625,6.825094347,0.037713402,43.27643392,4.516174538,1.459953096,9.343867036,0.996640523,0.997833926,0.029379576,0.048797576,0.733029725,1.278247041,0.996155972,0.979373365,1.009453338,1.596601044,2.238458698,1.092311381,1.569263825,0.034365129,11.33897891,1.173965455,0.530488952,2.076496066,1.012893404,1.024192526,0.0990286,0.151746095,0.366320348,1.879056488,0.993852524,0.955220308,1.066114715,3.979636116,5.466806942,2.828498988,3.7489109,0.028437569,23.42624706,2.784788681,1.276259435,5.460892035,0.117
2021-09-23 21:11:40,4.8,5.2,15.5,2,0,1,32,21,2,"Condition 2.5-15","2.5","15",2425,1.047907472,1.114383266,0.242117322,0.379208769,0.109349956,3.334254727,1.012410547,0.867331971,1.170264255,6.308651839,9.075775443,4.715663466,6.525962094,0.049019249,48.52954956,4.34109871,1.758304615,8.135697832,0.995381149,0.996487862,0.027348861,0.04696102,0.685480219,1.259173871,0.995552044,0.982084349,1.008162497,1.395914946,1.857409564,0.901359618,1.225565744,0.026202765,10.75541185,1.045427389,0.524327561,1.953514988,1.011907431,1.023354441,0.103680816,0.152667202,0.386290875,1.73029014,0.996142478,0.941930973,1.076033042,3.832984581,5.197078229,2.555807239,3.510403829,0.05383834,25.85216846,2.843593772,1.46362591,5.046057462,0.2
2021-09-23 21:14:27,7.583,7.983,15.5,2,0,1,32,21,2,"Condition 2.5-15","2.5","15",2401,1.042275312,1.094476723,0.220717374,0.334047818,0.199905527,2.906307903,1.006265736,0.910893081,1.183057311,5.673134527,7.925949609,4.222174953,5.5361532,0.009717114,35.25522819,4.125274731,1.434524385,8.321565192,0.995488128,0.996532861,0.026485374,0.045628902,0.763343673,1.265865575,0.996609584,0.983361516,1.008132004,1.341115617,1.766796148,0.883344877,1.150447305,0.039650804,8.616844969,1.003446757,0.47996482,1.882479946,1.006756327,1.016600494,0.09316571,0.141161473,0.397252936,1.698628514,0.995971231,0.95497197,1.062968517,3.46522462,4.719596683,2.360441551,3.204854256,0.034722721,22.30283225,2.630978404,1.214084723,4.770986763,0.0830000000000002
2021-09-23 21:16:59,10.117,10.517,15.5,2,0,1,32,21,2,"Condition 2.5-15","2.5","15",2393,1.055941919,1.123714068,0.232629724,0.384423887,0.115506011,3.727090019,1.007316221,0.931393316,1.178346949,6.793760736,10.54391408,5.754164144,8.065118256,0.019740813,57.03538693,3.996113665,1.246019956,9.140486562,0.996311953,0.997601558,0.02815579,0.050719183,0.763598269,1.319424327,0.996013939,0.984357515,1.006846673,1.465298565,2.055833475,1.062061172,1.442297144,0.03232172,10.32941381,0.961260046,0.451618799,2.01274058,1.013493759,1.025194539,0.099591977,0.154480473,0.414375375,1.742763534,0.995144742,0.952594986,1.061553066,3.921140508,5.703154803,3.052260459,4.142198066,0.047136129,24.7532045,2.477382997,1.026586891,5.294973585,0.117000000000001
2021-09-23 21:19:23,12.517,12.917,15.5,3,0,1,32,21,2,"Condition 2.5-15","2.5","15",2382,1.06404734,1.14097961,0.262577062,0.411957491,0.11395135,3.439731512,1.00764906,0.892868875,1.201353496,6.963128998,10.03405101,5.438109052,7.226267756,0.007348442,50.64262171,4.890441589,1.389816704,10.07940176,0.996494782,0.997699039,0.027579683,0.049015626,0.668319441,1.329029169,0.99640607,0.983342379,1.008619315,1.597804783,2.188685822,1.134764207,1.496096779,0.040013438,9.214637019,1.094484157,0.513863532,2.257923208,1.016096065,1.028450356,0.106184061,0.158963925,0.405822266,1.785551018,0.996720801,0.960237493,1.073325814,4.066456297,5.613656097,3.007679756,3.870834645,0.029843622,22.89325154,2.863053349,1.065870962,5.783883986,0.0169999999999995
2021-09-23 21:21:47,14.917,15.317,15.5,4,1,1,32,21,2,"Condition 2.5-15","2.5","15",2414,1.051299369,1.128194971,0.242683951,0.409466707,0.050727183,4.047575099,1.006503696,0.91547897,1.16358558,6.442273048,10.25783175,5.369487975,7.984149814,0.033634226,62.95158858,3.892366684,1.272992183,8.215218075,0.996469135,0.997936645,0.030095851,0.054111226,0.611744279,1.264228702,0.996228931,0.982402787,1.009142356,1.525387933,2.149808016,1.105946642,1.515195563,0.029186328,10.1147441,0.984923812,0.495394945,2.000670964,1.013765586,1.02527489,0.099423048,0.153224225,0.444820755,1.826793858,0.993183892,0.95082846,1.06237827,3.644864646,5.365725833,2.732185054,3.938578945,0.032744015,28.19151863,2.437141657,1.096775793,4.727391484,NA
2021-10-15 22:49:16,2.017,3.017,43.5,0.4,0,0,33,21,2,"Condition 2.5-5","2.5","5",6023,1.011273671,1.02996752,0.096613967,0.195358619,0.292457701,2.553733182,0.994588719,0.985741743,1.011623786,2.481003298,4.80610742,2.835058675,4.116564733,0.006685446,43.20787092,0.471763747,0.165214086,3.202466143,1.019334516,1.019817385,0.015126362,0.03138163,0.700081149,1.32638719,1.018641673,1.0141675,1.023450387,0.777838007,1.236599376,0.699712762,0.961404982,0.004052696,6.780409529,0.339628379,0.145573932,1.094869947,1.007124677,1.01053584,0.044091275,0.082968134,0.394358138,1.619219,0.997895707,0.99165271,1.011354576,1.617382119,2.705129761,1.583401061,2.168543983,0.011837793,17.76247109,0.579042437,0.214996095,2.241386928,0.483
2021-10-15 22:52:16,5.017,6.017,43.5,1,0,0,33,21,2,"Condition 2.5-5","2.5","5",6022,1.013475351,1.030202522,0.100863518,0.184907081,0.231843519,2.353846967,0.995198959,0.975990409,1.04119548,3.265194563,5.408747719,3.04379058,4.312324767,0.010278894,37.93286984,1.471229879,0.4370393,4.530940769,1.019688708,1.020135752,0.016069633,0.030200026,0.76621012,1.332426988,1.019038568,1.011392236,1.027396203,0.873100361,1.291233591,0.658504583,0.951383347,0.009696106,9.900386353,0.568191962,0.238367623,1.148274169,1.008801511,1.012230249,0.048266868,0.083251057,0.565490583,1.595145692,1.00053942,0.986871206,1.025819302,2.026966206,3.075305818,1.665058824,2.312963985,0.017251727,17.34839804,1.207456776,0.422493566,2.834758598,0.0170000000000003
2021-10-15 22:54:15,7,8.017,43.5,1,0,0,33,21,2,"Condition 2.5-5","2.5","5",5997,1.016606529,1.035653544,0.107502219,0.197726952,0.221349449,2.453437705,0.995518476,0.974334339,1.037502391,3.625109154,5.867954934,3.335480445,4.614653862,0.011609771,36.31687489,1.770125388,0.509873487,4.966020701,1.01965907,1.020087115,0.015707373,0.029550776,0.775772387,1.288661196,1.019631729,1.012416274,1.026785015,0.882984937,1.312080763,0.695459315,0.970592934,0.012020188,7.507492295,0.522605651,0.234471886,1.169189277,1.010115167,1.013317152,0.046681465,0.080498946,0.552088864,1.528508671,1.001315763,0.988332684,1.026509898,1.986944819,3.013717065,1.616335262,2.266141502,0.027496486,18.91484675,1.171814483,0.430516402,2.706623251,0.5
2021-10-15 22:57:16,10.017,12.8,43.5,1,0,0,33,21,2,"Condition 2.5-5","2.5","5",6004,1.010758309,1.026138111,0.093306643,0.177009275,0.348088759,2.260228417,0.99434526,0.984444448,1.01862832,2.772103071,5.291416774,2.922257911,4.507540424,0.009757482,51.07667386,0.762034031,0.199081562,4.006107705,1.019331963,1.019702261,0.013866787,0.027480461,0.750087377,1.213324079,1.018988535,1.01407141,1.025539843,0.756470247,1.201419913,0.654545859,0.933438653,0.00647674,7.464836725,0.398950628,0.151846694,1.000138902,1.009783722,1.012231714,0.039961065,0.070361228,0.574166332,1.405182208,1.000952458,0.993788482,1.020311662,1.67105791,2.694146521,1.558428558,2.11346517,0.007958703,19.04071441,0.721045248,0.220124201,2.460482545,0.0169999999999995
2021-10-15 23:00:03,12.8,13.817,43.5,1,0,0,33,21,2,"Condition 2.5-5","2.5","5",6016,1.009114572,1.027016247,0.094108214,0.1909351,0.344740316,2.394809254,0.994156188,0.986745933,1.018994128,2.405967246,4.38251092,2.599386788,3.663325628,0.000977,28.58555612,0.660062601,0.148948397,3.396359969,1.019524088,1.019945359,0.015826391,0.029314022,0.828246708,1.275757348,1.018804902,1.013466183,1.024483254,0.780468756,1.193456504,0.684987397,0.902963178,0.004773031,8.075425347,0.38682613,0.132042919,1.184589715,1.007687795,1.010561674,0.042651186,0.07616541,0.5722968,1.425594165,0.999679234,0.992574344,1.01530519,1.642543226,2.673115531,1.559710256,2.109108328,0.005376344,15.82170147,0.700723865,0.196640198,2.408314047,0.300000000000001
2021-10-15 23:02:10,14.917,18.4,43.5,1,0,0,33,21,2,"Condition 2.5-5","2.5","5",7151,1.00605333,1.021297574,0.079923728,0.175811697,0.251266816,2.345613199,0.994023951,0.986829608,1.004108635,2.136118147,4.101372856,2.437183411,3.50142446,0.011054582,25.88733376,0.431718273,0.164366496,2.617940097,1.019230343,1.019509066,0.011739125,0.023839507,0.84753352,1.279395352,1.018706232,1.014313384,1.023326457,0.641342416,1.081710868,0.596691333,0.87113974,0.007937191,9.227172735,0.257655931,0.132850309,0.850759789,1.006646603,1.008918854,0.035789452,0.067679463,0.518698209,1.437697732,0.999861429,0.993620811,1.009348769,1.369292655,2.318631837,1.365797027,1.871251173,0.009009593,13.55447949,0.466606097,0.203855385,1.899339141,0.0830000000000002
2021-10-15 23:05:39,18.4,19.417,43.5,1,0,0,33,21,2,"Condition 2.5-5","2.5","5",5980,1.010336,1.030169628,0.094125038,0.201189952,0.275325702,2.864903584,0.994340791,0.98430197,1.016483469,2.749721659,4.92700991,2.863655144,4.0886738,0.013646067,31.61093763,0.898393688,0.22376899,3.763596021,1.019576399,1.020021356,0.013346958,0.030127808,0.627966518,1.354228581,1.01882677,1.013826714,1.023876882,0.785290099,1.311456214,0.698732111,1.050438675,0.015980339,11.03198209,0.373461668,0.162225712,0.967109585,1.008541546,1.011798729,0.043046743,0.081127793,0.564616956,1.568125043,1.000135948,0.991855722,1.014817849,1.722300845,2.875610011,1.618138853,2.30297629,0.01512789,21.54494864,0.732441828,0.26362186,2.339697995,0.899999999999999
2021-10-15 23:07:46,20.517,22.617,43.5,1,0,0,33,21,2,"Condition 2.5-5","2.5","5",7196,1.0064571,1.021293183,0.078620403,0.17345908,0.270785557,2.793785836,0.99468863,0.985845781,1.010912805,2.1162646,4.102211039,2.361248485,3.514438248,0.006790336,28.99396128,0.54516535,0.225364927,2.481167728,1.019376473,1.019652572,0.012455893,0.023728721,0.804665492,1.205877878,1.018763741,1.013617674,1.024150736,0.696200273,1.137998465,0.595306932,0.900254591,0.005531532,7.755028833,0.357783249,0.166929191,0.845760564,1.006802106,1.009391827,0.036833618,0.072264134,0.536320561,1.53507552,0.999548911,0.991726898,1.012147282,1.540763568,2.687598279,1.448615558,2.202250259,0.016900672,21.80199602,0.679588724,0.264490999,1.926536714,0.516999999999999
2021-10-15 23:09:52,22.617,23.617,43.5,1,0,0,33,21,2,"Condition 2.5-5","2.5","5",5910,1.013655444,1.034567079,0.096799529,0.206975674,0.315831746,3.192346493,0.994327238,0.981849653,1.018777605,2.81534385,5.411848751,3.020889112,4.622289657,0.008795489,44.16318455,0.768376787,0.261468807,3.485279101,1.019970243,1.020490682,0.016977773,0.032590108,0.735015604,1.226538486,1.01924831,1.01309271,1.026170511,0.862915162,1.376768,0.7609915,1.072875737,0.00397124,8.053862741,0.412383728,0.181557068,1.118300546,1.008566006,1.012358082,0.046521794,0.087548807,0.430684653,1.624937625,1.000021733,0.990882437,1.01699249,1.791372358,2.977924841,1.677986752,2.379071099,0.005450318,17.39136729,0.744263471,0.292227686,2.512886608,0.117000000000001
2021-10-15 23:11:58,24.717,27.217,43.5,1,0,0,33,21,2,"Condition 2.5-5","2.5","5",7170,1.007057688,1.023573337,0.078504834,0.183144389,0.283045574,2.869161171,0.993956,0.988187335,1.002120727,2.102548924,4.246598168,2.498216176,3.689821559,0.010977466,34.07894912,0.343598284,0.148705298,2.696430206,1.019569152,1.019917096,0.012684246,0.026640706,0.817549997,1.249608701,1.019160947,1.015273381,1.023330328,0.653451185,1.112912676,0.609756129,0.900938064,0.010480291,10.51293476,0.260814994,0.126350331,0.828031725,1.006153081,1.008699472,0.035741214,0.071633214,0.383378507,1.444488885,1.000034446,0.994744899,1.009773563,1.368745116,2.416404223,1.353356711,1.991506818,0.008394373,19.3987614,0.471593537,0.197245004,1.7858659,0.283000000000001
2021-10-15 23:14:28,27.217,29.583,43.5,1,0,0,33,21,2,"Condition 2.5-5","2.5","5",6190,1.008724373,1.023771372,0.08653857,0.174893976,0.274360818,2.718450933,0.994278723,0.982869572,1.014402494,2.443318165,4.352321453,2.521232813,3.602082013,0.008877419,39.1813159,0.801016009,0.231118835,3.399468052,1.019299819,1.019554025,0.012553054,0.022767809,0.887468926,1.225708363,1.019261149,1.013860606,1.025213997,0.731331273,1.12760613,0.604427105,0.858352608,0.010158933,7.631875337,0.411796358,0.16845494,0.993352864,1.007329845,1.010298832,0.041730969,0.077403369,0.499606021,1.489918209,1.000053631,0.991187058,1.016403624,1.596741242,2.72245037,1.448895797,2.205207284,0.006587826,23.05882382,0.779181041,0.264819476,2.016494681,0.283000000000001
2021-10-15 23:16:50,29.583,30.6,43.5,1,0,0,33,21,2,"Condition 2.5-5","2.5","5",6065,1.008116758,1.023193592,0.08542126,0.175016514,0.122473752,2.359246839,0.994246934,0.984203341,1.012538974,2.399747101,4.403831025,2.61249352,3.692856675,0.006615422,31.28644895,0.600494034,0.20543303,3.38784643,1.019189026,1.019536283,0.014087807,0.026609735,0.823620074,1.24215122,1.019015008,1.013658705,1.024857008,0.729981853,1.139675111,0.6271193,0.87527835,0.004983283,8.981156492,0.360919835,0.162467458,0.984799715,1.007912539,1.010669361,0.040932909,0.074604221,0.553509538,1.46492821,0.999576718,0.99117132,1.015040338,1.622884422,2.660756041,1.499455375,2.108696787,0.017845097,18.10959252,0.700141856,0.254696161,2.297210622,0.417000000000002
2021-10-15 23:18:57,31.7,33.883,43.5,1,0,0,33,21,2,"Condition 2.5-5","2.5","5",7273,1.005090594,1.017251399,0.07309307,0.156833311,0.333926426,2.59987833,0.994001156,0.985481477,1.012847023,2.112513106,3.810448657,2.269556058,3.171465037,0.007561517,28.49134178,0.647372218,0.176839001,2.887948651,1.019306097,1.019607648,0.013069546,0.024797615,0.728447777,1.161523115,1.019159501,1.014251928,1.025154269,0.69339373,1.047481324,0.562150517,0.785179621,0.005533615,6.639363436,0.412928438,0.15333536,0.936904624,1.007693236,1.009890051,0.035996542,0.066579772,0.578158591,1.376729299,1.000030173,0.993396818,1.015855767,1.458747136,2.430077616,1.324363566,1.943670116,0.012590143,23.18439566,0.701325141,0.218966512,2.02435658,0.800000000000001
2021-10-15 23:21:08,33.883,36.55,43.5,1,0,0,33,21,2,"Condition 2.5-5","2.5","5",7245,1.004927262,1.016902479,0.07075855,0.155612313,0.218357261,2.25670191,0.993980626,0.988023989,1.003279346,1.967854333,3.76038432,2.279022804,3.204599384,0.00662973,22.65360705,0.36672326,0.148980071,2.527841373,1.01922487,1.019527498,0.011674656,0.024840892,0.768459852,1.201425438,1.019138453,1.015163674,1.02317007,0.627729123,1.07448205,0.583921666,0.872108259,0.010020028,8.09321419,0.25720318,0.123130872,0.791328611,1.005954994,1.008249794,0.035259932,0.067991434,0.564810236,1.433126463,0.999443566,0.993723125,1.009009039,1.345215224,2.292391138,1.342252294,1.856321315,0.008253361,16.01171804,0.450769826,0.183306932,1.885173679,1.117
2021-10-15 23:24:54,37.65,38.85,43.5,1.66666666666667,0,0,33,21,2,"Condition 2.5-5","2.5","5",7205,1.006089982,1.018196205,0.072162715,0.156556258,0.318050937,2.216418973,0.994028433,0.988026137,1.002925281,2.055826866,4.109112166,2.482732807,3.558108495,0.007957873,30.3509966,0.362314986,0.164468204,2.336197767,1.019110878,1.019423373,0.011738039,0.025241228,0.816946749,1.216801734,1.018603709,1.014754543,1.02295852,0.626237165,1.088935677,0.601746984,0.890908581,0.00459731,11.76357977,0.24003791,0.123443997,0.777393644,1.00686319,1.009358799,0.034633452,0.070939417,0.530644872,1.570549519,1.000127926,0.994509494,1.008353054,1.324638301,2.492636154,1.394831118,2.1116788,0.016353622,24.8619732,0.394384191,0.189619808,1.58996654,0.149999999999999
2021-10-15 23:26:06,38.85,41.15,43.5,2,0,0,33,21,2,"Condition 2.5-5","2.5","5",7271,1.007012911,1.021286601,0.078118569,0.170162574,0.273657942,2.57686071,0.994073677,0.985550272,1.008444508,2.338677938,4.621464693,2.597850221,3.98631499,0.008142249,49.88800584,0.58157842,0.204067431,2.932438806,1.019402906,1.019802349,0.013439289,0.028542216,0.758293956,1.265958162,1.019060672,1.014097296,1.023913498,0.694733528,1.144817754,0.615336867,0.909981823,0.010395189,7.739967787,0.329851755,0.153733531,0.860980584,1.006715354,1.009337015,0.036969818,0.072705804,0.453407887,1.42024196,0.999865037,0.992248747,1.011152832,1.445276145,2.476606685,1.383055521,2.011296591,0.009732164,19.80691047,0.569274921,0.234021573,1.924734429,1.15
2021-10-15 23:29:24,42.15,43.133,43.5,2,0,0,33,21,2,"Condition 2.5-5","2.5","5",6041,1.00938941,1.027056086,0.090705568,0.189692327,0.188286143,2.613099249,0.994064651,0.983192248,1.018256209,2.646036317,4.679532766,2.714692076,3.859920393,0.006127016,27.92122261,0.938803841,0.202362658,3.571922802,1.01978413,1.020307021,0.016110416,0.032663768,0.78670401,1.241858859,1.019141447,1.013908914,1.024882924,0.817497095,1.313962055,0.719544325,1.028771116,0.004299411,10.3406465,0.42003022,0.145212044,1.157349647,1.009484184,1.012696459,0.044875245,0.080603199,0.454954887,1.392317032,1.000565637,0.99331025,1.023587175,1.686681529,2.702086559,1.524323895,2.111188084,0.008182655,20.11695626,0.8280613,0.23445328,2.465068228,0.350000000000001
2021-10-15 23:30:23,43.133,43.5,43.5,2,0,0,33,21,2,"Condition 2.5-5","2.5","5",5844,1.006772067,1.021238471,0.083354758,0.171298109,0.278745977,2.731183238,0.99397514,0.986437721,1.008107536,2.382910247,4.261824809,2.584610437,3.533698707,0.004448474,27.07906905,0.559252209,0.177510711,3.314811081,1.019318454,1.019637704,0.012286904,0.025515648,0.790098883,1.225912895,1.018645928,1.01443653,1.023332882,0.675345847,1.110340416,0.610557748,0.881417488,0.007669207,8.499930978,0.311295632,0.132699184,0.866908007,1.008127458,1.01077578,0.039980731,0.073127419,0.522448189,1.469556612,0.999610921,0.993135798,1.013622511,1.538884182,2.656956059,1.488241283,2.166114954,0.008217107,19.33177066,0.593472976,0.200154211,2.075179486,NA
2021-11-24 22:06:26,2.55,2.95,25.5,0.333333333333333,0,1,34,21,2,"Condition 1.5-15","1.5","15",2376,1.049803129,1.113789566,0.239830499,0.372154374,0.294571088,3.207998499,0.99455764,0.907543082,1.162721766,5.844786675,8.814659928,4.675142236,6.59962403,0.030715863,40.04148956,3.841124156,1.111940152,7.474692919,1.025662209,1.027050543,0.031432444,0.053395237,0.795313595,1.336271529,1.024669422,1.008040355,1.038223085,1.585957477,2.173737487,1.145701917,1.486877402,0.017510898,8.88678955,1.150719992,0.424928204,2.271371322,1.019076556,1.030455074,0.098904007,0.152743094,0.396925349,1.789342798,0.995514703,0.969987277,1.068936555,3.487350794,4.875159922,2.471923995,3.407412115,0.045784195,21.98919453,2.557869023,1.052343403,4.638132937,0.0499999999999998
2021-11-24 22:08:50,4.95,5.35,25.5,1,0,1,34,21,2,"Condition 1.5-15","1.5","15",2415,1.047259207,1.1084945,0.230213183,0.363404589,0.189028748,3.040829546,0.998684302,0.937917452,1.165141005,5.600557936,8.484440412,4.688668789,6.374661835,0.043028677,32.5948503,3.480467706,0.878092437,7.639651636,1.025833525,1.027018554,0.028118983,0.049332519,0.718225202,1.286538494,1.024823492,1.011478354,1.037286665,1.471206778,2.000572582,1.058467795,1.355950926,0.021289576,8.402689748,1.053771887,0.411238526,2.133422175,1.018171551,1.029501609,0.095560451,0.152347846,0.347860284,1.794894793,0.992771224,0.968269606,1.068415501,3.403944708,4.780678964,2.470300892,3.35748738,0.038448,24.11722429,2.544396729,0.909714767,4.671038155,0.0499999999999998
2021-11-24 22:11:22,7.483,7.883,25.5,1.45454545454545,0,1,34,21,2,"Condition 1.5-15","1.5","15",2392,1.04182319,1.096920913,0.227443514,0.343349988,0.293655678,2.935761716,1.002228332,0.907169975,1.176234863,5.325173801,7.735442364,4.170197747,5.611841402,0.034871117,34.18031943,3.673587196,1.104484103,7.641851965,1.025314005,1.026136975,0.024283409,0.041097302,0.726544096,1.266279877,1.024636461,1.012330217,1.037548292,1.390089532,1.869360262,0.943311055,1.250124996,0.029007229,8.126266591,0.996822956,0.495940834,1.870759882,1.016359061,1.02538351,0.084905205,0.135769321,0.378070178,1.838579241,0.997337372,0.969770982,1.057437228,3.018018855,4.221286983,2.191119807,2.952028232,0.02362547,18.03303411,2.157603237,0.87771501,4.045003281,0.0170000000000003
2021-11-24 22:13:46,9.883,10.95,25.5,2,0,1,34,21,2,"Condition 1.5-15","1.5","15",2419,1.039830053,1.099936252,0.220606192,0.358701004,0.227361192,3.445488214,0.996279949,0.907141623,1.149788469,5.599424465,8.441265616,4.577797258,6.318062956,0.011888486,51.94674387,3.464083091,1.207178707,7.552926287,1.025046492,1.025968097,0.025118377,0.04348569,0.786158719,1.259310454,1.024970841,1.011357957,1.036097388,1.301540851,1.793559411,0.936655278,1.234292035,0.010533949,6.681059187,0.895760919,0.388068909,1.775342189,1.016060102,1.025767949,0.087345392,0.140818863,0.383214232,1.843761031,0.997372446,0.963652312,1.054199152,3.093919721,4.466996534,2.304869343,3.222733946,0.027054248,18.89062941,2.087214167,0.955376215,3.875257017,0.117000000000001
2021-11-24 22:16:26,12.55,12.95,25.5,2,0,1,34,21,2,"Condition 1.5-15","1.5","15",2405,1.035174889,1.086686159,0.207990584,0.330673893,0.220464923,2.933368007,1.004509709,0.920908088,1.134743846,5.335893294,7.781171481,4.152031486,5.664646522,0.021996493,42.13390908,3.446418025,1.354223273,7.240642787,1.024984397,1.02572042,0.024348649,0.038858637,0.812152733,1.213082091,1.025049007,1.010583384,1.037191003,1.229651474,1.566837819,0.756317704,0.971251979,0.022793823,6.382069767,0.983340193,0.469032421,1.74842517,1.014781834,1.022764706,0.081926041,0.127562692,0.537341507,1.639028774,1.00186966,0.968274089,1.060853631,2.936092866,4.038812146,1.9871287,2.773907526,0.01663193,23.03404943,2.117045501,1.112909538,3.850275799,0.0500000000000007
2021-11-24 22:18:50,14.95,15.35,25.5,2,0,1,34,21,2,"Condition 1.5-15","1.5","15",2407,1.04094009,1.099061012,0.222872449,0.352747121,0.230931342,2.980507935,0.999960863,0.910769811,1.161996989,5.575847083,8.308136766,4.461047543,6.160425248,0.029958942,41.84881092,3.577431448,1.140771437,7.546988465,1.025216598,1.026068197,0.025049615,0.041804269,0.814896054,1.229247313,1.025053722,1.012500266,1.037170639,1.40721246,1.885510792,0.980128626,1.255212684,0.042145188,7.293435571,0.992068034,0.45998913,1.948889972,1.017350045,1.027184768,0.08893389,0.141830147,0.488193024,1.762380289,0.997101511,0.966270049,1.060456722,3.199301745,4.746685843,2.426589336,3.507222165,0.031015455,24.75873082,2.125848561,0.959987838,4.024527416,0.0500000000000007
2021-11-24 22:21:14,17.35,17.75,25.5,2.54545454545455,0,1,34,21,2,"Condition 1.5-15","1.5","15",2378,1.040473253,1.09831738,0.222116006,0.351807511,0.191309781,2.898285742,0.996924936,0.914912968,1.154298247,5.572566124,8.171005746,4.437770131,5.977195992,0.031806719,36.76486637,3.652157634,1.081047949,7.76410648,1.024960937,1.025808441,0.025271888,0.041698522,0.796911754,1.27460454,1.024530424,1.01154521,1.036791558,1.340061911,1.782702593,0.890247526,1.175944034,0.034515911,9.292955644,0.992410889,0.457372366,1.826558324,1.016657945,1.025973414,0.090001358,0.13797128,0.486555956,1.662816248,1.000244596,0.968871263,1.066451209,3.187290946,4.535811467,2.344243227,3.227870104,0.027693873,21.07539191,2.196896665,0.994375398,4.137298844,0.149999999999999
2021-11-24 22:23:54,20.017,20.417,25.5,3,0,1,34,21,2,"Condition 1.5-15","1.5","15",2418,1.032314541,1.085197825,0.211932564,0.334704854,0.329261807,2.817612692,1.002757008,0.913306218,1.14537874,5.004180274,7.18324879,3.798533616,5.154438398,0.04094489,33.23152566,3.431502031,1.325005373,6.856011898,1.02495461,1.025701923,0.025064811,0.039155023,0.835817352,1.210866187,1.024834803,1.010105598,1.038040601,1.260963449,1.618602984,0.796818087,1.015023675,0.033524928,6.291377043,0.959100121,0.497152623,1.785708645,1.014044689,1.021813431,0.083102109,0.125787918,0.527863959,1.612625957,0.998381753,0.963828962,1.062280773,2.964963882,4.078157312,2.087697882,2.800643038,0.027331793,16.92172296,2.11229888,0.971574299,3.979738502,0.0169999999999995
2021-11-24 22:26:18,22.417,22.817,25.5,3.5,0,1,34,21,2,"Condition 1.5-15","1.5","15",2382,1.039358787,1.096651216,0.220510423,0.349897983,0.294811624,2.889164149,1.002664261,0.923322547,1.156304551,5.306764502,7.983042801,4.246585158,5.965078968,0.01175589,41.14813092,3.548350598,1.076629441,7.072872112,1.025286874,1.026146053,0.024282645,0.041991527,0.652912692,1.271372602,1.024525901,1.010962113,1.036727979,1.34580459,1.829435697,0.925363112,1.239471745,0.022012871,8.626754469,0.96767629,0.445150557,1.850556719,1.015729785,1.024669907,0.0854113,0.135089167,0.494462017,1.926449795,0.997497377,0.966581005,1.05403079,3.019239584,4.392870738,2.236425286,3.191517444,0.023188649,24.05276454,2.052748319,0.98473935,3.806270848,0.0829999999999984
2021-11-24 22:28:46,24.883,25.283,25.5,4,1,1,34,21,2,"Condition 1.5-15","1.5","15",2405,1.042683193,1.093035337,0.214156213,0.327998078,0.192635769,2.702117087,1.010149541,0.902733427,1.156655182,5.567612709,7.854402176,4.131157808,5.541308075,0.103013657,49.01119527,3.915244344,1.538189093,7.896690976,1.025182922,1.025942242,0.024420099,0.039472882,0.784083699,1.242701255,1.024491144,1.011585372,1.037870849,1.328245473,1.731745141,0.836482134,1.111404073,0.030339174,8.694353835,1.019911072,0.516733836,1.780346013,1.01327075,1.020795488,0.080925617,0.1237424,0.465551739,1.635642424,1.004294329,0.966659054,1.058252191,2.935055934,3.878562708,1.919256814,2.536014713,0.039560705,15.98932528,2.178931844,1.087919152,4.058760905,NA
2021-12-17 14:06:35,2.5,3,21.5,1,0,1,35,21,2,"Condition 2.5-10","2.5","10",2990,1.034943648,1.068926665,0.167020856,0.267431827,0.238038809,2.662510959,0.996112699,0.961080328,1.108261847,5.251103201,7.676958425,4.43885915,5.601080404,0.019134192,29.89857688,3.518187967,0.403832466,8.150277955,1.027929946,1.028572155,0.019340445,0.03634758,0.753107752,1.267444607,1.027625669,1.020507329,1.035415363,1.137538275,1.67850915,0.910291795,1.234467286,0.009370799,10.3457126,0.695224031,0.246567088,1.59733979,1.005208634,1.012613727,0.077248687,0.122258586,0.347275108,1.511791118,0.992693691,0.976314257,1.045122228,3.193783469,4.672842745,2.599085725,3.411612588,0.009633116,20.63895783,2.193897609,0.382722993,4.720675216,0
2021-12-17 14:09:05,5,5.5,21.5,2,0,1,35,21,2,"Condition 2.5-10","2.5","10",3014,1.039679813,1.071378761,0.162632427,0.25872871,0.084815473,2.582729364,1.000249387,0.964486784,1.109460364,5.265148045,7.714126994,4.322793721,5.638840701,0.014335639,38.59510552,3.574359756,0.671611948,7.883998521,1.027327367,1.027936611,0.021930529,0.035391698,0.889779856,1.195428937,1.027275961,1.0166419,1.037816033,1.19886586,1.597688846,0.819045022,1.056267294,0.02911162,6.527138153,0.857678329,0.380741374,1.703438177,1.007093855,1.014802646,0.080157959,0.124866125,0.391731217,1.812161713,0.993900354,0.967795754,1.048533318,3.13190258,4.463270676,2.347948597,3.180460436,0.031280636,24.23163404,2.276182363,0.708448626,4.323627817,0
2021-12-17 14:11:05,7,8.2,21.5,2,0,1,35,21,2,"Condition 2.5-10","2.5","10",3034,1.036231899,1.062981488,0.154987631,0.237005507,0.249841333,2.576036333,0.996459176,0.947501952,1.110515614,5.160358053,7.392648787,4.053364069,5.294450201,0.027024706,35.40671775,3.862934194,0.701142557,7.551501973,1.027340953,1.028405484,0.025732573,0.046788111,0.739385775,1.300596697,1.0269655,1.015799194,1.036510881,1.255957886,1.85565831,0.976385963,1.366255101,0.0095208,11.15738195,0.813330388,0.292729379,1.749585648,1.007390403,1.014668685,0.078372668,0.121334123,0.277591351,1.517690147,0.993451474,0.965952329,1.04871048,3.187717356,4.599473406,2.421838673,3.316208608,0.019608644,24.35753573,2.281225565,0.619392902,4.610848706,0.5
2021-12-17 14:14:17,10.2,10.7,21.5,2,0,1,35,21,2,"Condition 2.5-10","2.5","10",2999,1.03725216,1.064773582,0.153404513,0.240561912,0.346445368,2.652065677,0.996599648,0.967003714,1.116852185,5.163956142,7.752024184,4.341058067,5.782610962,0.016979821,37.5290449,3.51512225,0.524534012,7.430278038,1.027639681,1.028501381,0.023025261,0.042099491,0.694936927,1.266369161,1.027016881,1.018887176,1.037281286,1.186366906,1.761444239,0.946241261,1.302223104,0.010827694,10.44259984,0.746126448,0.257287912,1.656094368,1.00821555,1.015239662,0.073784611,0.119238069,0.405097275,1.515367531,0.993189606,0.976210498,1.034274526,3.187159678,4.677251556,2.59234961,3.423829062,0.005553747,21.90511249,2.120277085,0.4981789,4.63674957,0.199999999999999
2021-12-17 14:16:18,12.217,13.933,21.5,2.57142857142857,0,1,35,21,2,"Condition 2.5-10","2.5","10",3129,1.029059045,1.055956167,0.149113373,0.236851934,0.276534087,2.555057715,0.99527852,0.957801001,1.085563479,4.893001588,7.222399896,3.957892361,5.313249556,0.022841082,36.60747476,3.413219126,0.685381933,6.991320374,1.026969953,1.027691806,0.021178831,0.038518028,0.730717882,1.260859641,1.027014604,1.018856849,1.036169089,1.127065315,1.615912758,0.842983604,1.158156565,0.025773781,10.03121361,0.768744201,0.274359963,1.626416444,1.006320966,1.013143239,0.072197582,0.117395663,0.399071843,1.595659774,0.993127,0.972389774,1.040970953,3.166833927,4.861926455,2.578816747,3.689694295,0.013975732,26.9529284,2.076683562,0.55033782,4.180448029,0.282999999999999
2021-12-17 14:19:05,15,15.5,21.5,3,0,1,35,21,2,"Condition 2.5-10","2.5","10",3016,1.033073138,1.05847457,0.152378124,0.230534006,0.408889521,2.182354206,0.996059607,0.963656647,1.101261692,5.091641088,7.40828834,4.210041645,5.382149659,0.005827037,31.39650598,3.557287054,0.527496537,7.786906332,1.027264338,1.02786187,0.01935973,0.035048684,0.819361407,1.226443612,1.026598403,1.018265428,1.034863761,1.102955935,1.591058784,0.862506779,1.146905637,0.009030608,6.774045427,0.702453505,0.245981053,1.560817278,1.003749231,1.01081026,0.074084251,0.119287811,0.512370728,1.573800368,0.992263663,0.973931435,1.038380891,2.960176806,4.190629192,2.360399828,2.966756746,0.022548736,16.90283111,2.149478294,0.39704939,4.468037344,0
2021-12-17 14:21:23,17.3,17.8,21.5,3.42857142857143,0,1,35,21,2,"Condition 2.5-10","2.5","10",3020,1.033154075,1.058354624,0.156762951,0.229618434,0.211368801,2.251668404,0.996929154,0.951574628,1.131368901,5.245880984,8.015940005,4.188143441,6.062029295,0.014671455,66.12362949,3.642362812,0.810553774,7.293685375,1.027087399,1.027802038,0.022098755,0.038327423,0.805997774,1.238320768,1.027409087,1.018373344,1.037211111,1.191757415,1.650517443,0.859517555,1.142083247,0.016677063,7.628461629,0.892758187,0.302181675,1.698643655,1.003812057,1.010165341,0.07174455,0.113135355,0.433975763,1.510300597,0.99275205,0.963315931,1.039594841,2.807723394,3.90574094,2.083597956,2.715500716,0.016358746,16.14952038,2.081875057,0.640030031,4.003095384,0.199999999999999
2021-12-17 14:23:24,19.317,21.3,21.5,4,1,1,35,21,2,"Condition 2.5-10","2.5","10",3049,1.024867608,1.054524167,0.151380071,0.248370363,0.291828706,2.84736008,0.995584079,0.95678782,1.095703263,4.620203641,6.82963999,3.641217662,5.030507251,0.0105049,50.97600938,3.373022016,0.549016666,6.685954447,1.026290417,1.026818899,0.018322725,0.032945193,0.840212219,1.25192019,1.026628107,1.01951689,1.034637545,1.008109511,1.411541462,0.752492549,0.988172497,0.015656876,6.824714753,0.692064762,0.254746855,1.437486173,1.004010549,1.00905161,0.065475522,0.100753652,0.461500165,1.388243747,0.99228873,0.974534258,1.042089011,2.518282793,3.463079412,1.868322186,2.37760919,0.008724614,14.0418078,2.007250781,0.396781581,3.772751089,NA
2021-09-24 15:19:13,2.4,2.8,7.5,1,0,1,36,22,3,"Condition 2.5-15","2.5","15",2313,1.031916279,1.067971127,0.199699451,0.275216042,0.289470073,2.167067145,1.009430409,0.864998821,1.156859942,6.264468534,8.046133843,3.774236425,5.050518444,0.109290838,34.37268884,5.006072432,2.576970911,8.498151583,0.991284978,0.991979392,0.023649858,0.037118766,0.806403894,1.317451895,0.991281663,0.975386114,1.006333999,1.409470099,1.734020571,0.740930437,1.010278597,0.057381002,7.435491385,1.204240849,0.709540529,1.85080541,1.01007044,1.016828352,0.087427504,0.117062069,0.558544197,1.4902251,0.998510093,0.946121479,1.079514961,3.68178768,4.555818291,2.045047828,2.683847104,0.015167512,17.58975304,3.109410499,1.693365081,4.929400197,0.1
2021-09-24 15:21:37,4.8,5.2,7.5,2,0,1,36,22,3,"Condition 2.5-15","2.5","15",2451,1.032604954,1.073155653,0.202137191,0.292275411,0.352526143,2.426097036,1.006544708,0.856978492,1.147082151,6.00644502,8.046135568,3.864198982,5.354868788,0.061025201,48.02582841,4.711071786,2.215594377,8.08414596,0.991325299,0.992059506,0.023410365,0.03816818,0.771328067,1.243650842,0.989926596,0.975484264,1.004529034,1.322663345,1.645850455,0.718537382,0.979682162,0.036546921,6.196074566,1.076807079,0.633448449,1.686713369,1.009775987,1.016162672,0.082621558,0.113773077,0.581251395,1.429619408,0.993174871,0.950704964,1.059645814,3.558709018,4.581351263,2.100917515,2.885787347,0.05431311,21.01775588,2.959794086,1.532572632,4.704359952,0.2
2021-09-24 15:23:37,6.8,7.217,7.5,4.22222222222222,1,1,36,22,3,"Condition 2.5-15","2.5","15",2440,1.030745676,1.070181112,0.195029402,0.287897439,0.242176315,2.41882354,1.00857296,0.880376875,1.131618229,6.377141077,8.219170211,3.852026873,5.186314575,0.175281879,36.1507638,5.138355778,2.6255993,8.57522931,0.990927879,0.991627931,0.025426101,0.037262062,0.796142032,1.191340279,0.990583803,0.972347202,1.007607207,1.445868531,1.729815377,0.70025508,0.949786973,0.042462876,5.94437509,1.265039873,0.777915805,1.812674085,1.007555184,1.013488829,0.080670795,0.109531162,0.631677313,1.412756269,0.999229992,0.951006766,1.067113593,3.570522301,4.395816051,1.944691108,2.564618092,0.10816012,16.05964511,2.933412516,1.760568612,4.745117235,NA
2021-10-01 16:10:49,2.433,2.833,6,2.36363636363636,0,1,37,22,3,"Condition 1.5-15","1.5","15",2420,1.0277015,1.056529753,0.182256096,0.245172562,0.414457966,2.204223051,1.009270071,0.883332513,1.156127944,5.402455693,6.73395035,3.03032565,4.020726655,0.158884443,30.16378313,4.766522117,2.461559652,7.277101582,1.016931913,1.017475774,0.018937019,0.033269976,0.767531068,1.327899232,1.016598045,1.005418252,1.02748098,1.106818974,1.51389613,0.675565609,1.033089761,0.024683853,10.87895574,0.826842838,0.486491782,1.381684307,1.01538776,1.021601098,0.083120512,0.112524366,0.685441862,1.461684655,1.002103087,0.955801859,1.071991853,3.370916466,4.182429926,1.903555722,2.476323337,0.100077496,19.21598169,2.819617429,1.54612699,4.589318683,0.0670000000000002
2021-10-01 16:13:45,5.367,5.767,6,4,1,1,37,22,3,"Condition 1.5-15","1.5","15",2424,1.023244323,1.057554902,0.187008987,0.267250613,0.472837971,2.268643156,1.004878542,0.857937508,1.131261938,5.448398312,7.193304642,3.50860365,4.697626539,0.070100658,34.90015627,4.313273386,1.953825835,7.408912541,1.016826338,1.017306607,0.0188605,0.03126236,0.858987931,1.282862583,1.017091792,1.00464664,1.029053893,1.087734467,1.413591616,0.614220236,0.903001392,0.028536787,10.20927322,0.895623224,0.502749242,1.387366541,1.013888854,1.020481685,0.085506437,0.11583521,0.606571272,1.472147721,1.000302927,0.954263589,1.073883298,3.245150805,4.09642056,1.861402155,2.500447566,0.031352607,15.05974423,2.756734997,1.4011546,4.345117276,0.367
2021-10-08 15:24:03,2.4,3,11,1,0,1,38,22,3,"Condition 2.5-10","2.5","10",3675,1.014953907,1.033139744,0.134958536,0.193019263,0.423872986,1.929103587,0.999746345,0.9392268,1.10326678,4.212146185,6.03807091,3.187815094,4.326802563,0.007219429,30.56874495,3.093232887,0.863733288,5.793316442,1.017411887,1.018314874,0.020191124,0.042880491,0.725880653,1.354393772,1.0171404,1.008414905,1.025589398,0.998469039,1.441169385,0.736782074,1.03938579,0.003890311,8.275490776,0.695679684,0.273997399,1.339615699,1.029385471,1.036157267,0.078182858,0.118284579,0.499276415,1.614909383,1.010734026,0.98321813,1.067357631,2.746960592,3.929480797,1.978030046,2.810191508,0.010533679,34.16056107,2.113105358,0.665631605,3.923736373,0.1
2021-10-08 15:26:27,4.8,5.4,11,2,0,1,38,22,3,"Condition 2.5-10","2.5","10",3649,1.019385401,1.040379137,0.139774284,0.207975977,0.495111333,2.100915425,1.000655896,0.946364268,1.09299741,4.379166139,6.602155761,3.493253989,4.94146316,0.020170663,57.63257161,3.11028204,0.693070396,6.399224461,1.017879894,1.018954874,0.021256195,0.046799112,0.626280194,1.559596438,1.017820718,1.00846939,1.027767263,1.018218234,1.54642893,0.748226369,1.164064221,0.007695477,11.52979753,0.689160742,0.290102701,1.319919542,1.027786606,1.036137082,0.081105594,0.131299162,0.251202191,1.769165214,1.009797013,0.98718478,1.065872358,2.925435477,4.357742132,2.229618062,3.230263786,0.006502162,36.27265605,2.037805215,0.65681915,4.156591264,0.2
2021-10-08 15:29:27,7.8,8.4,11,3.42857142857143,0,1,38,22,3,"Condition 2.5-10","2.5","10",3647,1.017027752,1.038645514,0.138349125,0.210834638,0.385821002,2.367101752,0.998065995,0.944712979,1.083417051,4.167922241,6.276165478,3.357056058,4.693049978,0.020180117,47.88217581,2.80376571,0.734900132,5.956525815,1.01691583,1.017773368,0.020262827,0.041776814,0.717493764,1.27982644,1.017361563,1.007796815,1.026364806,0.976735257,1.374148958,0.683523167,0.966710874,0.008508206,7.117356382,0.703959135,0.297598432,1.311078653,1.026147636,1.032295208,0.074246048,0.112507313,0.501119998,1.52582168,1.009392462,0.987146235,1.062065393,2.594614437,3.629431758,1.896001748,2.538211538,0.009543004,22.86016024,1.883707859,0.680676515,3.739740087,0.3
2021-10-08 15:31:33,9.9,10.517,11,4,1,1,38,22,3,"Condition 2.5-10","2.5","10",3695,1.021386912,1.046274587,0.151956433,0.226877096,0.301581072,2.756622922,1.000051148,0.925296804,1.100518174,4.682475366,7.378310443,3.646415518,5.702867142,0.032184305,68.69614666,3.280745518,0.887146413,6.440890527,1.017695953,1.018796118,0.020719095,0.04734008,0.698942033,1.426246353,1.017740462,1.00811994,1.02673688,0.995962459,1.40557859,0.66273268,0.991955807,0.006553587,9.695425174,0.745985134,0.34653564,1.263458365,1.028535027,1.036509012,0.080282078,0.128339736,0.395506023,2.0478097,1.011071956,0.986720319,1.059964901,2.92415063,4.342941049,2.134181178,3.211428333,0.005444192,40.78175488,2.067589802,0.831249068,4.033507487,NA
2021-10-06 18:30:50,2.417,2.817,31,0.545454545454545,0,1,39,23,4,"Condition 2.5-15","2.5","15",2410,1.035122504,1.087959041,0.224411404,0.334996779,0.331819626,3.535561492,1.020503148,0.84355074,1.157835304,6.426102123,8.804069288,4.377748925,6.01929296,0.105160936,52.36469529,4.581882241,2.277082131,8.575427984,1.019883306,1.020861352,0.02478714,0.044685222,0.673951171,1.253055384,1.021259611,1.008031767,1.033426569,1.345730627,1.810892947,0.855639301,1.212003351,0.020595152,11.35842151,0.998208965,0.547524796,1.757952467,1.046501566,1.055158821,0.090660287,0.13491539,0.377497672,2.140066562,1.03792619,0.97920835,1.101475649,3.752914264,5.287879329,2.28553274,3.725998568,0.15727658,47.33934096,2.780015576,1.649159746,4.486531135,0.0830000000000002
2021-10-06 18:33:15,4.833,5.217,31,1,0,1,39,23,4,"Condition 2.5-15","2.5","15",2321,1.03430321,1.090752108,0.231742588,0.346422772,0.302517094,3.457923287,1.012082617,0.835735325,1.159585918,6.721020859,9.191423807,4.407466689,6.271132399,0.202062121,47.99213072,4.736915923,2.689842147,8.596034415,1.020588307,1.02186599,0.030281413,0.051095343,0.732951574,1.299235232,1.020320814,1.003863809,1.035771165,1.501421639,1.986994095,0.957392044,1.301771497,0.030585114,9.035692973,1.093263565,0.599275983,1.998563655,1.047233501,1.058791668,0.103011595,0.156052178,0.591702664,2.051107745,1.03297198,0.981245486,1.104084585,3.936508008,5.227079358,2.397467777,3.439674846,0.114142159,38.69584762,3.032868742,1.611282832,5.158847955,0.167
2021-10-06 18:36:02,7.617,8.417,31,1,0,1,39,23,4,"Condition 2.5-15","2.5","15",2397,1.038793585,1.0898429,0.233144603,0.329713189,0.299411133,3.173943661,1.025565801,0.820442323,1.18477294,6.55570698,8.947671836,4.374904216,6.090896568,0.206283311,43.1980782,4.681706197,2.400938777,8.778254155,1.020633247,1.021282215,0.022820021,0.036410053,0.828885053,1.188551222,1.020795522,1.007633897,1.03283665,1.277419823,1.688942703,0.79763053,1.105095357,0.037037984,8.317168801,0.967378213,0.517051374,1.702362152,1.045128607,1.054005204,0.094060016,0.136531836,0.526615385,1.689413984,1.034259938,0.977583898,1.101542113,3.587369917,4.869232227,2.275198623,3.293133119,0.151857489,25.83183947,2.588578614,1.504895248,4.460496423,0.117
2021-10-06 18:38:07,9.7,10.5,31,1,0,1,39,23,4,"Condition 2.5-15","2.5","15",2363,1.032502051,1.073513847,0.207481956,0.29395248,0.261630113,2.66559468,1.015680744,0.855371432,1.150652799,6.24075461,8.048318672,3.840063566,5.083242563,0.114453713,35.61516655,4.76238417,2.617384659,8.532666169,1.020274524,1.020837432,0.022249943,0.033903462,0.863929937,1.187790453,1.019372616,1.006751696,1.033854404,1.23449352,1.543261979,0.707436319,0.926308025,0.05101694,5.940410585,0.996048424,0.544503661,1.662531255,1.043552527,1.051291384,0.092403848,0.127352113,0.554396903,1.486385796,1.037948938,0.980052946,1.109088221,3.397160791,4.260159577,1.92184784,2.571197603,0.111574638,16.17568647,2.729504512,1.558722249,4.494794813,0.300000000000001
2021-10-06 18:40:58,12.55,12.95,31,1.5,0,1,39,23,4,"Condition 2.5-15","2.5","15",2356,1.057762169,1.12472238,0.24871548,0.382363283,0.256360098,3.582194436,1.034672245,0.85183615,1.176725288,7.278809847,9.897897861,4.922769624,6.708682456,0.133624091,50.63241048,5.228318959,2.531202013,9.982273107,1.021531048,1.022308458,0.02609798,0.039869489,0.850527219,1.23670227,1.021458913,1.006450097,1.037114844,1.513460269,1.960382218,0.942221936,1.246272838,0.03641238,8.541780518,1.167585256,0.610576448,2.05254763,1.049249425,1.061016735,0.108994306,0.157615679,0.550654484,2.047359918,1.031714491,0.979949455,1.122082108,4.301129455,5.808770311,2.658724682,3.904942114,0.147642241,34.06059921,3.337661197,1.683488958,5.533158186,0.0500000000000007
2021-10-06 18:43:26,15.017,15.417,31,2,0,1,39,23,4,"Condition 2.5-15","2.5","15",2399,1.05324801,1.11920863,0.243223916,0.378624277,0.243045528,3.470588075,1.027155681,0.871208022,1.164759827,7.358576609,10.20430039,5.146403855,7.071064091,0.068306548,52.13405435,5.343409142,2.354907711,10.149438,1.021502219,1.022685814,0.029578155,0.049198562,0.836271729,1.584754304,1.019867602,1.004413171,1.037220188,1.676825409,2.352750623,1.12580664,1.650705405,0.045298715,16.19620729,1.245340292,0.605619656,2.171644477,1.046774628,1.059429889,0.111097263,0.163296309,0.377442122,2.017760519,1.030097468,0.968836376,1.112948115,4.174943025,5.646157349,2.630096153,3.80196942,0.064775311,36.11849223,3.124446985,1.699299377,5.417195881,0.0169999999999995
2021-10-06 18:45:33,17.133,17.933,31,2,0,1,39,23,4,"Condition 2.5-15","2.5","15",2397,1.062958619,1.132390868,0.255824519,0.390501819,0.248665394,4.068101199,1.031520172,0.842169277,1.186198552,8.123646873,11.2832214,5.656497115,7.832180348,0.033238475,70.28510322,5.739419727,2.532050384,11.24468477,1.021117075,1.022001207,0.027864802,0.042510458,0.797810344,1.317501913,1.020745507,1.0040324,1.039052379,1.649997901,2.212878468,1.030461327,1.474871488,0.027378414,10.75963276,1.203383224,0.70945844,2.064518028,1.051437136,1.064906574,0.115871759,0.168872311,0.262513473,2.243849478,1.035363395,0.971241603,1.119291272,4.653354249,6.280169893,2.894299607,4.218323691,0.165464064,43.85696507,3.508813471,1.924920391,6.079191343,0.367000000000001
2021-10-06 18:48:21,19.933,20.333,31,2,0,1,39,23,4,"Condition 2.5-15","2.5","15",2425,1.036161337,1.081540877,0.211175278,0.310064507,0.335384023,3.022105427,1.016777185,0.85473863,1.153977611,6.75964763,8.919226845,4.114771494,5.820115613,0.207879755,60.97869905,5.251499324,2.826675737,8.904757521,1.020879724,1.021751662,0.025303818,0.042211168,0.812039725,1.402719322,1.020450435,1.006151342,1.035255921,1.336436778,1.736739272,0.802409445,1.109372687,0.017192923,8.072821518,1.027538282,0.563482878,1.756953974,1.042524397,1.050036974,0.090786508,0.125407389,0.525838279,1.628466749,1.035017713,0.97624104,1.108119816,3.630590778,4.673475396,2.088936597,2.943426071,0.110132678,25.22576076,2.785412082,1.700515419,4.56799001,0.0670000000000002
2021-10-06 18:50:45,22.333,23.133,31,2.625,0,1,39,23,4,"Condition 2.5-15","2.5","15",2414,1.054274224,1.12006432,0.285004427,0.378297799,0.181875992,2.580787628,1.045203984,0.791627037,1.247020879,7.411431278,10.02135335,5.058325856,6.746634176,0.199928496,52.857855,5.26297676,2.615572897,9.954487064,1.022004658,1.022955576,0.029272575,0.044106632,0.799982992,1.233930261,1.021999241,1.002721281,1.040357574,1.601096776,2.002901535,0.931921964,1.203621223,0.049867545,7.402006286,1.253096999,0.712913064,2.211129032,1.045790903,1.055750413,0.102910463,0.144703126,0.603672061,1.642260751,1.033228239,0.977764284,1.111232685,3.994157634,5.122212038,2.326753798,3.207495058,0.096430313,24.13708093,3.17595623,1.849072663,5.139508206,0.167000000000002
2021-10-06 18:52:45,24.333,26.4,31,3,0,1,39,23,4,"Condition 2.5-15","2.5","15",2394,1.056050163,1.122628227,0.253054335,0.380936746,0.23698269,3.179013694,1.018543469,0.859304018,1.160221817,7.689326486,10.31241348,5.171842909,6.87312672,0.121026996,48.64012863,5.829225128,2.566774731,10.52324012,1.020689435,1.021741747,0.028718592,0.046369951,0.789347108,1.386122669,1.021700498,1.003780728,1.038672045,1.606668788,2.180824301,1.027905053,1.474964121,0.025644213,14.5076626,1.176422326,0.627173915,2.094334624,1.046436142,1.055445243,0.098064554,0.137637113,0.641427932,1.719500543,1.031584086,0.971852509,1.098973715,3.983202713,5.101789721,2.39795078,3.188511092,0.171119065,23.30944355,3.081741965,1.623707257,5.372019578,0.667000000000002
2021-10-06 18:55:57,27.533,27.95,31,3.5,0,1,39,23,4,"Condition 2.5-15","2.5","15",2410,1.04176501,1.101145895,0.224829888,0.356792333,0.238532407,4.003923822,1.009177291,0.850159337,1.154164677,7.250660077,10.60925085,5.102471043,7.746550354,0.140502044,64.55120867,5.041130688,2.431958056,9.263197101,1.021121846,1.022532224,0.029821606,0.053698416,0.593687252,1.501598458,1.021229865,1.003106807,1.036972573,1.601288766,2.313650186,1.044847806,1.670332192,0.041563082,22.76097496,1.104151096,0.652477999,1.983434365,1.047218235,1.05820665,0.10309824,0.152134435,0.409173094,2.054455721,1.034926806,0.970629034,1.104628181,4.092608674,5.671457713,2.620555764,3.927134938,0.039921713,36.55439342,2.994249333,1.66352969,5.043109505,0.0330000000000013
2021-10-06 18:58:33,30.133,30.533,31,4,1,1,39,23,4,"Condition 2.5-15","2.5","15",2367,1.058312839,1.12041944,0.272207672,0.367927774,0.25113379,2.765344966,1.026927606,0.822832176,1.232776521,7.298452947,9.980349972,4.869985151,6.80878581,0.069843117,49.77103457,5.237458862,2.660407716,9.353552639,1.021835286,1.022644961,0.025508718,0.040694764,0.798347195,1.249205621,1.021330626,1.006793205,1.037041839,1.436732667,1.92910135,0.914030105,1.287607081,0.031912683,10.17254927,1.070877659,0.575110665,1.832515479,1.045494236,1.056379183,0.103623809,0.151289293,0.231934478,1.648241304,1.032083432,0.97382338,1.107549215,4.077010043,5.542849914,2.596722884,3.755946848,0.06706947,27.61887351,2.995995221,1.639359774,5.14761595,0.132999999999999
2021-10-20 18:13:07,2.117,3.117,42.5,0,0,0,40,23,4,"Condition 2.5-5","2.5","5",5996,1.013075718,1.0326243,0.098586386,0.199993014,0.261626097,2.913563894,0.995283464,0.988009378,1.01649779,2.646600555,5.27829975,3.072071724,4.567212851,0.006537296,48.0726696,0.441921173,0.145084741,3.579307104,1.021686457,1.022021336,0.012757945,0.026163123,0.809797861,1.263522103,1.021331351,1.017723338,1.025128284,0.664658564,1.143021335,0.629824742,0.929984425,0.002760381,9.340573808,0.243360352,0.108228101,0.902469856,1.01667047,1.019766393,0.043818106,0.079408459,0.621201252,1.657507402,1.004702166,0.999702961,1.017347956,1.539499664,2.766693839,1.582992657,2.299003527,0.01025516,25.70846576,0.431486701,0.17492449,2.137216021,0.383
2021-10-20 18:16:07,5.117,6.117,42.5,0,0,0,40,23,4,"Condition 2.5-5","2.5","5",5951,1.011076806,1.024934381,0.089614111,0.167984883,0.357771034,2.435508576,0.995362404,0.979319761,1.0270926,2.571680653,4.552830286,2.620008172,3.757272263,0.005152428,32.98314543,0.952308533,0.193626946,3.45123015,1.02161279,1.021872323,0.01249411,0.023031303,0.86327528,1.16641463,1.021727367,1.01737102,1.026172075,0.688607605,1.150084802,0.608738716,0.921225949,0.007404373,12.23940672,0.324048334,0.141925746,0.901990312,1.018478892,1.021170574,0.041578294,0.074101342,0.639269717,1.507062774,1.006484988,1.000308413,1.029466532,1.440833102,2.351807201,1.303519503,1.858918464,0.004954098,17.10907592,0.709277258,0.215822101,1.983286264,0.117
2021-10-20 18:18:08,7.133,8.117,42.5,0,0,0,40,23,4,"Condition 2.5-5","2.5","5",6051,1.012554815,1.026140708,0.091958521,0.166439412,0.305114249,2.613772262,0.996202508,0.982920252,1.031039851,2.462324419,4.298165561,2.528208384,3.523242459,0.004589653,30.3333186,0.823498237,0.18913449,3.501865859,1.022500485,1.022759509,0.012518815,0.023018672,0.908903583,1.210331143,1.022102878,1.017231941,1.026556203,0.687103143,1.078419558,0.585490858,0.831259423,0.007632227,8.042453774,0.348668025,0.149981792,0.934590146,1.017078933,1.019739822,0.042313474,0.073625024,0.515322945,1.682654968,1.005975049,0.999608941,1.028708907,1.462766175,2.443045884,1.344891027,1.956890715,0.009609732,19.12621134,0.661571466,0.220276482,2.100855323,0.367
2021-10-20 18:19:07,8.117,13.333,42.5,0,0,0,40,23,4,"Condition 2.5-5","2.5","5",5868,1.012888458,1.034291976,0.106013496,0.209342616,0.270897643,2.772346659,0.995640293,0.982142254,1.028061662,2.749855685,4.896018858,2.894859043,4.051183991,0.009115922,31.24002192,0.72471226,0.21947333,3.903833518,1.021823011,1.022132526,0.014533181,0.025154355,0.814384349,1.190522507,1.021806121,1.015447022,1.028653941,0.748219882,1.134764584,0.608531027,0.853218465,0.007508254,10.16511866,0.417480954,0.183695551,1.037284973,1.017698341,1.021661121,0.050760485,0.089904998,0.523938637,1.661740866,1.005456924,0.996161646,1.029160931,1.660270391,2.765988827,1.514574282,2.21247164,0.014354715,19.39033635,0.75930424,0.271242913,2.262403464,1.883
2021-10-20 18:24:20,13.333,14.317,42.5,0.333333333333333,0,0,40,23,4,"Condition 2.5-5","2.5","5",5794,1.011918674,1.025597798,0.092966555,0.166961832,0.353311384,2.136443392,0.995953526,0.982012211,1.030161198,2.404869496,4.077118376,2.43227658,3.292623334,0.010056902,29.20616329,0.869303729,0.195796388,3.662209098,1.021771606,1.022068151,0.01380054,0.024621027,0.879494563,1.212931172,1.021791563,1.016049871,1.02684633,0.703567212,1.068505073,0.586005634,0.804243696,0.006433353,7.399306091,0.37696812,0.159108124,0.984992507,1.016278983,1.018984646,0.044040731,0.074213798,0.351165677,1.46256106,1.005596473,0.997310985,1.028917118,1.543403741,2.508254266,1.379591948,1.977351586,0.007319071,24.6143187,0.778624738,0.230814659,2.284440672,0.833
2021-10-20 18:26:20,15.333,16.333,42.5,1,0,0,40,23,4,"Condition 2.5-5","2.5","5",6106,1.011477538,1.02237473,0.081026746,0.148885556,0.407086683,2.199156383,0.995393205,0.984198985,1.021584126,2.398320966,4.186191186,2.493809814,3.431352765,0.01850123,36.0134455,0.767860726,0.206994815,3.405734844,1.022457304,1.022748091,0.0130828,0.024388868,0.881554011,1.323115189,1.021972622,1.017489725,1.027406688,0.640867618,1.004560345,0.533677895,0.773646058,0.003945648,8.521863476,0.337732094,0.151249234,0.883205378,1.016483398,1.018991889,0.040099885,0.071461932,0.372651557,1.542603898,1.005404824,0.998335404,1.023998688,1.413710891,2.316702564,1.257243928,1.835506509,0.006605582,21.51489213,0.703369672,0.233119193,2.028254597,0.333
2021-10-20 18:29:33,18.55,20.583,42.5,1,0,0,40,23,4,"Condition 2.5-5","2.5","5",6100,1.009590277,1.024046154,0.086667687,0.171472503,0.352252614,2.287966218,0.995069847,0.988113353,1.014342087,2.408169191,4.506898708,2.73550598,3.80988675,0.006325019,28.48967307,0.43726412,0.138699858,3.201197848,1.022066857,1.022317016,0.011723549,0.022616467,0.903621179,1.221683676,1.021908707,1.018771072,1.02539123,0.60364607,1.000713809,0.550490044,0.798213014,0.00964202,9.529451331,0.260937064,0.120954998,0.7952425,1.015696678,1.018345459,0.041860618,0.073407192,0.611655427,1.559853111,1.004824261,1.000219531,1.018166497,1.457937705,2.502193353,1.488731432,2.033732376,0.007560468,14.51930039,0.446143777,0.157029089,2.141196172,1.05
2021-10-20 18:31:35,20.583,21.567,42.5,1,0,0,40,23,4,"Condition 2.5-5","2.5","5",5693,1.010495084,1.027892015,0.097637123,0.188329256,0.190595956,2.560781105,0.995671147,0.982344597,1.021215685,2.579321289,4.901923392,2.728807149,4.168813723,0.015032648,61.17542653,0.729223827,0.181414871,3.559874775,1.022325112,1.02260913,0.012176151,0.024101877,0.839491408,1.178642059,1.022237396,1.018249317,1.026432617,0.62521661,0.985178448,0.534669497,0.761434583,0.005742276,6.484206811,0.310567876,0.141702422,0.844519646,1.016473329,1.020160774,0.047816707,0.086667723,0.575046564,1.639791159,1.005474172,0.998061638,1.023939491,1.531244086,2.575760734,1.449241413,2.071373627,0.009060679,17.83837141,0.633490179,0.211578379,2.207618496,0.582999999999998
2021-10-20 18:33:35,22.583,23.733,42.5,1,0,0,40,23,4,"Condition 2.5-5","2.5","5",6192,1.005870034,1.018635687,0.082723856,0.160774105,0.206464083,2.082477879,0.995345003,0.985096487,1.018307155,2.268458466,4.087373821,2.44360391,3.400380653,0.012121168,26.17867137,0.616952246,0.181228309,3.105775092,1.022385201,1.022614291,0.012569671,0.021646352,0.889298097,1.165599986,1.021964525,1.016958705,1.027450962,0.655767348,1.003059071,0.534676017,0.759071639,0.013599043,7.630368043,0.37750553,0.154620608,0.903977552,1.016188311,1.018865674,0.042270576,0.073820445,0.511163656,1.647946594,1.005099715,0.997924789,1.026971612,1.411736642,2.296753434,1.276814429,1.811796404,0.013757768,19.09779917,0.693586097,0.213804787,1.990829744,0.0829999999999984
2021-10-20 18:35:55,24.917,25.983,42.5,1,0,0,40,23,4,"Condition 2.5-5","2.5","5",6697,1.008254779,1.023024136,0.087939312,0.173219984,0.277757521,2.110924484,0.995644007,0.982699983,1.016676081,2.296448323,4.470321462,2.458045522,3.835661122,0.009531639,61.7245544,0.673807059,0.223937934,2.787223431,1.022652495,1.022948317,0.013396779,0.024601287,0.800395221,1.261495981,1.022635495,1.017316903,1.028763193,0.689503412,1.051078023,0.547386244,0.793375106,0.007886276,8.24560667,0.398262646,0.179722971,0.919144232,1.016012635,1.018586409,0.041504304,0.072369743,0.682128295,1.585232014,1.006697375,0.997792602,1.028167709,1.461164938,2.321854581,1.275915628,1.804575311,0.013488408,14.53083712,0.754999808,0.269392613,1.993440252,0.0829999999999984
2021-10-20 18:36:59,25.983,29.567,42.5,1,0,0,40,23,4,"Condition 2.5-5","2.5","5",6051,1.007334574,1.019070348,0.080098226,0.154225034,0.406224067,2.100556472,0.99488331,0.986644287,1.015229032,2.126009132,3.84861199,2.31947623,3.2083642,0.004156344,24.27841181,0.469737728,0.156207172,3.040794971,1.022322113,1.022556966,0.011633382,0.021916339,0.839965486,1.196081159,1.021990187,1.018338292,1.025968948,0.580727622,0.934035307,0.515826006,0.731618655,0.006020356,7.184106894,0.254117189,0.12378451,0.788897002,1.015161561,1.017334167,0.036972781,0.066457062,0.72577737,1.510098421,1.005018916,0.999977849,1.020199103,1.237293444,2.009986019,1.179235418,1.584160198,0.012416712,15.11760408,0.473068907,0.169054614,1.889066983,1.517
2021-10-20 18:40:34,29.567,30.567,42.5,1,0,0,40,23,4,"Condition 2.5-5","2.5","5",6007,1.005968065,1.017813977,0.081913192,0.154846816,0.417913365,1.867859255,0.994760615,0.985788945,1.011664097,2.113573031,3.890864824,2.334798678,3.267019322,0.010430912,31.77166166,0.456425654,0.169721844,2.847392235,1.022172186,1.02239328,0.011462449,0.02126305,0.799177561,1.170755969,1.022194038,1.017282791,1.026861105,0.583034452,0.93037112,0.497927325,0.725085364,0.002822821,9.150084303,0.288840363,0.142372635,0.756673366,1.015216132,1.01725528,0.037952427,0.064383221,0.673894481,1.357870561,1.005352396,0.999223963,1.024212137,1.303677492,2.17993397,1.220224762,1.747296611,0.004558165,23.29080625,0.541690053,0.194386849,1.847316845,0.433
2021-10-20 18:43:34,32.567,33.567,42.5,1,0,0,40,23,4,"Condition 2.5-5","2.5","5",6102,1.009341595,1.021896923,0.082284827,0.159709251,0.359546405,2.112287813,0.99543014,0.986427189,1.013490024,2.214041494,4.160609983,2.503220984,3.522886587,0.010628249,29.0144489,0.428102595,0.153186795,3.123309079,1.022275289,1.0225371,0.011754445,0.023139646,0.86068036,1.227077089,1.022092135,1.018651086,1.026015502,0.608053634,0.994231461,0.548096378,0.786681901,0.006064693,6.860238406,0.264267943,0.132781993,0.8019559,1.014762657,1.017112266,0.038537463,0.069100612,0.6654456,1.540125225,1.005003077,0.999802734,1.018902492,1.328032057,2.25752253,1.285206888,1.82572867,0.005631574,18.93453456,0.485066225,0.176024592,1.88232109,0.0670000000000002
2021-10-20 18:45:33,34.55,38.25,42.5,1,0,0,40,23,4,"Condition 2.5-5","2.5","5",6036,1.006554484,1.019387937,0.085847673,0.161258007,0.215307815,1.840337803,0.995026093,0.986267949,1.01247848,2.087954204,3.75625783,2.296168501,3.12274494,0.009311301,23.89787716,0.397927742,0.151219076,3.021230145,1.022048597,1.022384267,0.012557464,0.026198653,0.837728117,1.274224001,1.022001971,1.018509605,1.025748513,0.605551912,1.011537337,0.557770232,0.810323063,0.007245738,7.472215645,0.25764823,0.132310672,0.760875873,1.013511812,1.015764834,0.038116574,0.067622206,0.693825704,1.359196899,1.005217526,1.000196951,1.017950256,1.307205004,2.215613611,1.302989089,1.789046983,0.007851348,15.64548357,0.42431366,0.182019576,1.878885903,0.450000000000003
2021-10-20 18:49:15,38.25,39.35,42.5,1.33333333333333,0,0,40,23,4,"Condition 2.5-5","2.5","5",7211,1.006645702,1.017415773,0.071937753,0.147656053,0.391234113,2.031319318,0.994611903,0.988127829,1.005721575,1.971676156,3.931558303,2.345743688,3.40165382,0.007879554,34.82217963,0.319182145,0.157406507,2.448956815,1.022587051,1.022769494,0.010181243,0.019318697,0.870913645,1.208360208,1.022148623,1.018498814,1.026129577,0.581945956,0.985855789,0.524123914,0.795825597,0.010727332,9.707403209,0.248975546,0.131176518,0.733730137,1.013006957,1.015023138,0.033792508,0.063948742,0.496430672,1.410418254,1.005399153,0.999927843,1.014235463,1.22087637,2.152825074,1.242913985,1.773288703,0.00730784,18.74898467,0.374274824,0.187720623,1.642527068,0.75
2021-10-20 18:51:21,40.35,41.35,42.5,2,0,0,40,23,4,"Condition 2.5-5","2.5","5",5987,1.007790666,1.020038115,0.083094166,0.157606719,0.428704525,2.073824083,0.994644961,0.989742328,1.011941943,2.212993464,4.222693795,2.51396748,3.596660097,0.009308092,45.05552721,0.38418747,0.128370566,3.193624946,1.022567606,1.022832573,0.011284702,0.023282018,0.849854107,1.270349172,1.022412398,1.019230647,1.025874469,0.569365037,0.923272275,0.51535479,0.726872349,0.004946225,6.578218223,0.238705781,0.114962424,0.778381718,1.014666642,1.016769543,0.036307772,0.065365314,0.679814708,1.499425668,1.005209461,1.001151939,1.017232331,1.294061395,2.231141961,1.301048517,1.817677503,0.012104641,15.13007796,0.372686561,0.152868378,1.919597581,0.350000000000001
2021-10-20 18:53:21,42.35,42.5,42.5,2,0,0,40,23,4,"Condition 2.5-5","2.5","5",5947,1.007638734,1.023393393,0.093940638,0.178895498,0.325023498,2.193684828,0.994817687,0.98602737,1.009111981,2.374713062,4.566322622,2.768877384,3.900589566,0.006940677,34.30416667,0.359897591,0.129993573,3.36683748,1.022350656,1.022652016,0.01232349,0.02482709,0.840690884,1.186795264,1.02222663,1.019232747,1.025503903,0.6495443,1.102751053,0.618718741,0.891227059,0.002267211,7.20288894,0.239960203,0.120417035,0.856252975,1.015720699,1.018264028,0.040792803,0.07193026,0.599465122,1.42703228,1.004417343,1.000036558,1.016358059,1.447817371,2.571236671,1.518308536,2.125051142,0.005225367,21.90080703,0.368094231,0.147421099,2.07817603,NA
2021-11-12 15:14:56,2.583,3.1,44,0.5,0,0,41,23,4,"Condition 2.5-10","2.5","10",3019,1.023836904,1.04840736,0.156994816,0.225683091,0.45596939,2.303388365,0.996486034,0.933983698,1.127127959,4.620014549,6.640967189,3.644945428,4.771315752,0.017526115,36.12651609,3.217542571,0.742487116,6.875767896,1.02089523,1.0213473,0.01781599,0.03038984,0.858115426,1.25197799,1.020577905,1.011288207,1.029841684,0.994864871,1.419249542,0.751240176,1.012350103,0.015444769,7.564210448,0.679969223,0.241654429,1.391565037,1.013076886,1.020200586,0.076656884,0.120371331,0.656053261,1.713778528,1.000121784,0.980501054,1.055664433,2.460768736,3.454087079,1.780734042,2.424310662,0.014577317,23.88309282,1.916623769,0.548195088,3.559304916,0.0830000000000002
2021-11-12 15:17:33,5.2,5.7,44,1,0,0,41,23,4,"Condition 2.5-10","2.5","10",2998,1.033781498,1.059864227,0.163663279,0.233722518,0.367443471,2.269508925,0.999773079,0.941197587,1.123585469,4.351053536,6.501433915,3.561333539,4.831642107,0.018184414,43.276325,2.957674711,0.553276227,6.259488511,1.022296232,1.022861363,0.018865915,0.034002439,0.802827505,1.223058219,1.022225945,1.015288003,1.031970708,0.99087013,1.45916423,0.770963526,1.071316756,0.01264893,7.718780348,0.647517068,0.225209574,1.373484525,1.012975095,1.017752852,0.060927048,0.098516809,0.485381798,1.400752288,1.001466281,0.987786776,1.039066663,2.256556538,3.35321109,1.729569446,2.480731868,0.02160038,22.97306909,1.639150123,0.408188369,3.179394693,0.2
2021-11-12 15:19:32,7.183,8.5,44,1,0,0,41,23,4,"Condition 2.5-10","2.5","10",3027,1.040998701,1.075591423,0.185916728,0.270634089,0.269529485,2.646394333,0.995483024,0.9251183,1.126532779,5.021887643,7.759790165,4.25617605,5.916633882,0.019851902,54.32152643,3.338128567,0.494527642,7.113980709,1.022654505,1.023306436,0.021459527,0.036527605,0.86058864,1.29084355,1.022328464,1.013288964,1.032565503,1.094930962,1.592456999,0.845216564,1.156497939,0.011806271,8.599586423,0.701827797,0.268524352,1.500465426,1.016577755,1.023162355,0.07126764,0.115910791,0.446820926,1.73782524,1.001395334,0.983217963,1.042855045,2.596637396,3.975573297,2.108540915,3.010922317,0.015019742,23.18002834,1.704861796,0.424023164,3.612755649,0.317
2021-11-12 15:22:21,10,10.5,44,1,0,0,41,23,4,"Condition 2.5-10","2.5","10",3025,1.031873901,1.059244877,0.163905788,0.23927994,0.35479348,2.328287503,0.997190648,0.935878468,1.111406065,4.991199714,7.511492529,4.12356091,5.614344929,0.019405485,36.71428048,3.360631248,0.667692098,7.234966207,1.021833293,1.022463578,0.019928122,0.035901471,0.816230325,1.32956749,1.020993329,1.012076803,1.030580804,0.9857802,1.453815464,0.782021551,1.068735006,0.005387132,9.73157058,0.66081723,0.182779512,1.371767034,1.013353364,1.021676231,0.079889243,0.130164827,0.408884979,1.818671131,0.999837895,0.975383706,1.049559817,2.620131126,3.931673044,2.089068399,2.9318609,0.017660702,28.80811933,1.85084739,0.370565709,3.693266965,0
2021-11-12 15:24:57,12.6,13.15,44,1,0,0,41,23,4,"Condition 2.5-10","2.5","10",3046,1.029474699,1.055360146,0.163514319,0.232345874,0.420628614,2.19821872,0.9981493,0.912913157,1.118361042,4.379666033,6.308184753,3.279913655,4.540758922,0.011558617,33.78761808,3.382924558,0.762634538,6.075768394,1.023743514,1.024363963,0.019575037,0.035653361,0.748412587,1.22397253,1.02304727,1.015529018,1.033761894,1.019337572,1.58667534,0.805023517,1.216131265,0.008628574,9.113419145,0.648634137,0.240008847,1.293774176,1.013637347,1.018212725,0.060088278,0.096434105,0.400738337,1.49134264,1.00206852,0.980971758,1.037943301,2.315418045,3.575824946,1.76782218,2.725399542,0.010881162,28.23810316,1.575591846,0.558183861,3.203578029,0.0999999999999996
2021-11-12 15:27:33,15.2,15.7,44,1,0,0,41,23,4,"Condition 2.5-10","2.5","10",3003,1.026551663,1.052701664,0.160135188,0.233217898,0.458047906,2.295000569,0.996905165,0.916040774,1.103328665,5.119924544,7.586966367,4.033113016,5.599899759,0.025554721,51.72187284,3.748092598,0.727686737,7.169308117,1.021494248,1.021952529,0.019287621,0.030606938,0.888286611,1.171474979,1.021002489,1.011205543,1.031003405,1.060549723,1.518035482,0.813444285,1.086305251,0.01373787,8.574547101,0.72398069,0.218288092,1.499965673,1.012332204,1.020253335,0.079948135,0.126908391,0.510246473,1.684038828,0.999827027,0.973281692,1.05163379,2.728778867,3.903178577,2.046914711,2.791265702,0.016137464,19.74525735,2.050489046,0.531911098,3.868874753,0.199999999999999
2021-11-12 15:29:51,17.5,18,44,1,0,0,41,23,4,"Condition 2.5-10","2.5","10",2973,1.02915559,1.053438501,0.156151092,0.224918791,0.366655627,2.203508195,0.998684872,0.928112195,1.116350637,4.901794448,7.148388509,3.882839647,5.203939038,0.015138869,43.39270533,3.461526426,0.772195991,7.094931736,1.022035517,1.022533733,0.019815937,0.031921441,0.872256755,1.224969532,1.021451455,1.0112009,1.032107275,1.009810154,1.396204585,0.718237793,0.964356579,0.005492325,7.265877125,0.746195862,0.272285433,1.420965882,1.014459823,1.02120156,0.076079937,0.117168727,0.521536486,1.586112577,1.00075197,0.97597893,1.053846786,2.595292225,3.757016946,1.946642168,2.717005427,0.023402471,25.05684988,1.905306756,0.551813864,3.648856473,0
2021-11-12 15:31:51,19.5,20.6,44,1,0,0,41,23,4,"Condition 2.5-10","2.5","10",2979,1.025489705,1.055401727,0.164412123,0.249528699,0.290008557,2.925372306,0.995741009,0.926093006,1.104224645,4.950408408,7.515044104,4.20913633,5.655093567,0.029391349,42.93448327,3.158257329,0.490283094,7.222171111,1.021612805,1.022183362,0.021414779,0.034153986,0.83494213,1.195125751,1.021474005,1.011055737,1.03358253,1.055162842,1.500052104,0.794030927,1.066381521,0.016680979,6.61701465,0.770467302,0.220754036,1.497976507,1.014132549,1.022924618,0.080521698,0.133850512,0.386827969,2.012266193,1.000467486,0.976195477,1.050067375,2.680845971,4.026244902,2.082926637,3.004454032,0.028695172,27.72773182,1.954890337,0.446891544,3.718672084,0.5
2021-11-12 15:34:57,22.6,23.1,44,1.5,0,0,41,23,4,"Condition 2.5-10","2.5","10",2996,1.033745411,1.065744557,0.172252211,0.259237953,0.402657217,2.833147521,0.998299041,0.936093369,1.097958918,5.414424782,9.442935577,4.861227558,7.737766318,0.017436642,80.90338251,3.250543803,0.514069464,7.144315461,1.021773143,1.022281434,0.019156992,0.032238535,0.85930809,1.219764897,1.021550126,1.014036968,1.031911701,1.041789441,1.571859902,0.839388767,1.17723449,0.018160748,11.59943075,0.656317027,0.213671493,1.381730383,1.012570385,1.020070492,0.076285296,0.12349135,0.365976641,1.583625235,1.000363565,0.982980568,1.049094805,2.572631757,4.04826263,2.080125895,3.126221259,0.014685155,27.21510327,1.743389129,0.405505896,3.394637808,0.100000000000001
2021-11-12 15:37:27,25.1,25.6,44,2,0,0,41,23,4,"Condition 2.5-10","2.5","10",2964,1.033254821,1.060255864,0.165772995,0.237794133,0.439454597,2.255290659,0.99766834,0.932772724,1.120200736,4.380810431,6.340855035,3.352447705,4.584979541,0.008243711,34.58167516,3.275760333,0.724494607,6.001431144,1.022005629,1.022517385,0.018253946,0.032351969,0.772043634,1.192843824,1.022726589,1.015103167,1.031493884,0.972674483,1.4036351,0.735054367,1.01214702,0.012956317,6.299802814,0.648770993,0.243772079,1.308699105,1.01410396,1.018098355,0.058607862,0.090111922,0.744745761,1.468402535,1.00160727,0.98114468,1.038799825,2.229127533,3.178718871,1.617123173,2.266490197,0.015612596,18.70713111,1.709117377,0.508502905,3.11867364,0.100000000000001
2021-11-12 15:39:39,27.3,27.8,44,2,0,0,41,23,4,"Condition 2.5-10","2.5","10",2999,1.040782033,1.074629657,0.193035278,0.267629488,0.395450788,2.212888836,0.997119312,0.907990821,1.153003143,4.69874129,7.113418802,3.893948054,5.341542322,0.038842922,41.26125615,3.170301798,0.566562607,7.123975111,1.022122578,1.022707227,0.01986409,0.034581884,0.807192769,1.179022489,1.022894271,1.014718218,1.031972779,0.981829207,1.452108873,0.767328499,1.070053042,0.013840472,7.674938492,0.641299735,0.216885915,1.338516136,1.015261487,1.020937191,0.068103055,0.10752077,0.496526988,1.515191289,1.001769458,0.983620488,1.049221536,2.566317345,3.99851371,2.075107888,3.066800345,0.007947085,28.62088062,1.714814827,0.4108222,3.493403976,0.199999999999999
2021-11-12 15:42:09,29.8,30.317,44,2,0,0,41,23,4,"Condition 2.5-10","2.5","10",3020,1.031902463,1.05990584,0.164412361,0.242068374,0.312350073,2.872804673,0.999207823,0.928517534,1.127054021,4.740150654,6.854369403,3.551672124,4.951916202,0.025102871,40.39269743,3.521398935,0.964620355,6.53302301,1.020866413,1.021337522,0.01909654,0.031022875,0.832516087,1.229823723,1.021001163,1.011195963,1.032401767,0.986622143,1.379789874,0.711672696,0.964730598,0.015788698,7.638824598,0.72473281,0.252892391,1.366059855,1.012499691,1.020345323,0.07622571,0.126310084,0.290737681,1.96751074,0.99931443,0.973460166,1.051706032,2.651720736,4.242855163,2.035172862,3.312677466,0.022194134,33.33838236,1.800236375,0.639434993,3.458595171,0.199999999999999
2021-11-12 15:44:40,32.317,32.817,44,2,0,0,41,23,4,"Condition 2.5-10","2.5","10",3008,1.03064328,1.058038684,0.161716359,0.239247393,0.444233722,2.114184817,0.99625998,0.948711738,1.103876016,4.363778356,6.478052348,3.594570439,4.788551587,0.022474798,35.51067499,3.111109562,0.464928128,6.441947988,1.022261626,1.02268089,0.017918266,0.02928579,0.856291321,1.163903568,1.022707559,1.014858124,1.031448467,0.980230959,1.40642132,0.7375421,1.00871531,0.014238993,6.496847286,0.701379689,0.213240113,1.357982933,1.013311666,1.017684282,0.059169303,0.094253479,0.475176023,1.466980996,1.000588958,0.98662766,1.039955588,2.233095762,3.486900925,1.837708541,2.678459856,0.025742709,21.52382866,1.397989416,0.386217277,3.108495598,0.183
2021-11-12 15:47:53,35.533,36.033,44,2,0,0,41,23,4,"Condition 2.5-10","2.5","10",3010,1.029977739,1.057189166,0.164582517,0.238356173,0.423833074,2.393937393,0.999725241,0.936923533,1.126169836,4.309604023,6.119908164,3.175547732,4.345902196,0.005183527,43.1748533,3.287725718,0.86046107,6.069189695,1.021530391,1.021966531,0.018362201,0.029858781,0.859604192,1.159581084,1.022435322,1.012888796,1.031936229,0.938331388,1.297557949,0.65212105,0.896358106,0.027265197,5.52858704,0.676289756,0.296362486,1.235413412,1.013158097,1.01737918,0.062091607,0.092595443,0.493861703,1.413522899,1.001187383,0.976648094,1.045779434,2.282174685,3.263418307,1.624887483,2.333106682,0.018647105,21.76264039,1.701172934,0.633347349,3.119550779,0.533000000000001
2021-11-12 15:49:23,37.033,38.033,44,2.375,0,0,41,23,4,"Condition 2.5-10","2.5","10",2956,1.029293713,1.055514735,0.166414355,0.233846764,0.437325821,2.380129471,0.998941712,0.890984377,1.135941341,4.68879712,6.780098755,3.423325556,4.898269099,0.050433745,46.21197637,3.412766596,1.322651144,6.407443383,1.021694544,1.022166922,0.018957879,0.031077341,0.852186756,1.228683182,1.021445658,1.011691175,1.033128319,1.02231992,1.392967841,0.671509859,0.946321531,0.005949521,6.494592166,0.786037265,0.371876677,1.340672039,1.012711505,1.018689109,0.071586952,0.110213508,0.384959979,1.50917077,1.00278184,0.973399291,1.051826826,2.561099737,3.552288664,1.717640203,2.462026439,0.017606307,21.26455389,2.02088004,0.860134665,3.471790398,0.466999999999999
2021-11-12 15:52:23,40.033,40.533,44,3,0,0,41,23,4,"Condition 2.5-10","2.5","10",3015,1.029948965,1.058758198,0.171052415,0.245344691,0.379293296,2.392381322,0.998501458,0.905322134,1.121500405,5.029765114,6.946324323,3.702250819,4.79171185,0.042900008,28.64560269,3.722573,1.201720856,7.226697132,1.021668309,1.022343379,0.021696595,0.037152509,0.795347446,1.333579402,1.020775092,1.009952423,1.032184187,1.115512227,1.599746932,0.800596518,1.146847462,0.00997021,9.443105685,0.808112744,0.312411077,1.486550612,1.014552801,1.022284417,0.084724763,0.125512019,0.456821985,1.592078912,1.001375173,0.962758803,1.064580497,2.771010027,3.93748048,1.952197529,2.797830074,0.017774873,23.0185868,2.119148964,0.781292164,3.728726494,0.0330000000000013
2021-11-12 15:54:53,42.533,43.033,44,3,0,0,41,23,4,"Condition 2.5-10","2.5","10",2990,1.025479269,1.049652976,0.153309196,0.224009866,0.466523909,2.201931463,0.993519054,0.933346066,1.104340392,4.126054412,6.10031204,3.35934024,4.494022566,0.012094913,32.84199913,2.926522702,0.49488765,6.031989605,1.021899231,1.022436817,0.018654818,0.033156792,0.858370887,1.20371741,1.021803756,1.015637695,1.030589992,0.916604689,1.387349375,0.768511564,1.041603144,0.006663332,6.895048875,0.541397958,0.175779999,1.260485563,1.01261453,1.016790711,0.056900687,0.092076045,0.450972058,1.367854637,0.999526864,0.98675922,1.042521201,2.153152656,3.464966331,1.811699001,2.715214876,0.008206347,19.75219306,1.356564837,0.304364955,2.811871096,0.0330000000000013
2021-11-12 15:55:53,43.533,44,44,3,0,0,41,23,4,"Condition 2.5-10","2.5","10",3005,1.023812344,1.047627925,0.151928857,0.222146296,0.391573281,2.014946181,0.996445896,0.925451745,1.100648605,4.426238891,6.378741424,3.403407744,4.593884702,0.017863351,34.85564395,3.201140699,0.854463695,6.251997882,1.021663808,1.022231135,0.019482209,0.034057921,0.825215717,1.227880567,1.021818682,1.0135936,1.032593513,0.912328899,1.295487131,0.670114151,0.919904661,0.012145303,7.472034086,0.627923612,0.265401169,1.240303594,1.011646003,1.016025661,0.059468369,0.094252128,0.449119924,1.488102839,0.999942911,0.980650918,1.039549973,2.324952204,3.400885806,1.741849531,2.482473163,0.013367202,22.23060933,1.633359619,0.555733578,3.265023288,NA
2021-10-16 14:51:36,2.983,3.983,42.5,0.6,0,0,42,24,5,"Condition 2.5-5","2.5","5",5956,1.011942336,1.028438545,0.090571368,0.183478067,0.439226719,2.320476345,0.997749065,0.98132134,1.020238995,2.642593086,4.705601066,2.757715602,3.893832207,0.017667459,26.93481128,0.80790037,0.351147867,3.365936782,1.022360339,1.023202733,0.021608713,0.041514574,0.749200178,1.529102371,1.021813079,1.013462447,1.031045542,0.935718488,1.583911752,0.840145142,1.278077327,0.019459166,16.91869973,0.435378515,0.194174138,1.168506447,1.020544789,1.0245957,0.050070844,0.091027862,0.336331801,1.526703371,1.010298342,0.997405275,1.032425946,1.690503421,2.933435395,1.595849907,2.397541798,0.010170059,22.66141964,0.710559257,0.303810713,2.114309857,0.483
2021-10-16 14:53:37,5,5.983,42.5,1,0,0,42,24,5,"Condition 2.5-5","2.5","5",6022,1.009563702,1.02375608,0.085723381,0.16988948,0.423121614,2.235344141,0.995968193,0.984084047,1.013668874,2.395997211,4.474941326,2.598568975,3.779771163,0.010265689,29.95320798,0.618113617,0.227445239,3.17867316,1.022358811,1.023071852,0.018030917,0.038193161,0.695647936,1.577847518,1.021908816,1.016283342,1.028393005,0.79791538,1.362526421,0.759609976,1.104541498,0.005954981,13.63743945,0.301626068,0.143859027,1.060476464,1.018884232,1.022122466,0.043019669,0.081304085,0.450422493,1.456965987,1.009435469,1.001666678,1.023571539,1.487498784,2.668740448,1.495729511,2.215928357,0.016524225,22.53812989,0.487201538,0.21632396,1.955610607,0
2021-10-16 14:54:36,5.983,9.183,42.5,1,0,0,42,24,5,"Condition 2.5-5","2.5","5",5945,1.010653107,1.026507307,0.090319181,0.17973031,0.425189822,2.272860264,0.997081619,0.983061643,1.014064737,2.61912155,4.825176455,2.859923438,4.052813031,0.019367016,30.74079427,0.65153168,0.28974823,3.45514832,1.021808348,1.022557477,0.01942896,0.03913762,0.78791329,1.592293244,1.021484674,1.014657061,1.028269302,0.889141116,1.47521387,0.817920513,1.177249846,0.012639074,12.885593,0.378041787,0.188034257,1.211635028,1.018775059,1.02228527,0.046781784,0.084650804,0.550824451,1.660774136,1.009094428,0.998606452,1.026286412,1.615083218,2.7774138,1.57402723,2.259732882,0.007807969,22.89385044,0.587395719,0.283922382,2.097900517,1.517
2021-10-16 14:58:49,10.2,11.2,42.5,1,0,0,42,24,5,"Condition 2.5-5","2.5","5",5999,1.012840303,1.029706352,0.09460662,0.18562175,0.317393748,2.39187539,0.997357325,0.982350388,1.018026932,2.703981787,5.497120317,2.958055324,4.786505405,0.006731407,73.83223596,0.663626774,0.260903431,3.65252713,1.022270034,1.023178247,0.021924799,0.043104667,0.743029501,1.543357348,1.022016055,1.012705341,1.030462922,0.909523167,1.496649079,0.808446951,1.188680633,0.006398623,15.34444759,0.431655207,0.188834243,1.197554711,1.019194922,1.022574939,0.046493152,0.083080495,0.504202013,1.493258485,1.010466348,0.998372045,1.031668675,1.593171543,2.633383077,1.496112812,2.096960654,0.02411528,18.38903277,0.650474982,0.276370568,2.158876727,0.199999999999999
2021-10-16 15:00:49,12.2,13.2,42.5,1,0,0,42,24,5,"Condition 2.5-5","2.5","5",6014,1.009002229,1.020999467,0.082871153,0.156071985,0.401857619,1.981460436,0.996985879,0.984899423,1.017658675,2.217264373,3.904237468,2.356319092,3.213802515,0.021662309,27.22715484,0.577768757,0.228618986,3.220389123,1.022277159,1.022978616,0.018211714,0.037880053,0.700709862,1.433299118,1.021670044,1.016002669,1.028959934,0.808639524,1.361317762,0.760736169,1.095211236,0.011572321,10.73146752,0.305667841,0.149602376,1.10382951,1.018583721,1.021745493,0.042688317,0.08032514,0.337235445,1.482795584,1.009202601,1.001007251,1.024364146,1.421439046,2.563007768,1.406903875,2.132903287,0.005691509,24.19163498,0.461958235,0.218309584,1.968956294,0.300000000000001
2021-10-16 15:03:50,15.217,16.2,42.5,1,0,0,42,24,5,"Condition 2.5-5","2.5","5",6209,1.011033321,1.02432115,0.084431522,0.164468225,0.342706984,2.408848987,0.996689428,0.981755321,1.016741137,2.439584364,4.570016772,2.566616791,3.864697574,0.020232781,45.99264438,0.726701267,0.297221382,3.28635614,1.022265263,1.022872327,0.017910308,0.035238184,0.812514712,1.388020415,1.02198741,1.014442277,1.029576497,0.850416121,1.430013157,0.791654616,1.149757797,0.012659527,8.601625972,0.356076719,0.185786781,1.017536845,1.019459058,1.022471891,0.043342074,0.078440984,0.402295051,1.449729552,1.0101664,0.99811615,1.026921524,1.558207485,2.746696004,1.518465912,2.262112432,0.012052875,19.23241359,0.590840611,0.282011473,1.916666605,0.217000000000001
2021-10-16 15:05:49,17.2,20.583,42.5,1,0,0,42,24,5,"Condition 2.5-5","2.5","5",6203,1.009487775,1.022260866,0.084029704,0.161108332,0.335833282,2.306760119,0.998704943,0.979831827,1.019706067,2.371017493,4.321865977,2.461665482,3.613710996,0.004754677,40.49383582,0.691791139,0.329440251,3.301245635,1.022626535,1.023129026,0.017754804,0.032064639,0.829017197,1.350278133,1.023066622,1.014317526,1.031040744,0.847887928,1.322838496,0.698357116,1.015457536,0.008011393,8.696386733,0.442931626,0.243013398,1.061414363,1.019863802,1.022523174,0.040521495,0.073704421,0.605737968,1.483521199,1.011304281,0.998310194,1.026826109,1.499587846,2.594664317,1.381215638,2.117602948,0.019279802,26.74580414,0.640854458,0.327697621,1.880469127,0.300000000000001
2021-10-16 15:09:12,20.583,21.583,42.5,1,0,0,42,24,5,"Condition 2.5-5","2.5","5",5992,1.010606102,1.024522756,0.084281341,0.168306004,0.047596696,2.129911288,0.996946032,0.987869784,1.011301079,2.313763324,4.335070091,2.595720988,3.66627544,0.005980954,30.68751569,0.48109123,0.214143983,3.102553483,1.022519793,1.023215262,0.017915454,0.037722446,0.679431561,1.420189476,1.02174695,1.016253221,1.02738821,0.841540944,1.495399016,0.857043977,1.236237094,0.003880795,9.820829598,0.273805477,0.12683336,1.083633614,1.01739113,1.020817147,0.044181961,0.083570941,0.412150716,1.460135065,1.007301651,1.000306041,1.020273875,1.5167755,2.802492368,1.578844187,2.356752566,0.007660426,23.99703231,0.464067132,0.20433863,1.949653371,0.582999999999998
2021-10-16 15:11:13,22.6,23.6,42.5,1,0,0,42,24,5,"Condition 2.5-5","2.5","5",6031,1.009633823,1.022989213,0.085759003,0.164775528,0.398170159,2.345113212,0.997009638,0.979936659,1.019857689,2.404574113,4.323536015,2.490278357,3.593484172,0.013331278,30.11597932,0.693536332,0.308992875,3.297477801,1.022700181,1.023276858,0.018880726,0.034352069,0.829619592,1.422080325,1.022415264,1.013272662,1.031108494,0.904203537,1.393667946,0.745104632,1.060619093,0.018515925,12.40743756,0.466587164,0.245368905,1.168635722,1.020028947,1.022743114,0.043279869,0.074467075,0.600452006,1.471287339,1.010582837,0.997032629,1.028657,1.487847988,2.378004298,1.323771741,1.855204458,0.013387136,16.84934645,0.674701695,0.322812849,2.013227504,0.100000000000001
2021-10-16 15:13:12,24.583,26.783,42.5,1,0,0,42,24,5,"Condition 2.5-5","2.5","5",5981,1.008650288,1.021639634,0.087831184,0.162408583,0.410855783,2.070658754,0.997701026,0.975056524,1.028988289,2.407047116,4.296189433,2.351305345,3.558860182,0.016871661,49.99426558,0.844519486,0.405274044,3.188228322,1.023243167,1.023885855,0.020515486,0.036275138,0.791563246,1.460272795,1.023079596,1.012521785,1.032994209,1.050427839,1.600854076,0.844137746,1.208130459,0.009332756,8.989552309,0.57580987,0.291405906,1.374919373,1.020416181,1.023441628,0.046238202,0.078642337,0.613195806,1.434005407,1.012132682,0.995399165,1.035503198,1.70667217,2.661064791,1.432525958,2.041870005,0.019044513,17.7421612,0.862668763,0.436389472,2.200449682,0.417000000000002
2021-10-16 15:16:24,27.783,28.8,42.5,1,0,0,42,24,5,"Condition 2.5-5","2.5","5",6021,1.00878313,1.024045432,0.087719766,0.176155608,0.38782226,2.645897036,0.99654332,0.983585097,1.014448554,2.426059656,4.630427857,2.735575409,3.944322631,0.01210535,34.46875154,0.526795485,0.250593471,3.0770236,1.022705032,1.023647177,0.020545161,0.04391219,0.592255477,1.51247179,1.022284987,1.014352377,1.030660138,0.852172312,1.408458065,0.769700684,1.121501406,0.0049874,9.827692768,0.379504652,0.192655911,1.04781777,1.018736117,1.02231634,0.045821698,0.085490571,0.530835762,1.516382172,1.009876791,0.997262695,1.027053461,1.555550464,2.674319622,1.514234089,2.175553817,0.01651592,19.51675377,0.566288157,0.26707843,2.053017605,0.283000000000001
2021-10-16 15:18:25,29.8,30.8,42.5,1,0,0,42,24,5,"Condition 2.5-5","2.5","5",6041,1.007169066,1.020964619,0.086333774,0.167283763,0.391296345,2.137965919,0.996244576,0.982970678,1.015148028,2.208551211,4.124167261,2.432710477,3.483255076,0.018137608,44.04379742,0.493245783,0.227329539,3.126744177,1.022833462,1.023555704,0.018523035,0.038447795,0.739865068,1.470330515,1.022532068,1.015764779,1.028668389,0.804972923,1.342619654,0.742541989,1.074633578,0.010145847,12.71561128,0.335980607,0.159565394,1.082631254,1.01931027,1.022962938,0.045705246,0.086376968,0.569846353,1.574401693,1.009913322,0.999885619,1.023349167,1.476772641,2.553087652,1.467780633,2.082814768,0.017073869,20.26627059,0.519799299,0.232785546,1.932547524,0.199999999999999
2021-10-16 15:21:24,32.783,35,42.5,1.75,0,0,42,24,5,"Condition 2.5-5","2.5","5",6026,1.008132248,1.02118589,0.087157614,0.162770969,0.452580508,2.026741196,0.998455797,0.977165241,1.020073131,2.336527843,4.026051163,2.272311543,3.27894954,0.028110555,34.91282484,0.86251529,0.357435185,3.277322486,1.022737717,1.023468739,0.020624963,0.038679057,0.766777587,1.443262527,1.022565927,1.013623375,1.031714525,0.911930049,1.380769782,0.744828382,1.036864126,0.013650281,8.176719416,0.477541403,0.250645481,1.24130994,1.019409622,1.022349697,0.045780093,0.077484978,0.572455696,1.466291505,1.009818394,0.995793894,1.031364101,1.503163244,2.328564687,1.289648295,1.778549629,0.011597257,15.92835341,0.751824247,0.340632912,2.060035411,0.283000000000001
2021-10-16 15:23:37,35,36,42.5,2,0,0,42,24,5,"Condition 2.5-5","2.5","5",6077,1.008070864,1.023104389,0.089493742,0.174759121,0.339044433,2.050115025,0.996180564,0.98430221,1.013858374,2.240960004,4.093772435,2.47802628,3.426222853,0.017432038,25.99577118,0.471861434,0.211446509,3.235400015,1.022929247,1.023905159,0.019933057,0.044697408,0.593005379,1.522059613,1.022976802,1.017206232,1.029551156,0.828211114,1.4114491,0.769440412,1.143009157,0.011796246,9.444504146,0.351815357,0.157826315,1.063951532,1.017339012,1.020916561,0.043885622,0.085399994,0.46568368,1.596643715,1.008760353,0.99997344,1.022742043,1.392212799,2.458099891,1.363764109,2.025999543,0.013176684,26.27240136,0.494460514,0.226778977,1.869237707,0
2021-10-16 15:25:37,37,38,42.5,2,0,0,42,24,5,"Condition 2.5-5","2.5","5",5964,1.008831873,1.023382172,0.090227469,0.171971741,0.284634978,2.079767375,0.996388947,0.983802978,1.016088322,2.378313417,4.369517934,2.61997932,3.665864963,0.010955099,35.65945494,0.503370295,0.229195534,3.464983785,1.023707258,1.02487754,0.022574954,0.048967579,0.606902764,1.399588781,1.022343865,1.014890514,1.029868986,0.89904212,1.531726899,0.84108203,1.240229217,0.009685019,17.11162098,0.362887785,0.164881682,1.223100935,1.018319037,1.021748961,0.045168411,0.083656747,0.388862237,1.571305832,1.009111338,0.998968439,1.025509589,1.542063536,2.711862647,1.529519624,2.230935616,0.01126264,32.24031722,0.524421198,0.232331243,2.118838768,0.5
2021-10-16 15:28:37,40,41,42.5,2,0,0,42,24,5,"Condition 2.5-5","2.5","5",5956,1.008533024,1.022456424,0.088585015,0.168175586,0.351262624,2.142133393,0.996343812,0.986201195,1.009574877,2.265059628,4.169508357,2.512577093,3.500908879,0.01309223,31.70828452,0.43380115,0.169497045,3.489257437,1.022768045,1.023823194,0.019561079,0.046473878,0.628602188,1.710675287,1.022394929,1.017816354,1.027390088,0.801738021,1.485949641,0.813321154,1.251209564,0.013021515,19.34883207,0.253208624,0.121733041,1.020125395,1.020082016,1.023961635,0.044380263,0.089058642,0.457658533,1.750958458,1.010340189,1.003763811,1.022185436,1.448289255,2.701274205,1.522194694,2.280397732,0.013943991,21.93447433,0.398787193,0.176569162,1.915108931,0
2021-10-16 15:30:37,42,42.5,42.5,2,0,0,42,24,5,"Condition 2.5-5","2.5","5",6027,1.010187435,1.026389443,0.094120233,0.181664829,0.309820439,2.124528048,0.996645358,0.982357418,1.017853291,2.583033131,4.802933014,2.915149175,4.049546484,0.010088634,33.96898024,0.482072176,0.227482499,3.519883796,1.023069778,1.024054614,0.02080663,0.044904517,0.628947093,1.574835806,1.022437442,1.015601675,1.029419384,0.890722786,1.538369637,0.856430008,1.254374413,0.008101314,12.4098361,0.329876866,0.163035911,1.171526198,1.020205777,1.024373736,0.049146958,0.092320841,0.327746654,1.694192718,1.010614763,1.000617726,1.025917368,1.616853256,2.966072206,1.645668569,2.48684462,0.012816532,27.95073091,0.519867119,0.228023038,2.109581783,NA
2021-11-13 15:32:15,2.4,2.95,44,0,0,0,43,24,5,"Condition 2.5-10","2.5","10",3544,1.025017284,1.047443664,0.136755649,0.215617517,0.221291699,1.941210225,1.006603924,0.957437067,1.080240785,4.133757003,6.315811381,3.567203174,4.775768411,0.062174885,35.24988873,2.087374629,0.843350058,6.105912566,1.0242974,1.025913225,0.033087852,0.057564881,0.749204034,1.36403979,1.023474287,1.008304197,1.040041184,1.34906585,2.019111242,1.011368715,1.502487505,0.006971427,14.13748474,0.855052146,0.394725799,1.792608321,1.011918817,1.019865032,0.080048185,0.127080875,0.281179442,1.59683996,0.998498455,0.971253029,1.043104715,2.835797106,4.311036035,2.348552736,3.247501056,0.047277407,28.96664292,1.590084747,0.640559867,3.77167023,0.1
2021-11-13 15:35:03,5.2,5.8,44,0,0,0,43,24,5,"Condition 2.5-10","2.5","10",3550,1.028429824,1.051408283,0.133958206,0.21864341,0.242323544,2.573146265,1.002618256,0.961850488,1.076869107,4.207884439,6.658208442,3.827496359,5.160712408,0.039116993,39.13177821,2.184558591,0.529437587,6.18264326,1.024246801,1.025205786,0.026535669,0.044339019,0.706123413,1.264614894,1.023274693,1.011551096,1.038850601,1.254269632,1.862847505,0.976779631,1.377513407,0.016512939,11.27467564,0.755316367,0.351380082,1.610104306,1.006979387,1.01361297,0.068771587,0.115790944,0.142770688,1.713961491,0.997364111,0.972379377,1.041161434,2.682880599,4.251441451,2.266764141,3.298480218,0.045338848,35.1191645,1.427558296,0.569213085,3.718242598,0.2
2021-11-13 15:37:33,7.7,9.1,44,0,0,0,43,24,5,"Condition 2.5-10","2.5","10",3614,1.027855112,1.051911249,0.142393488,0.223707382,0.37362939,2.740834213,1.004072102,0.950251374,1.094430039,4.308202787,6.942339973,3.859839511,5.444600791,0.028371505,48.34151588,2.264508624,0.600237904,6.230139302,1.023619536,1.024963189,0.029684233,0.052472331,0.688718799,1.326269561,1.023068078,1.009295696,1.03923532,1.317713426,1.878828198,0.978565754,1.339448879,0.018913422,10.30488441,0.867880062,0.384646565,1.791827313,1.007881868,1.017728284,0.081259712,0.141246313,0.089581899,1.941824125,0.996219528,0.969269302,1.040172038,3.104320459,5.04084781,2.686310401,3.972116321,0.027928618,36.11756446,1.587901606,0.590463143,4.19808104,0.2
2021-11-13 15:39:33,9.7,10.3,44,0,0,0,43,24,5,"Condition 2.5-10","2.5","10",3648,1.024667281,1.047381721,0.13585203,0.216975434,0.345691639,2.141107366,1.004769499,0.948995347,1.075446272,4.490137337,6.846425609,3.927383377,5.169094384,0.026930858,42.46640868,2.270151092,0.817820795,6.805549341,1.02394097,1.025152826,0.029090083,0.049838626,0.785812241,1.674830306,1.023426362,1.0076912,1.039313696,1.28844487,2.002042345,0.912311547,1.532555834,0.023565075,23.14699676,0.886654015,0.40049578,1.737949502,1.007123357,1.016218769,0.082820368,0.135676733,0.154072367,1.772888718,0.996706857,0.967120746,1.043314712,2.906163358,4.455625254,2.366756441,3.377860198,0.018030977,30.17665948,1.709247209,0.658978883,3.975252621,0.300000000000001
2021-11-13 15:42:33,12.7,13.3,44,0,0,0,43,24,5,"Condition 2.5-10","2.5","10",3595,1.028206109,1.050468084,0.137808368,0.215147086,0.23229226,2.180258893,1.000433781,0.959517487,1.091630191,4.458639727,6.915302158,3.920841916,5.286748764,0.028075,41.28559176,2.309021852,0.642650139,6.509924396,1.02452349,1.025803322,0.030896836,0.05123284,0.743758135,1.29983101,1.023796288,1.009535943,1.040303926,1.243258507,1.764360149,0.932698877,1.252082753,0.022953845,9.811881045,0.808110306,0.327902401,1.749791354,1.00637999,1.014256067,0.075470265,0.126170968,0.294498145,1.756970779,0.995877342,0.970474409,1.040705718,2.829076918,4.417767526,2.388791315,3.393552415,0.03291406,27.08004884,1.553308388,0.585409549,3.904167655,0.199999999999999
2021-11-13 15:44:57,15.1,15.7,44,0,0,0,43,24,5,"Condition 2.5-10","2.5","10",3555,1.027823778,1.050812054,0.142933159,0.21862685,0.36642483,2.364332255,1.000962755,0.949583405,1.08825766,4.400667417,6.952885917,3.834306113,5.383763037,0.01149199,44.80123122,2.44241761,0.666303044,6.204984888,1.023792311,1.024873746,0.029644397,0.0470757,0.809911493,1.308627107,1.02273922,1.008982981,1.040343492,1.217577147,1.696025165,0.918491446,1.180846983,0.013587662,7.631219007,0.809046292,0.316441854,1.805543702,1.007700851,1.015082762,0.075589507,0.122213784,0.141413698,1.647611493,0.995276857,0.972352025,1.04483541,2.869841792,4.331749149,2.357809531,3.245153606,0.025634469,28.63492369,1.698749934,0.555237914,4.069331381,0.0999999999999996
2021-11-13 15:46:45,16.9,18.317,44,0.428571428571429,0,0,43,24,5,"Condition 2.5-10","2.5","10",3563,1.027350664,1.046838306,0.134603395,0.201078097,0.322568074,2.083852573,1.003306286,0.945527588,1.090140647,4.486558217,6.835375518,3.660750336,5.157579056,0.04686436,43.49942427,2.639681138,0.954280156,6.35758089,1.024257573,1.02583023,0.033796965,0.056788978,0.61808637,1.586169032,1.023099236,1.005418797,1.04427707,1.479001883,2.3065091,1.073387709,1.770146134,0.0306028,24.5354199,0.972611139,0.453361154,1.963574102,1.00925893,1.018050087,0.082213825,0.133519272,0.202316302,1.827145549,0.997948586,0.966314506,1.050114303,3.12523126,4.77674883,2.368307469,3.613021413,0.080350594,35.63692248,1.979629021,0.869494381,4.065243607,0.600000000000001
2021-11-13 15:49:57,20.1,20.7,44,1,0,0,43,24,5,"Condition 2.5-10","2.5","10",3510,1.024360112,1.046352047,0.133511649,0.213429016,0.352353477,2.311532967,0.998502542,0.960219325,1.078692063,4.038065871,6.417448356,3.675320035,4.9884626,0.027173585,42.13626575,1.92334384,0.568029938,5.868736507,1.024023627,1.025305989,0.028871035,0.051271156,0.745594273,1.331728763,1.023110041,1.011369964,1.037021895,1.214973425,1.811021451,0.976723164,1.343187412,0.020218228,8.098737199,0.721500288,0.282606763,1.630105163,1.00729073,1.015601624,0.074794746,0.129679743,0.098538212,1.706781901,0.99507215,0.975285543,1.032926742,2.801498441,4.439665885,2.484834979,3.44465109,0.02793835,30.47906827,1.425784658,0.450519693,3.893191169,0.100000000000001
2021-11-13 15:52:21,22.5,23.7,44,1,0,0,43,24,5,"Condition 2.5-10","2.5","10",3615,1.022031317,1.041204508,0.126051479,0.198921491,0.189872418,2.224279747,1.001025797,0.953198101,1.074242608,4.026181503,6.008943354,3.430589903,4.461252051,0.039728472,32.45566186,2.170968626,0.745205632,6.126092245,1.023757021,1.025056175,0.031004443,0.051599031,0.645827557,1.374546643,1.023355658,1.006950159,1.040737563,1.309298391,1.896764315,0.96119165,1.372579284,0.011082325,11.86810805,0.911236438,0.368603447,1.766932909,1.006574229,1.015027244,0.076641284,0.130741557,0.107418052,1.793403432,0.995168963,0.971035385,1.040957636,2.917360351,4.81123804,2.461260845,3.826365282,0.049273378,43.12854067,1.579534173,0.60988466,3.810851427,0
2021-11-13 15:54:45,24.9,25.5,44,1,0,0,43,24,5,"Condition 2.5-10","2.5","10",3611,1.027639329,1.050535532,0.13771402,0.218163916,0.235127177,2.336514012,0.997487347,0.960767414,1.068956009,4.136516872,6.625872343,3.72309805,5.176759215,0.05075926,38.75790527,1.883455572,0.653408098,6.146226083,1.023756468,1.024985766,0.028085854,0.050191758,0.705890528,1.385530581,1.021953027,1.009850499,1.036700521,1.161214529,1.72534419,0.908845093,1.276261962,0.006019834,11.59815637,0.681802733,0.314579671,1.555937064,1.006603765,1.014186796,0.073057101,0.123806144,0.28963238,1.655376342,0.993907185,0.971863507,1.02825033,2.747687927,4.366923301,2.356713804,3.394616658,0.024555449,29.79109159,1.453242463,0.540166413,3.722231394,0.100000000000001
2021-11-13 15:57:27,27.6,28.2,44,1,0,0,43,24,5,"Condition 2.5-10","2.5","10",3589,1.023273632,1.045841071,0.137293105,0.216119488,0.154806671,2.389269061,1.000391615,0.960684612,1.078382255,4.349480327,6.734571822,3.817926368,5.142358271,0.025979629,50.03979815,2.254874055,0.66908103,6.499693829,1.024172888,1.025444496,0.028809856,0.051059142,0.641385925,1.659873831,1.023188983,1.008759284,1.03891478,1.328106518,2.119001749,1.065525514,1.651381705,0.018521665,21.37734473,0.796258382,0.325263985,1.681464507,1.006440908,1.014831699,0.076556241,0.130248999,0.069745647,1.739995507,0.996475038,0.971931001,1.041606783,2.881992355,4.510669848,2.379877204,3.47039179,0.043108998,32.87471876,1.69281724,0.59979728,3.89502616,0.100000000000001
2021-11-13 15:59:51,30,30.6,44,1,0,0,43,24,5,"Condition 2.5-10","2.5","10",3592,1.018629848,1.035607752,0.118759532,0.186778906,0.20169868,2.011402708,0.999025056,0.961732269,1.07108597,3.546596025,5.328136595,3.116228239,3.976820376,0.034521965,24.29311822,1.794190457,0.603775177,5.477641017,1.024375909,1.025583756,0.027409628,0.04976673,0.712621634,1.451318189,1.022993846,1.011457167,1.038162962,1.131730882,1.733392385,0.883994851,1.313131581,0.013933345,15.66653346,0.698752389,0.301433494,1.507662445,1.004284255,1.010570292,0.066790976,0.112556544,0.270601317,1.7157165,0.994645138,0.973702977,1.031242476,2.347752175,3.62017245,1.94515714,2.756052164,0.033032895,30.74527667,1.319058583,0.504590716,3.39088167,0
2021-11-13 16:02:52,33.017,33.617,44,1,0,0,43,24,5,"Condition 2.5-10","2.5","10",3557,1.023460037,1.042432916,0.125789292,0.198007475,0.299927989,2.016045762,1.000761159,0.963827418,1.081952433,4.44140864,7.117595084,3.969780367,5.562620842,0.013816655,48.67530605,2.350623656,0.623354978,6.109749018,1.022593361,1.023476983,0.025634913,0.042525993,0.583950979,1.2312456,1.023126681,1.008706052,1.035914436,1.209674037,1.808297497,0.928586288,1.344297867,0.00739159,11.01089508,0.774337534,0.321974139,1.55838503,1.005543096,1.012030613,0.070105143,0.114423445,0.334252586,1.486304568,0.996208738,0.972349517,1.035232768,2.821109907,4.292887373,2.390403755,3.23622714,0.029186609,23.28963764,1.593434927,0.551903101,3.974962614,0.517000000000003
2021-11-13 16:04:39,34.8,36.317,44,1,0,0,43,24,5,"Condition 2.5-10","2.5","10",3594,1.022775606,1.042486368,0.125998157,0.201790031,0.179142209,2.070357408,0.997871939,0.957444169,1.0662691,4.249972141,6.546382611,3.718762164,4.979936178,0.041106974,38.28898576,2.127815089,0.697198545,6.243451934,1.023405148,1.024708496,0.031149085,0.051673454,0.751326132,1.604254395,1.022393089,1.006574844,1.039925168,1.336391686,2.034913283,1.009783937,1.534791496,0.025611867,17.74532008,0.828085801,0.383505083,1.725870553,1.006652998,1.014581469,0.077313751,0.126608679,0.099655783,1.756243577,0.995165,0.965364794,1.04189831,2.957644934,4.613154684,2.444764458,3.540765719,0.038242,32.22787754,1.584874392,0.691094008,4.0891751,0.200000000000003
2021-11-13 16:07:22,37.517,38.117,44,1,0,0,43,24,5,"Condition 2.5-10","2.5","10",3626,1.021692204,1.039119561,0.124119866,0.189537356,0.223095292,2.019540597,0.999216248,0.962749358,1.086219081,3.933339502,6.232776847,3.526886777,4.835576285,0.029731408,36.97543188,1.961500341,0.539435921,5.889829734,1.024296688,1.025554241,0.029049751,0.050779005,0.780365962,1.735891293,1.023510434,1.009283711,1.040013478,1.262079478,2.103319682,0.972544899,1.682822119,0.02232511,25.47621202,0.786238891,0.357965906,1.57170268,1.005530282,1.012296277,0.071892455,0.116860476,0.153878635,1.788903249,0.995979608,0.967813702,1.042234219,2.527129259,3.905305599,1.982067026,2.977830708,0.028974895,34.3815805,1.603091554,0.607634838,3.395215777,0.017000000000003
2021-11-13 16:09:46,39.917,40.517,44,1,0,0,43,24,5,"Condition 2.5-10","2.5","10",3575,1.020267681,1.038147366,0.123687926,0.191870036,0.205478521,1.897318973,1.00387805,0.962917126,1.093603395,3.841423008,5.833366392,3.219175009,4.39056106,0.063589083,30.55352954,2.114526564,0.760207672,5.44725146,1.024054174,1.025089558,0.027067265,0.046067823,0.7768368,1.413530486,1.023413822,1.009866466,1.039091598,1.228673722,1.805501084,0.907811008,1.323134494,0.016694243,13.55491898,0.794125017,0.357839655,1.638066103,1.005619222,1.012753799,0.071019964,0.120017779,0.134080037,1.760933245,0.996820137,0.971478228,1.038526162,2.760078359,4.356069841,2.247573413,3.370532683,0.041259158,35.08206483,1.596896633,0.653125415,3.661666896,0.0829999999999984
2021-11-13 16:12:10,42.317,42.917,44,1,0,0,43,24,5,"Condition 2.5-10","2.5","10",3622,1.020179494,1.038311588,0.123414824,0.193222828,0.414494346,1.943351301,1.000181362,0.955931286,1.06977048,3.98037299,6.19938007,3.621134695,4.753439192,0.027976106,36.46295628,1.920079252,0.559883493,6.020067636,1.023397537,1.02456778,0.025634346,0.048962013,0.757710773,1.791633762,1.023630336,1.011126185,1.036695465,1.157707153,1.987491303,0.891896799,1.615721751,0.018721757,26.28912731,0.720832029,0.328753248,1.478560546,1.004509082,1.010242297,0.066569309,0.107490435,0.299559793,1.563813814,0.996654223,0.971722114,1.039804422,2.596680532,3.889697993,2.131561479,2.896431863,0.031567347,21.17426444,1.54239218,0.531620538,3.717485518,0.183
2021-11-13 16:13:25,43.567,44,44,1,0,0,43,24,5,"Condition 2.5-10","2.5","10",4230,1.012054708,1.024762914,0.099517091,0.160905001,0.406897036,2.054930983,1.00004829,0.956637829,1.042759295,3.188885099,4.92267382,2.793317653,3.750607376,0.013291492,28.28788751,1.449836736,0.630226017,4.638055146,1.023949573,1.024819798,0.025729236,0.042229286,0.739204662,1.365603088,1.023573946,1.009328548,1.038042352,1.147195461,1.653198416,0.81797961,1.190522039,0.032271011,13.16062469,0.765397694,0.366653217,1.523544467,1.003280999,1.007127915,0.055441201,0.087952848,0.384981136,1.401606576,0.994712038,0.971648199,1.029570734,2.203221647,3.260357308,1.703856161,2.403561986,0.036875539,19.69211953,1.352617377,0.608046374,2.989464458,NA
2021-11-27 15:21:48,2.383,2.783,44,0,0,0,44,24,5,"Condition 1.5-15","1.5","15",2411,1.048428998,1.086256927,0.200405684,0.284225711,0.395853202,2.181277168,1.004724432,0.913008093,1.164399706,6.319439443,8.599986099,4.678548468,5.834258301,0.044336217,43.52991376,4.57739606,1.518626035,9.704631267,1.026083725,1.027728431,0.036790991,0.058131915,0.764740925,1.48979748,1.024854942,1.003186326,1.047448964,1.61444258,2.229546701,1.082565142,1.537997124,0.039078574,15.82694333,1.156700252,0.589136023,2.130437791,1.013155913,1.026014598,0.107115327,0.161962746,0.23548793,2.124351494,0.999922443,0.95091256,1.081979385,3.927703037,5.436335255,2.754183555,3.759355538,0.078491867,37.98570487,2.745941597,1.222948191,5.575605227,0.117
2021-11-27 15:24:16,4.85,5.25,44,0,0,0,44,24,5,"Condition 1.5-15","1.5","15",2365,1.052620893,1.090047838,0.21064087,0.283244534,0.240628922,2.228373015,1.000922702,0.896560863,1.195921193,6.275300557,8.606532869,4.50435963,5.891323511,0.085004509,40.39976897,4.859253563,1.486064627,9.285921228,1.025928342,1.027476995,0.034041433,0.05640351,0.753555378,1.61169817,1.024285726,1.006040428,1.045070397,1.563948702,2.324623512,1.077917842,1.720229841,0.032998448,20.83715216,1.113933653,0.530305236,1.999590346,1.016203277,1.028793969,0.104878139,0.160495553,0.214122733,1.899553172,0.995377683,0.955690077,1.07499799,3.993730894,5.85125145,2.959676017,4.277265023,0.051044549,40.08981351,2.778252939,1.064196701,5.379428342,0.15
2021-11-27 15:27:04,7.65,8.05,44,0,0,0,44,24,5,"Condition 1.5-15","1.5","15",2407,1.054313839,1.094020619,0.204101346,0.292128225,0.39298167,2.587047307,1.017031747,0.914726156,1.175650839,6.300422529,9.086578142,4.990004108,6.548923873,0.052074365,45.91329887,4.341331434,1.172858973,9.52037834,1.025511022,1.026798804,0.032574844,0.051420081,0.795111578,1.405045158,1.024821909,1.006765083,1.04544631,1.451264291,1.986569424,1.016778857,1.356854902,0.025580584,8.975047024,1.040780149,0.437439376,2.012147418,1.014422628,1.025418901,0.09679137,0.149799794,0.31543227,1.88609953,0.995329371,0.963111973,1.064087292,3.70108395,5.356736998,2.825654118,3.873350547,0.017995095,31.43844077,2.470295278,0.878124741,5.335132175,0.15
2021-11-27 15:29:16,9.85,10.25,44,0,0,0,44,24,5,"Condition 1.5-15","1.5","15",2399,1.050774905,1.087855288,0.199979758,0.281663444,0.356193175,2.250085375,1.004057434,0.915024394,1.151949053,6.326881887,8.875710305,4.80076754,6.226151665,0.047485583,51.46649565,4.662601112,1.186655864,9.587921325,1.025053433,1.026440626,0.033596793,0.053357318,0.822456456,1.541437511,1.02476206,1.004603559,1.044820303,1.501484811,2.180988791,1.046018262,1.582181842,0.013067586,18.8839901,1.088672314,0.454948521,2.060914262,1.011861561,1.024730094,0.104498202,0.161922435,0.121702475,1.784963413,0.99594636,0.954068717,1.064212116,3.723004431,5.105110893,2.617797468,3.493778114,0.034496048,25.17816147,2.772603183,1.052650547,5.269006774,0.15
2021-11-27 15:32:05,12.667,13.05,44,0,0,0,44,24,5,"Condition 1.5-15","1.5","15",2336,1.050201557,1.081639063,0.201220324,0.258937161,0.413221731,2.292698149,1.032445462,0.882811034,1.205618235,6.194306467,8.460088278,4.170573666,5.763496086,0.156096913,52.77445292,4.625816161,2.098201912,8.499898335,1.02541664,1.0265023,0.032742181,0.047208471,0.796619215,1.280205533,1.025786231,1.004667152,1.048663846,1.448489519,1.874408644,0.876870119,1.18991271,0.027908813,8.378010093,1.105142301,0.622665894,1.92284602,1.012689433,1.02371719,0.097010376,0.149888675,0.202351808,1.742150554,1.005173317,0.95756686,1.064482174,3.872421043,5.48506375,2.745877757,3.885453,0.071997472,27.35444735,2.638951833,1.267380677,4.914907316,0.167
2021-11-27 15:34:29,15.067,15.467,44,0,0,0,44,24,5,"Condition 1.5-15","1.5","15",2442,1.039692579,1.06735972,0.181549732,0.24149533,0.237525138,1.849480839,1.021845926,0.899118037,1.177784736,5.371114447,7.14779566,3.743766133,4.717120733,0.071470648,29.80864672,4.164983031,1.497501056,7.981352571,1.026258125,1.027411204,0.031629059,0.048672499,0.799346129,1.302449964,1.02502244,1.007099951,1.04475422,1.442306247,1.960930331,0.9453515,1.328805409,0.039484856,10.80329575,1.085610655,0.510191609,1.911593168,1.010192652,1.019459794,0.089731749,0.137174278,0.380235997,1.660241106,0.998397502,0.959810006,1.055039007,3.352672173,4.701342769,2.377540156,3.296462476,0.040863892,24.04823796,2.355216078,1.002526495,4.571486718,0.0670000000000002
2021-11-27 15:36:29,17.067,18.133,44,0,0,0,44,24,5,"Condition 1.5-15","1.5","15",2376,1.04718277,1.084172453,0.199911832,0.280840434,0.305538374,2.401927167,1.013874176,0.892483625,1.161752231,6.032590488,8.247521137,4.252152225,5.625191569,0.129278342,38.86894937,4.445606072,1.847652317,8.40445017,1.026491695,1.027845334,0.034242156,0.052744687,0.787212327,1.539197747,1.025834589,1.004686824,1.048516347,1.60446767,2.21165839,0.99459154,1.522528283,0.054633061,18.87813092,1.208530641,0.649085146,2.089098571,1.013943377,1.025264677,0.10149297,0.151974361,0.204437177,1.765080802,0.998736721,0.945614236,1.070101979,3.880310866,5.280193094,2.587627192,3.581763307,0.066524841,27.66650789,2.812344603,1.404939196,5.171536827,0.433
2021-11-27 15:39:33,20.133,20.533,44,0,0,0,44,24,5,"Condition 1.5-15","1.5","15",2464,1.039651587,1.073766844,0.190586999,0.268568585,0.333232415,2.395859969,1.015189351,0.892857399,1.154646903,5.355552307,7.205711244,3.709244233,4.821801907,0.087070673,40.61979208,4.048722122,1.586692826,7.657241937,1.026252041,1.027513752,0.032981888,0.050914743,0.742078286,1.290395992,1.025910004,1.007624653,1.045928493,1.473791406,1.932147488,0.896863433,1.249706725,0.0496782,9.695592005,1.127584716,0.60510297,1.928135912,1.010447578,1.019475885,0.090147517,0.135403892,0.236345644,1.673455103,0.999159322,0.954697125,1.057281594,3.242331037,4.33026823,2.073912453,2.870863748,0.078335427,28.60902209,2.444736339,1.210186442,4.403473221,0.132999999999999
2021-11-27 15:41:57,22.533,22.933,44,0,0,0,44,24,5,"Condition 1.5-15","1.5","15",2412,1.039240925,1.068606332,0.181234136,0.248844261,0.31570792,2.076240882,1.013517828,0.908108086,1.160091641,5.542109288,7.503098358,4.042535959,5.058865915,0.068411235,31.14763439,4.101812616,1.330280053,8.398417934,1.026065555,1.027159748,0.032076732,0.047408405,0.804762931,1.23369491,1.026945702,1.00705832,1.045956981,1.408534047,1.849526095,0.902598426,1.198905663,0.058759618,7.541742246,1.069001362,0.51914676,1.909568918,1.010501101,1.021754232,0.0955154,0.151257136,0.201876099,1.776667049,0.998220091,0.960452707,1.060904392,3.658422903,5.242596982,2.658622615,3.755877517,0.061971219,27.70375041,2.570129411,1.06503552,5.02891988,0.0330000000000013
2021-11-27 15:44:20,24.917,25.333,44,0,0,0,44,24,5,"Condition 1.5-15","1.5","15",2418,1.040985065,1.071699795,0.187682838,0.254788921,0.40522698,2.100327936,1.010942499,0.901790993,1.170118804,5.801374119,8.047175847,4.191619337,5.577989819,0.065264035,35.30212998,4.177952618,1.525555482,8.18161556,1.025931324,1.027414069,0.036245407,0.055189197,0.769189559,1.344261562,1.027875436,1.004606484,1.048707991,1.537589446,2.046492965,0.98786164,1.350817197,0.035458753,9.189965145,1.123638982,0.590691093,2.041660589,1.009536983,1.019842034,0.096092247,0.144642684,0.206201796,1.534403861,0.999353906,0.954120402,1.068351819,3.532168858,4.716070641,2.311546085,3.125563518,0.076888149,24.08736371,2.667323849,1.270614442,4.892046007,0.0829999999999984
2021-11-27 15:46:57,27.533,27.933,44,0.4,0,0,44,24,5,"Condition 1.5-15","1.5","15",2344,1.0470634,1.083079063,0.195084646,0.277040136,0.142963292,2.590801326,1.030619108,0.90219637,1.183077982,6.435611096,9.204430623,4.560794263,6.582016659,0.121204348,52.48909392,4.652729038,1.916459582,8.507774986,1.025736334,1.026734652,0.030388781,0.045275742,0.764455044,1.247782481,1.026396489,1.008769487,1.046202907,1.476663739,1.921532333,0.922291623,1.229795188,0.050049101,9.259669472,1.153171172,0.56334119,2.025528133,1.009490121,1.020390627,0.094072496,0.148782296,0.087923955,1.910613682,0.999808096,0.959863298,1.066034509,3.739224201,5.448723114,2.638616735,3.964024788,0.055459232,35.44950505,2.594124802,1.211884305,4.963648328,0.0330000000000013
2021-11-27 15:49:21,29.933,30.333,44,1,0,0,44,24,5,"Condition 1.5-15","1.5","15",2415,1.037953769,1.062551799,0.171235816,0.227353695,0.219013274,1.921863615,1.03197678,0.898674387,1.167771311,5.705998215,7.877589937,3.811130988,5.432332115,0.092397386,52.88039462,4.337038984,1.905283436,7.712901878,1.026058638,1.027268836,0.031990698,0.04985942,0.655854453,1.35117271,1.025678559,1.004954335,1.047088765,1.472895876,1.953398504,0.891180045,1.283365005,0.057824833,13.40027803,1.118559784,0.636218116,1.906013068,1.006687771,1.014788718,0.086826068,0.127994753,0.423182645,1.553534805,1.002992772,0.956321539,1.065328587,3.292439147,4.506542696,2.110829326,3.077774456,0.077445662,23.61130652,2.410761281,1.339824347,4.159055076,0.0670000000000002
2021-11-27 15:51:53,32.467,32.867,44,1,0,0,44,24,5,"Condition 1.5-15","1.5","15",2306,1.047333938,1.081494829,0.200205512,0.269729934,0.346988821,2.178875036,1.014386381,0.891878083,1.186032743,5.946879957,8.245426779,4.298046958,5.712778681,0.039744931,45.05415105,4.460880104,1.430738839,8.440634375,1.02641469,1.027667264,0.032998323,0.050734665,0.806053786,1.27843236,1.026360445,1.005973618,1.046790299,1.447061479,1.903774092,0.922053999,1.23734922,0.043646084,7.830848166,1.088615507,0.568089815,1.950994952,1.009013655,1.019209852,0.094336141,0.143837196,0.178759177,1.635315883,0.998324763,0.951120672,1.064727823,3.525909869,4.891479305,2.419294633,3.391093973,0.028790807,30.29334924,2.655421374,1.133403874,4.888921667,0.0330000000000013
2021-11-27 15:54:17,34.867,35.933,44,1,0,0,44,24,5,"Condition 1.5-15","1.5","15",2470,1.040130786,1.065607827,0.168094283,0.231667257,0.3064671,2.351118285,1.021141724,0.91945012,1.161682434,5.428455796,7.261704821,3.70283455,4.824277243,0.039570325,37.18052792,4.036113493,1.709618912,7.552512263,1.026464476,1.027740807,0.032464369,0.051214341,0.722904789,1.265589043,1.026799473,1.00830253,1.048134731,1.438428803,1.985966975,0.9707362,1.369579178,0.01672181,10.6427659,1.03928082,0.496243052,1.900812911,1.005440761,1.014034147,0.084108073,0.131761746,0.233215063,1.482805604,0.999090769,0.959971488,1.054516067,2.980384672,3.947972744,1.892497839,2.589693471,0.043422522,24.43708034,2.368877315,1.09227886,4.121811442,0.133000000000003
2021-11-27 15:56:57,37.533,37.933,44,1,0,0,44,24,5,"Condition 1.5-15","1.5","15",2412,1.043122257,1.075773552,0.191855232,0.263084372,0.254497166,2.485553722,1.014050903,0.890392383,1.179314034,5.794539268,8.087909611,4.085334575,5.643651935,0.098281021,45.42321348,4.441496717,1.556508723,7.968792092,1.025292473,1.026424427,0.030038556,0.048201794,0.767294887,1.310145201,1.02619094,1.009877202,1.043779621,1.403794989,1.894392027,0.927544164,1.272301923,0.022507895,9.4986732,1.02823583,0.517870039,1.891545506,1.00850752,1.018219618,0.08568655,0.140327961,0.090955462,1.640122774,0.997477515,0.9644748,1.049333207,3.365199666,4.719591475,2.319777831,3.309761089,0.020977163,31.74891835,2.490107849,1.068541048,4.522450054,0.0330000000000013
2021-11-27 15:59:21,39.933,40.333,44,1,0,0,44,24,5,"Condition 1.5-15","1.5","15",2386,1.050276614,1.081354275,0.192328154,0.257437134,0.346608762,2.148141607,1.016628749,0.917563386,1.201661731,6.256099232,8.706920305,4.548653252,6.056984895,0.079937598,52.96273667,4.635264596,1.632242003,8.984592427,1.025486636,1.026713527,0.031580088,0.050188456,0.771983561,1.33584923,1.025732344,1.007988964,1.045211468,1.427991978,1.994823094,0.978327567,1.393187681,0.029450589,13.17674575,1.033165763,0.465334292,1.903053469,1.010093506,1.019899189,0.090551325,0.1411163,0.207417605,1.674361187,0.995099668,0.962352125,1.063791798,3.528427217,5.029593191,2.549736568,3.585024113,0.026736964,27.5349341,2.505386181,1.007084679,4.795738331,0.0670000000000002
2021-11-27 16:01:45,42.333,42.733,44,1,0,0,44,24,5,"Condition 1.5-15","1.5","15",2408,1.03940767,1.067649333,0.185506896,0.243990812,0.356611588,2.298244945,1.017798295,0.896215699,1.188891611,5.895339971,8.029323301,3.999653775,5.45227931,0.132748399,40.53238255,4.331493825,1.990257213,7.927050259,1.026057345,1.027332498,0.034623608,0.051180787,0.806978787,1.316061277,1.02474627,1.003512893,1.051240449,1.423546246,1.833596779,0.838762378,1.15591883,0.042744031,7.430492166,1.145205004,0.611152385,1.846171068,1.006809016,1.016946329,0.097511168,0.143261873,0.222580863,1.552110642,0.999718708,0.951828313,1.072905722,3.549053677,4.788100547,2.264410036,3.214719013,0.072196327,26.20508352,2.755021985,1.352611216,4.66689057,0.167000000000002
2021-11-27 16:03:21,43.933,44,44,1,0,0,44,24,5,"Condition 1.5-15","1.5","15",2373,1.047065889,1.074058014,0.175351755,0.239327766,0.272132858,2.27949308,1.012337892,0.925620694,1.17779159,5.976916422,8.33355812,4.401632873,5.808518301,0.04591319,36.95888909,4.381568093,1.472935463,8.505431792,1.024971721,1.02613892,0.031118536,0.048939394,0.798156265,1.312336578,1.024982484,1.006839427,1.045613945,1.382404125,1.936606179,0.968789857,1.356531651,0.025413316,10.05259807,0.955418493,0.466509102,1.800663083,1.010045342,1.020466496,0.091225543,0.145496388,0.075194713,1.564705339,0.996473545,0.964972228,1.064018234,3.505961489,4.978003927,2.604440895,3.534688731,0.060081726,25.25147694,2.375774685,0.941147816,4.855059571,NA
2021-12-28 22:25:36,2.733,3.233,10.5,0.857142857142857,0,1,45,25,6,"Condition 2.5-10","2.5","10",2752,1.054538813,1.093872968,0.209031934,0.290751921,0.384853302,2.583408291,1.018752382,0.897970737,1.178139977,7.491270483,10.83204057,5.138389755,7.82535808,0.13149263,67.73375338,5.474148622,2.603971117,9.403602425,1.023990413,1.024610702,0.021481792,0.035653703,0.753625624,1.24100657,1.024488302,1.011669542,1.035321609,1.216648765,1.614803903,0.760187766,1.061963924,0.013977466,8.857728407,0.949677446,0.491708822,1.611513342,1.022487815,1.032124179,0.093507414,0.140734456,0.287803636,1.782951296,1.007804544,0.964933001,1.075721634,3.788247831,5.122513597,2.408775451,3.448716763,0.080764684,32.29792335,2.94014904,1.466215773,4.994780654,0.233
2021-12-28 22:27:42,4.833,5.35,10.5,2,0,1,45,25,6,"Condition 2.5-10","2.5","10",2917,1.060970822,1.108547202,0.214589718,0.321330378,0.051121359,3.304228322,1.019455228,0.890498804,1.167378364,7.757042574,10.85810371,5.385937345,7.599112446,0.115768361,79.51651376,5.483849865,2.581917507,10.53709454,1.025725598,1.026362774,0.024517735,0.036166164,0.859948971,1.203305637,1.025001166,1.010013316,1.040599539,1.476720336,1.823688242,0.78554368,1.070293743,0.023771914,9.034874892,1.234247102,0.728717043,1.903141046,1.02219727,1.031651398,0.09654382,0.139370037,0.404492809,1.756561776,1.008579264,0.954702931,1.080834802,4.174357502,5.340003326,2.392335038,3.330792633,0.068694338,35.85798256,3.409431192,1.845007898,5.514357162,0.167
2021-12-28 22:30:19,7.45,7.967,10.5,3.14285714285714,0,1,45,25,6,"Condition 2.5-10","2.5","10",3024,1.044307944,1.08152272,0.184522352,0.281315627,0.293419045,2.902300902,1.004723142,0.926765438,1.125138756,6.174120997,9.485245509,4.505910509,7.201893489,0.021839258,71.23321633,4.314794805,1.948809107,7.523925731,1.024786859,1.025187704,0.018771933,0.028670441,0.882298355,1.155809331,1.025114752,1.013472579,1.035724177,1.135313707,1.449408757,0.702920183,0.901175442,0.015654172,6.54479187,0.90335952,0.440752783,1.61665216,1.016950448,1.023525011,0.075411039,0.115843311,0.263902596,1.683366481,1.004114179,0.968698026,1.059589602,3.222106705,4.382126238,2.027837954,2.970518085,0.030755659,32.78217007,2.58720808,1.298844696,4.277597415,0.0499999999999998
2021-12-28 22:32:49,9.95,10.45,10.5,4,1,1,45,25,6,"Condition 2.5-10","2.5","10",2950,1.04738514,1.092510625,0.194965304,0.310799904,0.240741896,3.47423956,1.006629007,0.91785835,1.132683188,6.524132903,10.14478456,4.933208516,7.769994584,0.033717719,74.45467804,4.383999824,1.826227875,8.356245734,1.02491721,1.025338931,0.019061607,0.029409692,0.906975678,1.220917584,1.02538429,1.013667593,1.036103001,1.141072793,1.547216896,0.751557447,1.04508534,0.015776613,8.170259638,0.85131208,0.421932594,1.526812508,1.020020565,1.026943182,0.081004178,0.119059441,0.474298945,1.731298116,1.004574248,0.964037336,1.061359696,3.456475137,4.885211614,2.362148659,3.452841569,0.017362776,32.92596548,2.556295837,1.197119051,4.59174544,NA
2022-01-28 23:17:26,2.733,3.55,5,2.5,0,1,46,25,6,"Condition 2.5-15","2.5","15",2352,1.066611909,1.11051674,0.22101409,0.309236355,0.34764696,2.84418486,1.027285594,0.886242618,1.19410769,7.783250226,10.49353537,4.562376223,7.039629206,0.15076701,66.6859842,6.181548781,3.553168451,9.730372457,1.027175365,1.028033824,0.02613448,0.042012657,0.859845841,1.330347586,1.028293279,1.00922959,1.042799221,1.479630094,1.862301744,0.814895088,1.131108646,0.041840604,8.23207814,1.175030951,0.721310594,1.861323658,1.037386031,1.047403816,0.095661894,0.144547087,0.082799262,1.940654376,1.02862031,0.97165326,1.095890904,4.229026982,5.258836997,2.241290991,3.126476464,0.242778533,26.36522134,3.524378986,2.082129883,5.510740317,0.233
2022-01-28 23:19:07,4.417,4.85,5,4.16666666666667,1,1,46,25,6,"Condition 2.5-15","2.5","15",2664,1.055092805,1.098654293,0.214065466,0.306358711,0.109568926,2.724207118,1.011441409,0.885629761,1.1716006,8.50325306,12.25455906,5.747331335,8.825993271,0.25654322,73.58758411,5.698998725,3.417316301,10.29222845,1.026892664,1.027416355,0.022741906,0.032805915,0.875069076,1.219541033,1.026754056,1.010899544,1.041931714,1.377433702,1.649376865,0.68988186,0.907430245,0.02392555,7.310324113,1.157387166,0.732491179,1.788718359,1.033266181,1.043213576,0.096458753,0.143747426,0.218847376,1.83346552,1.02945247,0.972140196,1.090453285,4.571908418,5.887678143,2.606111681,3.710468607,0.156147021,25.82588783,3.616218512,2.082299482,5.842430784,NA
2021-10-23 14:49:16,2.4,3,43,0.5,0,0,47,27,8,"Condition 2.5-10","2.5","10",3598,1.030815035,1.062630699,0.154485188,0.258114088,0.28269886,2.613293783,0.991615855,0.960347839,1.08651915,5.363034039,8.057687628,4.513731285,6.01450352,0.019430142,34.428213,3.232342651,0.833170296,7.554285296,1.018884496,1.01950327,0.019356152,0.035519742,0.814486275,1.321557759,1.018304604,1.010656549,1.027200561,1.237765229,1.831610979,0.973134172,1.350275119,0.016155671,10.5852901,0.820605757,0.250262489,1.706244389,1.021101908,1.02484452,0.055277083,0.087517493,0.64938755,1.491511884,1.008395864,0.995907892,1.045395918,2.630890593,3.82273749,2.070810823,2.773783621,0.015130039,18.68170138,1.77439498,0.481513919,3.754836603,0.1
2021-10-23 14:51:42,4.833,6.017,43,1,0,0,47,27,8,"Condition 2.5-10","2.5","10",3844,1.033462401,1.06639039,0.160907191,0.262986543,0.177980718,2.730389563,0.993019505,0.954581123,1.089003106,5.816068721,8.65817214,4.656753459,6.414670428,0.02780192,47.6509637,3.87550466,1.049489633,8.08469895,1.019013028,1.019879628,0.02165548,0.04204002,0.749731372,1.410510072,1.018620874,1.009784212,1.027775217,1.261594326,1.818107723,0.9408823,1.309328662,0.018434195,10.00829106,0.861447074,0.313477498,1.694387557,1.021125313,1.02457084,0.055730074,0.083966276,0.714421996,1.443133549,1.009518371,0.990078647,1.046027319,2.778791448,3.845969772,2.002186807,2.659255857,0.038864777,20.32635408,2.028037341,0.747919027,4.023168505,0.167
2021-10-23 14:54:04,7.2,8.8,43,1,0,0,47,27,8,"Condition 2.5-10","2.5","10",3625,1.036513797,1.068241414,0.168420619,0.258451725,0.122910143,2.791594594,0.994428532,0.943421774,1.111513305,6.097264614,8.707934902,4.567053983,6.217890546,0.069058062,58.12495027,4.219430204,1.589178596,8.662881912,1.01955937,1.020342038,0.020730368,0.039962577,0.801100387,1.418077894,1.019517112,1.009927769,1.030173438,1.196038259,1.606856867,0.778229084,1.073219129,0.026292523,8.149623656,0.911095085,0.428630705,1.596821097,1.020230584,1.023951377,0.056240411,0.087224291,0.663922609,1.513855355,1.01122755,0.989203874,1.046369935,2.770369718,3.631367074,1.801337188,2.348062991,0.006864201,16.92068938,2.198671181,0.970840817,3.882498713,0.3
2021-10-23 14:56:52,10,10.6,43,1,0,0,47,27,8,"Condition 2.5-10","2.5","10",3568,1.041721042,1.077022085,0.173342345,0.273522961,0.131690801,3.095655321,0.995666347,0.934819513,1.111294447,6.80437039,10.10910529,5.193044987,7.477314199,0.039380768,73.27250827,4.588408088,1.659887876,9.427202917,1.020943547,1.022044671,0.026993215,0.047436434,0.727640994,1.403938538,1.019949587,1.005546823,1.034045995,1.517769184,2.040531734,0.98795826,1.364063083,0.020112019,9.504095389,1.181066238,0.543713313,1.99473022,1.022180112,1.026925082,0.066049905,0.098618802,0.643673489,1.460002973,1.011601473,0.983317772,1.057180788,3.224294938,4.32793441,2.14211044,2.887434111,0.035592365,21.06071328,2.450883897,1.13872229,4.442848061,0
2021-10-23 14:59:16,12.4,13,43,1,0,0,47,27,8,"Condition 2.5-10","2.5","10",3611,1.039277857,1.075040309,0.163167278,0.275016631,0.247300119,2.607025309,0.991472772,0.963743543,1.083236211,6.255369831,9.657990533,5.262200181,7.359492697,0.018913033,52.40298166,3.862400888,0.974801335,8.459610213,1.021000081,1.022224339,0.024063934,0.050021261,0.676316574,1.560306433,1.019807548,1.01173943,1.029559729,1.307206627,1.909919069,0.99824413,1.392673312,0.024754382,11.87269661,0.897042649,0.291974343,1.804224067,1.023539733,1.028349513,0.06252111,0.099357289,0.562850938,1.60419292,1.009831728,0.993580027,1.049257525,2.984459531,4.33918813,2.324904509,3.150286345,0.016765957,24.01370621,2.066725045,0.526159153,4.200022689,0.0999999999999996
2021-10-23 15:01:40,14.8,15.4,43,1,0,0,47,27,8,"Condition 2.5-10","2.5","10",3623,1.042904428,1.083750886,0.172046053,0.29477164,0.20023414,2.803950759,0.992269833,0.962661768,1.089988038,6.125096745,9.780998677,5.435391977,7.626741401,0.041803557,55.25443456,3.340131926,0.82312109,8.429094635,1.021067846,1.022178579,0.022031589,0.047645865,0.722574056,1.57577214,1.019954179,1.011619557,1.02819548,1.242005923,1.787926769,0.926298093,1.286297099,0.016689816,11.52030923,0.865904201,0.292064247,1.713118679,1.022827619,1.027431417,0.060092031,0.097167812,0.572483986,1.574996484,1.009754376,0.993012824,1.043782306,3.01684659,4.447956922,2.456410838,3.268930668,0.024821601,22.4605761,1.871170123,0.579110334,4.303477648,0.199999999999999
2021-10-23 15:04:22,17.5,18.1,43,1,0,0,47,27,8,"Condition 2.5-10","2.5","10",3600,1.039244279,1.076974283,0.169331375,0.282607715,0.251096107,2.736680188,0.991123297,0.956294469,1.095163614,5.890380194,9.076606794,5.044564832,6.906624801,0.034064763,48.57048999,3.512512617,0.959330783,8.318090592,1.021320572,1.02224823,0.022931864,0.043546055,0.795727513,1.382116596,1.020146124,1.010266813,1.030109223,1.287042702,1.817503083,0.936275898,1.283470392,0.021931589,8.751494927,0.943847127,0.308394281,1.789729381,1.022957014,1.027740803,0.063396689,0.099059733,0.665254801,1.692268408,1.009398949,0.988135235,1.051192976,2.932405983,4.287667521,2.265086573,3.128547189,0.033835446,22.43609093,1.99894345,0.661829838,4.030956597,0
2021-10-23 15:06:46,19.9,20.5,43,1,0,0,47,27,8,"Condition 2.5-10","2.5","10",3557,1.04348511,1.088445907,0.189947691,0.309645402,0.24190838,3.065806867,0.992102899,0.9508445,1.104459343,6.606934211,10.28759034,5.506966676,7.886724735,0.023709547,60.39693022,3.980941424,1.278187315,8.793204474,1.020940473,1.022094638,0.024543923,0.048566053,0.768540747,1.435014241,1.019969015,1.010381589,1.031108986,1.386479321,2.000485794,1.019337354,1.442291055,0.015532878,13.27509045,0.978970585,0.355396808,1.929827699,1.022334789,1.027523799,0.065287535,0.103149052,0.606530037,1.670830125,1.009811255,0.988964938,1.048694176,3.109658013,4.508963527,2.426429267,3.26554405,0.015032639,22.46326075,2.113956015,0.680448122,4.463895273,0.100000000000001
2021-10-23 15:09:11,22.317,22.917,43,1,0,0,47,27,8,"Condition 2.5-10","2.5","10",3657,1.038321659,1.070578362,0.163855876,0.260853919,0.32954159,2.875589289,0.994850613,0.955593847,1.102037435,6.201113847,9.235435063,4.88875811,6.844871294,0.018190965,53.84670986,3.973362013,1.411973847,8.86354056,1.021804285,1.022977957,0.024100055,0.048995521,0.692755906,1.38799771,1.020561072,1.011610003,1.030996714,1.382337342,1.957897846,0.96638313,1.386734814,0.017070813,11.81623176,0.969952893,0.451987911,1.851776624,1.022362683,1.027050343,0.063985981,0.09802846,0.557499992,1.462210074,1.011864059,0.991272687,1.054219961,3.042116734,4.347194578,2.190244715,3.105843677,0.017078333,24.25818956,2.126587949,0.903645938,4.111189124,0.183
2021-10-23 15:11:34,24.7,26.2,43,1,0,0,47,27,8,"Condition 2.5-10","2.5","10",3589,1.036402961,1.064320959,0.154844459,0.242207248,0.424088669,2.457733001,0.995902657,0.951350701,1.098994815,6.160996092,8.91301383,4.708880258,6.441700689,0.047333927,50.72342837,3.953726514,1.625214583,8.539855071,1.022134478,1.023400049,0.026230898,0.050887028,0.690415308,1.403907025,1.020774259,1.009295609,1.033328027,1.472322136,2.055165621,1.001803692,1.434066396,0.035822362,11.28638229,1.088770206,0.473376649,1.909965831,1.021109955,1.025891351,0.063676042,0.0989457,0.454602562,1.479744091,1.011080317,0.98614518,1.052883795,2.998444466,4.093177847,2.041548538,2.786682614,0.02977906,28.03619466,2.202289949,0.991267069,4.154538691,0.300000000000001
2021-10-23 15:14:16,27.4,28,43,1,0,0,47,27,8,"Condition 2.5-10","2.5","10",3605,1.037947212,1.073982109,0.162836966,0.275906272,0.189958945,3.375814658,0.991293911,0.955303297,1.081511564,5.874300176,9.231683637,4.94141752,7.122545643,0.045721657,70.46092799,3.490703582,1.080283783,8.152069733,1.021703011,1.022752082,0.023165305,0.046318179,0.746890607,1.464657163,1.020410104,1.012385151,1.030547932,1.23990099,1.766305548,0.919196164,1.2581415,0.012148416,9.542859118,0.859358281,0.312704811,1.705072965,1.021254524,1.025984605,0.060754852,0.098418975,0.649924819,1.574866276,1.009756123,0.993388918,1.042546624,2.778553079,3.908416103,2.116967889,2.74908279,0.013086294,17.44345014,1.930383189,0.615727777,4.089925033,0.100000000000001
2021-10-23 15:16:43,29.85,30.45,43,1,0,0,47,27,8,"Condition 2.5-10","2.5","10",3605,1.043170406,1.084279829,0.176248704,0.29577444,0.076724661,3.334488015,0.991524228,0.96603623,1.091535316,6.043965941,9.674638933,5.258216798,7.555458525,0.027558742,75.0620061,3.339707553,0.891758417,8.487438358,1.02173281,1.022908333,0.023151005,0.049032554,0.667836721,1.395246007,1.020597771,1.012427446,1.031128166,1.299167398,1.893256993,0.954969331,1.377357071,0.003725544,13.52636368,0.900588748,0.336777846,1.735779007,1.022609235,1.027404121,0.062344256,0.099157993,0.583291267,1.537985732,1.009671117,0.993216874,1.04819821,2.879695844,4.242589851,2.264140267,3.116025451,0.018038527,23.11112269,1.924597456,0.595088236,4.05071314,0.149999999999999
2021-10-23 15:19:07,32.25,32.85,43,1,0,0,47,27,8,"Condition 2.5-10","2.5","10",3643,1.048863953,1.094612935,0.183726879,0.313191333,0.17463753,3.401568681,0.991644695,0.960891422,1.09267994,6.355567144,10.33732573,5.73317418,8.153853364,0.02650689,59.19473796,3.192556429,0.894924332,8.903574274,1.021272936,1.022393085,0.024023505,0.047852262,0.8218514,1.465128263,1.020668879,1.011789562,1.031097351,1.316854672,1.815311628,0.968517802,1.249671507,0.009719445,9.284743925,0.968496519,0.297734519,1.935359826,1.023548418,1.029217423,0.06619776,0.107890385,0.617068105,1.771261578,1.009964184,0.992163082,1.04608433,3.106387178,4.711237656,2.562616867,3.542536484,0.017350003,27.13864494,1.9503134,0.530724927,4.205454977,0.25
2021-10-23 15:22:25,35.55,36.15,43,1,0,0,47,27,8,"Condition 2.5-10","2.5","10",3562,1.046351916,1.08258348,0.17211527,0.277770264,0.186865241,3.352571439,0.995541934,0.954527763,1.110351206,6.641918711,10.07428994,5.083415626,7.57577393,0.027551366,75.38206455,4.34718827,1.78274491,8.624266746,1.022513543,1.023629563,0.026800961,0.047793065,0.823943874,1.432397606,1.020592212,1.009452223,1.032768174,1.436941494,2.010382171,1.015579455,1.406197322,0.009305043,11.55352281,1.058034515,0.412478585,1.995676239,1.023768307,1.028936503,0.068532178,0.103013401,0.631263795,1.425758888,1.01240084,0.987942477,1.058897893,3.034946466,4.107723497,2.128217325,2.768509467,0.035172394,16.50102068,2.192316415,0.943058712,4.312926875,0.549999999999997
2021-10-23 15:24:13,37.35,37.95,43,1.42857142857143,0,0,47,27,8,"Condition 2.5-10","2.5","10",3625,1.04780448,1.096700414,0.189980124,0.323861859,0.10312122,3.388404311,0.992072134,0.953136272,1.096827548,6.371885739,10.06409477,5.391299088,7.79113763,0.07165139,72.45852292,3.711290682,1.068911285,8.923028884,1.021371235,1.022505374,0.02571045,0.048152679,0.779334129,1.397012536,1.020545515,1.009733957,1.032303469,1.433645593,1.994933464,1.01098495,1.387426037,0.021815046,10.91848969,1.035919247,0.411587598,1.975490272,1.023946788,1.029982298,0.069983585,0.11135497,0.529930247,1.643643461,1.01042563,0.987822315,1.052863683,3.006298281,4.343587168,2.304712019,3.135543502,0.018644767,26.38240626,1.950912295,0.755625784,4.144018113,0.149999999999999
2021-10-23 15:26:37,39.75,40.35,43,2,0,0,47,27,8,"Condition 2.5-10","2.5","10",3589,1.042535436,1.085547744,0.182320695,0.302587637,0.119249692,2.844054394,0.991078671,0.958590457,1.094925244,6.242285941,9.563274957,5.248726022,7.246014598,0.029229527,62.95524574,3.909965938,0.907221974,9.169031845,1.02242058,1.023456271,0.024831083,0.046037871,0.809034112,1.350516919,1.02049182,1.012227068,1.03255141,1.317756433,1.843418674,0.986072142,1.289253136,0.005691655,9.213929439,0.927083148,0.302637649,1.922276957,1.024133108,1.030346442,0.070302683,0.112998783,0.633335121,1.708210335,1.008965776,0.989708169,1.047391083,2.942870756,4.26907923,2.33344513,3.093091598,0.030563682,21.62453751,2.011209737,0.507968125,4.314256887,0.25
2021-10-23 15:29:37,42.75,43,43,2,0,0,47,27,8,"Condition 2.5-10","2.5","10",3624,1.044210911,1.084556243,0.181876865,0.293103264,0.203319972,2.752578471,0.991482661,0.965831686,1.093519964,6.294164396,9.652055492,5.474997128,7.31850075,0.036580778,55.80132714,3.599405232,0.814436508,9.31158342,1.022543618,1.023267167,0.022030874,0.038479256,0.812829035,1.33568867,1.021294013,1.013498355,1.03081634,1.326299753,1.887420272,1.035782158,1.34304956,0.031464096,8.808150311,0.899707243,0.265428522,1.944050956,1.023186461,1.028180626,0.06486027,0.101230889,0.65365369,1.534861578,1.009826259,0.995058863,1.047459389,2.755816177,3.989208591,2.240515523,2.884711295,0.03110386,18.92787413,1.76744717,0.461642421,4.114195237,0.25
2021-11-19 21:30:00,2,3,41.5,0.5,0,0,48,27,8,"Condition 2.5-5","2.5","5",5961,1.025390895,1.048649321,0.116743146,0.219652007,0.226999635,2.739302996,0.991890326,0.982492168,1.018222939,3.917808689,7.427450165,4.162040014,6.310663435,0.013318794,53.66643662,1.259313866,0.327027346,4.794467084,1.03232949,1.036484919,0.047342275,0.092726775,0.550492681,1.591668988,1.027642645,1.020420508,1.040966259,2.103103129,3.518537532,2.034352665,2.821063432,0.013696532,22.08697977,0.804233888,0.255120964,2.908374654,1.002325555,1.002950366,0.014551289,0.035399554,0.712717675,1.355326083,1.002176154,0.998280674,1.005421869,0.849423195,1.434591411,0.794686766,1.156182097,0.005336952,11.68103792,0.340316814,0.164683936,1.146900678,0.5
2021-11-19 21:32:00,4,6.017,41.5,1,0,0,48,27,8,"Condition 2.5-5","2.5","5",6009,1.023667625,1.046510245,0.113875215,0.217476797,0.202927481,3.279708061,0.992496956,0.984199117,1.017528191,3.689081698,6.969852099,3.986679859,5.913994924,0.014286919,65.92438561,1.00223931,0.305518415,4.679333245,1.031746279,1.035390664,0.04527658,0.08680263,0.567365547,1.503064798,1.026840273,1.019619968,1.037755421,2.074810877,3.399263221,2.03877595,2.692834421,0.018024567,18.46677985,0.758340784,0.270963408,3.011110821,1.002057911,1.002664224,0.015947809,0.034866763,0.699212917,1.217753943,1.002114572,0.997733942,1.006064361,0.879184035,1.453755902,0.797564503,1.157870806,0.008128884,10.23062323,0.378487944,0.182355608,1.161859132,1
2021-11-19 21:35:01,7.017,9.217,41.5,1,0,0,48,27,8,"Condition 2.5-5","2.5","5",6057,1.031415692,1.064093049,0.133730884,0.261700197,0.134028003,3.121715274,0.993771965,0.973029921,1.044260292,4.416983704,7.724517137,3.985035249,6.337590413,0.010967798,71.66981532,2.207608839,0.809071224,5.554308087,1.033339198,1.037383109,0.049555186,0.091516121,0.58697725,1.691680589,1.027909789,1.012258701,1.049633994,2.319423384,3.483430872,1.871665373,2.599169355,0.035341304,19.7898182,1.380412695,0.555111062,3.137163858,1.001898737,1.002408178,0.015324924,0.031956934,0.809171147,1.443444872,1.001923226,0.995948448,1.007576843,0.942060562,1.43494748,0.75013452,1.082492337,0.016648835,10.98271184,0.525520523,0.263881959,1.221090831,0.483
2021-11-19 21:38:13,10.217,11.217,41.5,1,0,0,48,27,8,"Condition 2.5-5","2.5","5",6028,1.027235349,1.054231073,0.126199895,0.237065426,0.117526587,3.633756045,0.993611178,0.972528667,1.043514248,4.511264989,8.062720272,4.102359322,6.683064935,0.008726349,86.76984169,2.192162473,0.721829806,5.632804479,1.032741504,1.036568099,0.047349169,0.088992832,0.50804667,1.590856017,1.028109658,1.014148295,1.045826108,2.327433968,3.670473525,1.973728517,2.838443905,0.022696768,21.53134169,1.263292372,0.501388386,3.018268229,1.002547476,1.002861924,0.013298528,0.025113799,0.78708154,1.281386558,1.002215447,0.996645768,1.00732151,0.887673097,1.38046592,0.708437744,1.057311738,0.011754219,13.13687577,0.480502911,0.256202636,1.125688181,0.217000000000001
2021-11-19 21:40:13,12.217,13.217,41.5,1,0,0,48,27,8,"Condition 2.5-5","2.5","5",5955,1.022888703,1.04730006,0.122760148,0.224821274,0.073462543,2.849697679,0.992789907,0.979279386,1.038229024,4.05772964,6.910460655,3.941162882,5.594153438,0.014206578,58.98549265,1.633881345,0.443722426,5.522350344,1.033497238,1.037120832,0.046485424,0.086627592,0.598786918,1.596538025,1.028216081,1.01757283,1.043158443,2.221610836,3.531862203,2.029885829,2.745862751,0.023377465,19.13890338,0.976656549,0.372849838,3.181872658,1.0028314,1.003553001,0.01549779,0.038053273,0.664776505,1.464181689,1.001882059,0.996718391,1.006475085,0.874369734,1.416154055,0.761126689,1.114081835,0.004021867,10.04444743,0.415283894,0.202591603,1.145610443,0.282999999999999
2021-11-19 21:43:13,15.217,16.217,41.5,1,0,0,48,27,8,"Condition 2.5-5","2.5","5",6045,1.027892728,1.05780172,0.125210663,0.249782586,0.072885449,3.626034118,0.991655932,0.98429895,1.00623623,3.827129501,7.745864456,4.274149719,6.734909113,0.018065504,78.40577575,0.752420716,0.265825383,4.66511904,1.033386977,1.03713631,0.043751904,0.088115642,0.581517899,1.633598075,1.027506936,1.021456735,1.037123853,1.975936077,3.542920097,2.001015504,2.940984615,0.013310569,30.43086847,0.612398211,0.254348605,2.570043587,1.00314411,1.003800176,0.014354341,0.036289208,0.716497018,1.419130061,1.003025475,0.999460904,1.0067942,0.813794628,1.347934354,0.751750832,1.074642453,0.012099983,11.25742759,0.33532722,0.172432905,1.068198481,0.217000000000001
2021-11-19 21:46:36,18.6,19.617,41.5,1,0,0,48,27,8,"Condition 2.5-5","2.5","5",5983,1.026826094,1.056283615,0.128636364,0.247736767,0.147754925,3.029332601,0.991977269,0.98066668,1.018698462,3.928223053,7.322122437,4.166989541,6.179718812,0.016397653,63.73896219,1.078443785,0.356599432,5.433161587,1.033902531,1.038922257,0.0518998,0.10201349,0.259947212,1.881874508,1.026802652,1.017498816,1.040253466,2.349573511,4.051398556,2.317091735,3.300781104,0.025494353,34.36580578,0.879273592,0.330204684,3.116623005,1.002714893,1.003375521,0.016358536,0.036407428,0.657004662,1.277262607,1.002251798,0.997614129,1.0065802,0.947722659,1.563619961,0.880137502,1.243779623,0.004694913,9.954477984,0.379683577,0.198030506,1.225187369,1.1
2021-11-19 21:47:37,19.617,20.617,41.5,1,0,0,48,27,8,"Condition 2.5-5","2.5","5",6071,1.034505649,1.068540819,0.13991292,0.267561837,0.139308036,3.45318833,0.994048243,0.970334861,1.046336313,4.849565525,8.376415713,4.255633653,6.830354337,0.02512584,75.29808439,2.48927733,1.091057231,5.801179037,1.033707636,1.038547412,0.052061686,0.100154393,0.426159014,1.789458251,1.027729972,1.012328669,1.047814874,2.452356246,3.985591488,2.09496873,3.142055823,0.022326136,30.92567138,1.31555529,0.537263595,3.152824232,1.002885484,1.003742354,0.017266662,0.041469283,0.654544151,1.435163483,1.002735938,0.996494572,1.007941421,0.989694363,1.636093329,0.839426813,1.302914471,0.017627318,14.46092319,0.513257601,0.241925692,1.228706158,0.382999999999999
2021-11-19 21:50:37,22.617,23.617,41.5,1,0,0,48,27,8,"Condition 2.5-5","2.5","5",5985,1.029511938,1.056915088,0.128593647,0.239132236,0.154771803,3.683536246,0.995179911,0.968967665,1.052117977,4.909808928,8.19464481,4.004687688,6.561491795,0.020070714,95.55930262,2.956024693,1.076556558,6.115950694,1.034411038,1.038755717,0.054132798,0.094914424,0.576136168,1.656044235,1.028491993,1.00899575,1.052647858,2.568765134,3.906644613,2.043360024,2.943597426,0.022559602,26.22165687,1.560645766,0.636650506,3.332478401,1.002656607,1.003201406,0.015984111,0.033060121,0.792213117,1.325412809,1.002691063,0.996260884,1.009003807,0.936788908,1.358966233,0.696633229,0.984569835,0.009130728,9.861501282,0.590208902,0.28111264,1.226543797,0.117000000000001
2021-11-19 21:52:36,24.6,26.8,41.5,1,0,0,48,27,8,"Condition 2.5-5","2.5","5",5965,1.026856795,1.052527564,0.119781797,0.231059182,0.082989576,3.300145538,0.99167347,0.984729303,1.00515074,3.860205921,7.891616348,4.502104897,6.88363014,0.008440879,76.39040693,0.638817937,0.225543533,4.746166509,1.03421305,1.039054136,0.048211948,0.100192553,0.432786127,1.912432339,1.02707398,1.021632767,1.035408135,2.161619118,4.07085318,2.322851523,3.449817954,0.015017547,30.36419179,0.550680403,0.215964186,2.693307818,1.002680555,1.003295768,0.014670025,0.035132749,0.732906232,1.421288425,1.002466808,0.999097172,1.005843818,0.847273149,1.443407316,0.820290997,1.168666718,0.009962706,11.97377766,0.286381356,0.14837173,1.163812028,0.399999999999999
2021-11-19 21:55:49,27.817,30.017,41.5,1,0,0,48,27,8,"Condition 2.5-5","2.5","5",6097,1.035187784,1.070010859,0.137902434,0.270779458,0.156210421,3.522369213,0.993471983,0.967109592,1.047881707,4.745720253,8.489967803,4.307184225,7.040299954,0.036274489,85.8519251,2.244270894,0.977724643,5.570500247,1.033790585,1.038526855,0.051043113,0.099079086,0.544589963,1.895972284,1.028044703,1.011341436,1.047465034,2.398087029,3.848366376,1.992158496,3.010081176,0.048614915,25.37507732,1.32264188,0.601528023,2.880571329,1.002519575,1.003303267,0.016656478,0.039651045,0.63054955,1.430071303,1.002136121,0.996585992,1.007967893,0.941671961,1.503406641,0.800832067,1.172054091,0.011898278,12.58193064,0.465888703,0.253152777,1.144234035,0.317
2021-11-19 21:58:01,30.017,31.017,41.5,1,0,0,48,27,8,"Condition 2.5-5","2.5","5",6061,1.028300545,1.057251529,0.132716044,0.245741224,0.167829272,3.32639838,0.993197259,0.973657169,1.04251029,4.531803778,8.209502234,4.264231265,6.845904994,0.03124777,77.79406652,1.96907645,0.720820321,5.582959557,1.032718955,1.036509371,0.047603725,0.088569361,0.611525506,1.758015266,1.028084571,1.013991538,1.045868583,2.25060943,3.416009013,1.864108471,2.570012587,0.01934301,22.52824086,1.271431414,0.480649681,3.1280667,1.00423338,1.004700699,0.015424002,0.030642572,0.809300394,1.311268676,1.003501614,0.997386157,1.009467887,0.945446337,1.451525587,0.767781489,1.101479897,0.007331058,8.684919147,0.525192059,0.249881358,1.226547501,0.0169999999999995
2021-11-19 22:00:02,32.033,33.033,41.5,1,0,0,48,27,8,"Condition 2.5-5","2.5","5",6258,1.025424787,1.050728212,0.119093188,0.229220807,0.090765214,3.152886541,0.99240034,0.975407887,1.024012689,3.881209126,7.099489677,3.759129243,5.945133994,0.021813788,67.06926968,1.566250025,0.579575771,4.77263858,1.031888821,1.03552742,0.04323939,0.086739269,0.579233233,1.687572105,1.027137168,1.015730461,1.042156113,1.963705888,3.173865769,1.721141812,2.493647313,0.033190145,22.88995547,0.965817086,0.418268077,2.447624116,1.002385745,1.002893523,0.01484186,0.03191239,0.789114506,1.347431017,1.002262478,0.997246556,1.007149556,0.886778229,1.436107406,0.766316674,1.12970475,0.011786658,9.06907536,0.431592411,0.220666196,1.095115375,0.466999999999999
2021-11-19 22:02:01,34.017,36.217,41.5,1,0,0,48,27,8,"Condition 2.5-5","2.5","5",6050,1.027069037,1.056314412,0.125508091,0.246859078,0.161830114,2.886558736,0.992187574,0.980071628,1.019915715,3.865735144,7.267034173,4.015480394,6.154034316,0.011068209,62.3280127,1.356264509,0.392610361,4.72103384,1.03277029,1.036728065,0.045173079,0.090509461,0.502137332,1.723790998,1.02730744,1.018911001,1.038767415,1.980903351,3.37414947,1.862093477,2.731691816,0.006987163,20.12376407,0.905153905,0.303282064,2.481830786,1.002205154,1.002669517,0.014606484,0.030514644,0.748299171,1.25791084,1.002266134,0.997539579,1.006590744,0.859779824,1.38109104,0.753520165,1.080918253,0.014050182,11.83680349,0.405420358,0.189696434,1.130623254,0.982999999999997
2021-11-19 22:05:13,37.217,38.217,41.5,1,0,0,48,27,8,"Condition 2.5-5","2.5","5",5995,1.024193431,1.047054291,0.115591421,0.217619863,0.29452704,2.548102004,0.992321669,0.982974454,1.021425231,3.719256487,6.85338098,3.88028796,5.756864698,0.01480012,56.37846553,1.275814685,0.3465638,4.702723115,1.033963335,1.038206597,0.047455363,0.093777538,0.427764084,1.755512135,1.027392112,1.020900885,1.03585868,2.090036271,3.707554934,2.135790523,3.06256049,0.010500728,28.5823728,0.656995897,0.243805968,2.749448986,1.001550242,1.002166874,0.014448375,0.035153425,0.648461675,1.312713921,1.00283548,0.999275855,1.005677334,0.823992076,1.404912926,0.773353751,1.137995361,0.006136268,11.70681333,0.307963991,0.15406141,1.129873117,0.283000000000001
2021-11-19 22:08:13,40.217,41.217,41.5,1,0,0,48,27,8,"Condition 2.5-5","2.5","5",5953,1.030269884,1.063881953,0.130532067,0.265331118,0.023070398,3.420202145,0.99143884,0.982975369,1.00811022,4.009372925,7.793172816,4.320910755,6.683260855,0.026515709,72.37981514,1.077554071,0.371582151,4.78101191,1.032720591,1.036808355,0.044456591,0.091984599,0.524088372,1.72043883,1.027011592,1.019463059,1.035900412,2.039312411,3.572644516,2.047979973,2.933673414,0.011625595,22.19833003,0.698797611,0.275231291,2.638130893,1.00313072,1.00369626,0.014648594,0.033691706,0.772673763,1.328455653,1.003356974,0.999221604,1.006543987,0.853746565,1.402635473,0.794386718,1.112974029,0.009066454,8.921209409,0.336738894,0.168809481,1.157774159,0.216999999999999
2021-11-19 22:09:13,41.217,41.5,41.5,1,0,0,48,27,8,"Condition 2.5-5","2.5","5",6029,1.027006605,1.054373953,0.125569576,0.238686643,0.261306568,3.432562248,0.991439893,0.984936702,1.006110098,3.833523329,7.64711872,4.445157012,6.617385285,0.007999761,74.67181765,0.617626334,0.257993802,4.803522416,1.033169465,1.03723918,0.044463099,0.091800713,0.508861702,1.665488165,1.027216727,1.022036442,1.034007658,1.958858036,3.586627152,2.094826965,3.004707515,0.019675524,27.76819759,0.480280983,0.221584954,2.559339428,1.002763705,1.00314777,0.012076234,0.027758409,0.833579754,1.352008429,1.002809766,0.999808,1.005740431,0.779359472,1.304420161,0.750797654,1.046084272,0.00460991,10.33477805,0.274887995,0.149205579,1.050896441,NA
2021-10-30 21:46:55,3.117,4.217,16,0.333333333333333,0,1,49,28,9,"Condition 2.5-5","2.5","5",7124,1.028951501,1.051063361,0.099173547,0.214474833,0.201666451,2.798391807,1.009343234,0.998133781,1.026308967,2.278387934,4.793850128,2.669615857,4.218109216,0.005487742,45.043179,0.443387017,0.206822951,2.622667758,1.020957122,1.021221187,0.010918658,0.023223758,0.855069978,1.402784468,1.02070531,1.01628796,1.025524225,0.595194939,1.036586008,0.524287426,0.848737101,0.002923058,11.4397151,0.286082653,0.146154133,0.670463653,1.024564442,1.028888793,0.04936978,0.094239586,0.51959649,1.778403585,1.009602773,1.001923441,1.024650164,1.590232294,2.926241979,1.655699272,2.45660347,0.0088527,30.80399895,0.510275044,0.239462084,1.997977454,0.617
2021-10-30 21:49:01,5.217,6.217,16,1,0,1,49,28,9,"Condition 2.5-5","2.5","5",6015,1.036968348,1.068740482,0.127106461,0.258677382,0.076517901,3.15663675,1.009430133,0.997602158,1.028466431,2.710882193,5.405073344,3.202552053,4.676491423,0.006062764,37.63443786,0.464831904,0.169458931,3.382892898,1.021076458,1.021563457,0.014787467,0.031542502,0.766390336,1.361105234,1.020578296,1.015795932,1.025855867,0.681333175,1.203373052,0.634657561,0.991995683,0.004529119,13.27408434,0.29394146,0.123583291,0.846174832,1.028359097,1.033889318,0.059917667,0.106801616,0.501076855,1.769425683,1.008972779,1.000289281,1.029155956,1.830028028,3.30119441,1.942830693,2.747751331,0.0032448,26.355242,0.486425034,0.201381099,2.500992965,0.217
2021-10-30 21:51:01,7.217,9.617,16,2.33333333333333,0,1,49,28,9,"Condition 2.5-5","2.5","5",6004,1.03240731,1.059416151,0.117661951,0.237712302,0.134297021,2.859089639,1.008291836,1.001541154,1.032675997,2.745846021,5.250834298,3.133778086,4.476039314,0.006794875,46.15579904,0.48614869,0.141171089,3.683562746,1.021118464,1.021529692,0.013498265,0.02898506,0.779322113,1.22707582,1.020006303,1.016865883,1.024305663,0.652371329,1.119239146,0.638352167,0.909530495,0.007080404,7.166830647,0.248338059,0.086750522,0.890680081,1.026258912,1.031956635,0.058613103,0.108300941,0.467653643,1.735313732,1.008387058,1.002845273,1.025040118,1.792571755,3.197304976,1.904059562,2.647756307,0.009434333,25.40551893,0.429965793,0.149944493,2.55179643,0.283
2021-10-30 21:53:25,9.617,10.617,16,3,0,1,49,28,9,"Condition 2.5-5","2.5","5",6012,1.031267699,1.057616651,0.113734888,0.234625386,0.148427308,2.790181809,1.008361561,0.998178245,1.028089423,2.505210169,4.717548728,2.872070938,3.997730204,0.004938717,33.93555855,0.462118198,0.177823415,3.357089721,1.021609958,1.022188674,0.016151264,0.034394413,0.702860242,1.340475088,1.020335363,1.015228542,1.026622024,0.687945452,1.119184075,0.62447249,0.882855434,0.006995816,8.409583181,0.32031901,0.119280438,0.940418354,1.025470401,1.031054907,0.057595452,0.107175499,0.344521738,1.683325212,1.009102423,1.000950353,1.027040977,1.689541235,2.903358359,1.756578167,2.361327548,0.011059846,21.13741436,0.449079669,0.18019204,2.626266753,0.382999999999999
2021-10-30 21:56:25,12.617,13.617,16,3.6,0,1,49,28,9,"Condition 2.5-5","2.5","5",5992,1.030295795,1.051849637,0.107049598,0.211862514,0.195169476,2.5587093,1.009305625,0.99805112,1.033363152,2.610580169,4.924812579,2.894337591,4.176309545,0.003527173,36.16816318,0.610505745,0.215783613,3.381874311,1.021279555,1.021829396,0.016097885,0.033519745,0.759731524,1.428202406,1.020042218,1.013970153,1.026896838,0.750125478,1.196264583,0.640578547,0.931936526,0.006525809,7.668981966,0.405342886,0.150740543,0.961253217,1.026273334,1.031925275,0.058859948,0.10786454,0.525882597,1.744170735,1.00911183,0.999455436,1.031247606,1.862585643,3.166421078,1.844392854,2.560877159,0.007498345,22.86788948,0.668301288,0.234018498,2.635827372,0.117000000000001
2021-10-30 21:58:25,14.617,15.617,16,4,1,1,49,28,9,"Condition 2.5-5","2.5","5",5974,1.027850421,1.051067191,0.105314142,0.219713069,0.154557427,2.775234875,1.01050331,0.99480482,1.033388889,2.491964742,4.665145182,2.78211305,3.944147022,0.023874911,32.35223698,0.623735562,0.28315427,3.038753321,1.020917306,1.021285849,0.01412283,0.027436588,0.800387893,1.32329429,1.020497807,1.014249811,1.027581612,0.721818917,1.074369684,0.538654413,0.795835225,0.0067858,8.869451891,0.471375024,0.214798561,0.922508323,1.026217359,1.031864554,0.057055765,0.107816211,0.481378456,1.740293326,1.009687138,0.997834428,1.029843406,1.783615432,3.03421398,1.73380103,2.454827768,0.009312343,18.51570585,0.713370207,0.305361536,2.211291089,NA
2021-11-17 21:03:06,2.95,3.6,30.5,0.4,0,1,50,28,9,"Condition 2.5-10","2.5","10",3613,1.027999286,1.070201065,0.173514411,0.297610991,0.174108937,2.7639732,0.99713066,0.974743745,1.078715153,4.158457955,6.842028982,4.099254798,5.434037469,0.008669939,35.28769521,1.692200512,0.257503656,6.151468399,1.023726948,1.02423527,0.017031135,0.032269365,0.764367202,1.245276526,1.022566517,1.016254196,1.03032751,0.885536967,1.341282854,0.742941141,1.007544055,0.005688057,8.736131886,0.527573707,0.156855672,1.294308016,1.013957723,1.020517379,0.070740616,0.11553853,0.561551746,1.634315196,0.993668907,0.982632686,1.038114766,2.390830956,3.71416704,2.186690277,2.842745409,0.011995823,23.17472927,1.260026536,0.230089522,3.701947847,0.45
2021-11-17 21:05:00,4.85,5.4,30.5,1,0,1,50,28,9,"Condition 2.5-10","2.5","10",3597,1.021909419,1.061269981,0.166527176,0.286387698,0.122244305,2.606250345,0.995004065,0.974120693,1.051348213,3.85361917,6.265124459,3.823272766,4.940464691,0.011726181,29.00783059,1.508404803,0.253958522,5.967103889,1.02298635,1.023393366,0.015176398,0.028864172,0.846777672,1.269219095,1.022879108,1.016383168,1.029339717,0.79570842,1.207351926,0.66696725,0.908171869,0.005980919,7.15178177,0.455508311,0.147999834,1.169278045,1.012054007,1.018059306,0.065684664,0.110430199,0.548318508,1.641535483,0.993811025,0.982327515,1.030737727,2.152087641,3.241236166,1.954055584,2.423997657,0.011993788,15.80033355,1.112310706,0.216385411,3.500301672,0.15
2021-11-17 21:06:43,6.567,8.65,30.5,1.5,0,1,50,28,9,"Condition 2.5-10","2.5","10",3472,1.033925862,1.075688157,0.188888364,0.29686311,0.14138421,2.666525581,0.99774012,0.949808887,1.112809295,5.095986973,7.632969448,4.300387714,5.68352406,0.010690958,43.50836904,3.329108435,0.601500523,7.438923504,1.023867782,1.024462517,0.021672875,0.034907928,0.867926245,1.264307734,1.021477415,1.011070747,1.035018884,1.044367252,1.430057456,0.737871033,0.977054964,0.012898659,7.486587988,0.760216168,0.310873707,1.479055155,1.015109411,1.022302549,0.078198615,0.121076866,0.423867066,1.55779916,0.995044098,0.973136657,1.054337136,2.818274988,4.03622002,2.194317976,2.889775773,0.015649306,20.09911538,2.031608491,0.504492071,4.123132163,0.933
2021-11-17 21:10:01,9.867,10.517,30.5,2,0,1,50,28,9,"Condition 2.5-10","2.5","10",3635,1.025393351,1.05648215,0.157535995,0.254442175,0.116971721,2.442816972,0.998800121,0.959686906,1.088487584,4.238727837,6.679705037,3.848525075,5.163233648,0.021332029,43.46368647,2.099879592,0.49049598,6.302041921,1.02317895,1.023745096,0.020188468,0.034046694,0.798515969,1.232499849,1.022614676,1.011924005,1.034063501,0.964711626,1.322111752,0.670457018,0.904176937,0.016195955,6.594281893,0.687818621,0.306799358,1.348083003,1.011492814,1.0183446,0.07002629,0.117948459,0.450278443,2.001463838,0.995412954,0.974119432,1.039375225,2.417595722,3.482475463,1.918870599,2.506909584,0.012452827,22.31317908,1.607744437,0.438122586,3.643159051,0.132999999999999
2021-11-17 21:12:31,12.367,12.95,30.5,2,0,1,50,28,9,"Condition 2.5-10","2.5","10",3587,1.023751174,1.058947181,0.164071757,0.270782398,0.164652307,2.721225873,0.995727288,0.962290157,1.064227429,4.143187161,6.333440296,3.703499069,4.790915029,0.007112778,35.12205647,2.249822887,0.483068877,6.327480467,1.023318607,1.02442109,0.021379644,0.047520827,0.733303595,1.562458495,1.021725152,1.013476191,1.032070209,0.909077544,1.30301877,0.674126304,0.933637516,0.007200601,9.909493617,0.643606746,0.22185155,1.256897617,1.010149982,1.016634172,0.069477272,0.114654781,0.468494166,1.73697417,0.992666102,0.975846638,1.04044912,2.314589161,3.275698119,1.828493448,2.31826959,0.014400822,17.2341242,1.590122891,0.380618554,3.587912983,0.132999999999999
2021-11-17 21:14:55,14.767,15.367,30.5,2,0,1,50,28,9,"Condition 2.5-10","2.5","10",3577,1.023498124,1.053007306,0.159343664,0.247574459,0.2132625,2.382796547,0.998854196,0.94624721,1.095350928,4.148093405,6.119201455,3.436005697,4.49928978,0.011628773,31.1919559,2.776730575,0.540636821,6.060863221,1.023461714,1.024220947,0.021158392,0.039434796,0.730326906,1.319537071,1.022276852,1.011892851,1.033782713,0.895109409,1.264790058,0.641171952,0.893698151,0.015333853,5.972974882,0.638337229,0.261332136,1.192380853,1.009725768,1.015919292,0.06923326,0.11202406,0.380399159,1.612519367,0.993919193,0.974335957,1.038282323,2.284537095,3.242871799,1.729870529,2.301866519,0.015525268,17.73353902,1.681532384,0.446626832,3.349171917,0.233000000000001
2021-11-17 21:17:37,17.467,18.067,30.5,2,0,1,50,28,9,"Condition 2.5-10","2.5","10",3672,1.019626245,1.045551337,0.147345425,0.231418461,0.23557588,2.038634156,0.996650118,0.954541447,1.080552139,4.077192766,6.500731019,3.596792111,5.063890621,0.016981909,45.52341306,2.410764045,0.416890047,5.974158116,1.022674846,1.023217963,0.018827059,0.033338567,0.861600147,1.333402949,1.022263649,1.013220549,1.03214624,0.854190331,1.169859336,0.605786768,0.799439704,0.006105516,5.136998123,0.588229295,0.271348181,1.171485808,1.009012165,1.01442696,0.06550214,0.1046876,0.597244642,1.584867912,0.994054112,0.97687563,1.038328835,2.443920075,3.682146915,2.006772501,2.754546687,0.019513374,24.1145566,1.644241931,0.355624594,3.587220234,0.0330000000000013
2021-11-17 21:20:01,19.867,20.467,30.5,2,0,1,50,28,9,"Condition 2.5-10","2.5","10",3501,1.0257634,1.06173758,0.170706029,0.274075888,0.160088475,2.407026986,0.998436785,0.959307357,1.080567161,4.323918994,6.856797964,3.927386897,5.322358163,0.039330087,46.93985729,2.307671459,0.445819277,6.314952895,1.022697891,1.023235602,0.018726631,0.033172832,0.769675583,1.264636217,1.022211506,1.013655555,1.032208638,0.835347375,1.170031685,0.598071243,0.81936605,0.012037633,6.283850988,0.626135067,0.203044719,1.160121989,1.010038095,1.015908335,0.068733898,0.109069659,0.512497367,1.547620273,0.993244861,0.97209178,1.037750283,2.274983087,3.307296387,1.83625013,2.400897393,0.007803285,20.28637642,1.536867489,0.35003923,3.41415266,0.132999999999999
2021-11-17 21:22:25,22.267,22.867,30.5,2.6,0,1,50,28,9,"Condition 2.5-10","2.5","10",3581,1.025166335,1.054657487,0.160161876,0.247696456,0.181460852,2.162290887,1.002558934,0.944453044,1.094781501,4.586516101,6.611767384,3.526041906,4.762948117,0.034525694,32.31578507,3.160503188,1.054333844,6.447200119,1.022959725,1.023424978,0.020370562,0.030860198,0.863757751,1.267567786,1.021957064,1.009320928,1.035334893,0.86928689,1.126395771,0.529684181,0.716415453,0.015543171,5.746409367,0.686624937,0.363008668,1.158121651,1.010513026,1.016022416,0.070391972,0.105679197,0.601104547,1.542962215,0.996773701,0.967188739,1.048225903,2.397325278,3.238653537,1.639195729,2.177850571,0.034733637,16.49542299,1.8261197,0.745974344,3.407111651,0.233000000000001
2021-11-17 21:23:37,23.467,26.667,30.5,3,0,1,50,28,9,"Condition 2.5-10","2.5","10",3594,1.021377007,1.050227103,0.159562581,0.24450483,0.287252764,2.556817488,0.997908993,0.927196316,1.095092394,4.576595006,6.818021984,3.723512534,5.054434907,0.024006794,37.75886976,2.997413867,0.759887152,6.527183218,1.023161323,1.023627139,0.018611896,0.030881929,0.828387207,1.223044409,1.022476061,1.013052116,1.032785857,0.89685287,1.175844205,0.585962942,0.760542905,0.007981407,4.37775844,0.690822314,0.315346964,1.248581565,1.008667565,1.013170161,0.062266801,0.095425639,0.728613616,1.492014589,0.994880658,0.97260628,1.038081085,2.201493212,3.045349019,1.57950354,2.104474022,0.01961078,14.38377033,1.652051024,0.56592661,3.169836635,1.533
2021-11-17 21:27:28,27.317,27.967,30.5,3.33333333333333,0,1,50,28,9,"Condition 2.5-10","2.5","10",4157,1.023969703,1.05377813,0.153450365,0.248896157,0.164823974,2.413636698,0.996868224,0.965388298,1.077125379,4.047984753,6.429206165,3.803074217,4.995449509,0.008428898,34.0918841,1.941650034,0.336716769,6.021827275,1.023129636,1.023763538,0.018892369,0.036025556,0.785087046,1.290368986,1.022209367,1.014650959,1.03169737,0.812412759,1.179413395,0.610160174,0.855089118,0.008219819,6.880809892,0.572379034,0.179786585,1.128529543,1.008445583,1.013838057,0.064932414,0.104440115,0.619720205,1.571212625,0.992677995,0.976096812,1.032015767,2.159589265,3.142448595,1.79961334,2.283070644,0.016464728,13.14603558,1.393590205,0.282625418,3.37989033,0.183
2021-11-17 21:29:55,29.767,30.367,30.5,4,1,1,50,28,9,"Condition 2.5-10","2.5","10",3492,1.025252108,1.059017187,0.166108556,0.265321837,0.1889925,2.370876835,0.996461496,0.95232898,1.086350789,4.406371283,6.883684939,3.885264787,5.289331196,0.024212428,45.7934047,2.459880138,0.541499991,6.346556275,1.022706236,1.023226833,0.018707312,0.032640627,0.739042958,1.256545235,1.022300614,1.01388497,1.032345916,0.952495797,1.439650248,0.697285789,1.079665921,0.011351606,14.0394914,0.681727657,0.245391383,1.253652256,1.011032824,1.017016637,0.070830915,0.110176882,0.514820407,1.559022026,0.992840796,0.971943966,1.041562665,2.406598975,3.756548513,1.922517646,2.884843504,0.002982417,30.39803084,1.657140971,0.396864765,3.406613193,NA
2021-12-29 17:20:20,2.4,2.8,5.5,2,0,1,51,28,9,"Condition 2.5-15","2.5","15",2429,1.036705671,1.086524614,0.224268616,0.325300867,0.270798831,2.551025981,1.007717672,0.902530582,1.16562775,5.673134526,7.856208172,4.038239772,5.43578155,0.030789401,38.3578706,4.258793367,1.543009871,7.738036488,1.027790287,1.028463198,0.024954157,0.037205438,0.859950398,1.241282561,1.026012889,1.011798543,1.044473476,1.27845303,1.729580298,0.828442468,1.165145909,0.011998547,9.057645415,0.954906837,0.498745717,1.681549597,1.015483785,1.021763894,0.077677987,0.11313447,0.486616338,1.503824126,1.001643333,0.967473077,1.061840002,2.86799354,3.724813906,1.782989289,2.377220896,0.028239905,17.14789479,2.335667145,1.10044375,3.951943753,0.1
2021-12-29 17:22:44,4.8,5.2,5.5,4,1,1,51,28,9,"Condition 2.5-15","2.5","15",2314,1.052102165,1.107864377,0.23558102,0.347126181,0.290550761,3.136626329,1.011609006,0.879769251,1.177228992,6.909204703,9.825027483,4.935436825,6.986784677,0.081935822,56.80188924,4.963527001,2.003820976,9.25411511,1.028925472,1.029682023,0.027390739,0.039472947,0.842373541,1.26010211,1.027396199,1.009025346,1.04817548,1.468269258,1.885372468,0.863963322,1.182970733,0.047112898,8.361059042,1.150986213,0.631942638,1.948945471,1.024240819,1.032569042,0.091846291,0.130908276,0.463075124,1.750542945,1.007151151,0.958700944,1.079671897,3.361388426,4.416129787,2.103634423,2.864754488,0.083512885,21.32801969,2.700076411,1.318122039,4.496596885,NA
2022-01-22 22:49:13,2.4,2.8,44.5,0,0,0,52,28,9,"Condition 1.5-15","1.5","15",2393,1.037158849,1.084938226,0.224270197,0.318488406,0.332351877,2.401546889,1.006222618,0.880681821,1.163012419,5.476544449,7.433065311,3.965475677,5.026776758,0.081160331,32.73456556,4.075991309,1.423357702,8.200074908,1.028174533,1.028703911,0.020105485,0.033004865,0.811272214,1.227116308,1.027686983,1.016808272,1.039133574,1.110794931,1.60269382,0.780249885,1.15556062,0.010337328,9.445138113,0.788869174,0.348231357,1.425943946,1.03877164,1.047858356,0.099834064,0.137726329,0.560410991,1.536680705,1.017682648,0.96969971,1.106644315,2.994575232,3.886353846,1.895471304,2.477666604,0.0378748,16.19571722,2.560442639,1.102667896,4.269532005,0.1
2022-01-22 22:51:37,4.8,5.217,44.5,0,0,0,52,28,9,"Condition 1.5-15","1.5","15",2366,1.041854484,1.083071899,0.205633666,0.296008454,0.212792588,2.349834651,1.006100867,0.887733918,1.13836799,5.863318903,7.811394612,3.948044676,5.162426368,0.050989056,32.70005685,4.588287586,1.770154277,8.363374587,1.029804044,1.030303018,0.0222741,0.032068276,0.916610696,1.181829113,1.027022041,1.01315436,1.042956715,1.142095089,1.45783156,0.688690536,0.906222331,0.013818814,6.300262734,0.893584865,0.488824905,1.568186406,1.04277952,1.052475478,0.095286571,0.1425626,0.477596141,2.015506857,1.025423711,0.97998622,1.097304169,3.149252795,4.295845406,2.030842154,2.922345911,0.049329766,31.35188335,2.414221024,1.19529679,4.218232665,0.2
2022-01-22 22:54:26,7.617,8,44.5,0,0,0,52,28,9,"Condition 1.5-15","1.5","15",2384,1.049080255,1.10272898,0.232631256,0.339838589,0.263252828,2.66856271,1.007398005,0.889278152,1.173779513,5.913472201,8.095615604,4.191945664,5.530160235,0.063041071,35.47041413,4.400309923,1.758025596,8.196150759,1.02975752,1.03039279,0.022963472,0.036184243,0.870724893,1.337025019,1.028916007,1.016082724,1.043201085,1.279344511,1.750189607,0.818487113,1.194587847,0.016434791,9.919552508,0.938829865,0.505232862,1.650949956,1.044758933,1.053517279,0.092909198,0.135591818,0.471980117,1.60548298,1.028777683,0.984879758,1.098584139,3.216441306,4.210252648,2.046462118,2.717320598,0.046256342,19.77095598,2.517421922,1.186746844,4.491939955,0.117
2022-01-22 22:56:42,9.883,10.283,44.5,0,0,0,52,28,9,"Condition 1.5-15","1.5","15",2466,1.046056636,1.089263799,0.210750394,0.303806794,0.177229043,2.523259706,1.004495665,0.899708056,1.156556211,6.160216558,8.518678846,4.448319773,5.885037927,0.017168391,38.1829179,4.440485438,1.750339617,8.683777499,1.030056074,1.030900666,0.026343251,0.041729763,0.778237726,1.280461484,1.02778975,1.015684913,1.044264875,1.302033252,1.813749648,0.849261632,1.262950622,0.029944239,11.66268569,0.973041527,0.497979851,1.691718933,1.042629335,1.052325865,0.100029031,0.142555387,0.181821863,1.747605518,1.020652136,0.971370753,1.104417337,3.322143494,4.638211811,2.149013711,3.237379061,0.015901978,28.8386237,2.617346229,1.238612221,4.257718405,0.117000000000001
2022-01-22 22:59:07,12.3,12.75,44.5,0.461538461538462,0,0,52,28,9,"Condition 1.5-15","1.5","15",2905,1.026504697,1.06038971,0.17790752,0.265967656,0.286044829,2.422427119,0.996806235,0.906423411,1.114679997,4.514814487,6.284565181,3.355272928,4.372504233,0.025094232,33.2715736,3.229624717,1.216693763,6.582827505,1.029376342,1.030088854,0.023794122,0.038313151,0.818542237,1.248285874,1.027100535,1.01525028,1.039903882,1.098275141,1.575435571,0.742498109,1.129702804,0.014586933,12.83670571,0.820274455,0.388570099,1.403403445,1.035440101,1.042113841,0.082940051,0.117770238,0.622940499,1.509696589,1.013623156,0.981855471,1.083042746,2.426319909,3.170613582,1.555727071,2.041371395,0.016618413,16.0912419,2.036054849,0.911736255,3.407989062,0.199999999999999
2022-01-22 23:01:58,15.15,15.533,44.5,1,0,0,52,28,9,"Condition 1.5-15","1.5","15",2335,1.044123773,1.094425563,0.23466534,0.328053271,0.323686745,2.398517671,1.01253466,0.872980223,1.181654681,6.126464129,8.342091193,4.220636468,5.663096627,0.051340171,37.36013856,4.708565525,1.734965437,8.282675791,1.029717242,1.030691821,0.027011464,0.04482067,0.605795048,1.387358504,1.02794903,1.013043032,1.045799579,1.337398409,1.849415224,0.860379926,1.277654713,0.04140061,15.24795268,0.976577631,0.530190447,1.756752625,1.043541119,1.051019185,0.091374353,0.125179751,0.591521296,1.560081461,1.025262009,0.976174567,1.103585465,3.111547564,4.10792513,1.904060923,2.6826114,0.034960755,18.219581,2.526019051,1.269721902,4.078241146,0.15
2022-01-22 23:03:57,17.133,18.133,44.5,1,0,0,52,28,9,"Condition 1.5-15","1.5","15",2471,1.04229493,1.095272905,0.219895169,0.336585596,0.134324596,3.036513163,1.016525605,0.896404894,1.139662225,5.965015415,8.181337597,4.232737882,5.600497709,0.07581137,41.9730934,4.207926828,1.835166799,8.334571803,1.030664019,1.031794742,0.031499034,0.048301281,0.770202959,1.332584933,1.027615384,1.009098649,1.048108148,1.490983836,1.959852086,0.856648922,1.272258906,0.047686688,11.67205088,1.168311736,0.687087202,1.924900011,1.04584603,1.055625886,0.100927168,0.143389022,0.529564025,1.765900937,1.022821079,0.972049171,1.099772004,3.477713911,4.465439753,2.111354305,2.801577378,0.056427194,18.24506396,2.791536439,1.39409578,4.730006609,0.367000000000001
2022-01-22 23:06:57,20.133,20.533,44.5,1,0,0,52,28,9,"Condition 1.5-15","1.5","15",2387,1.042635929,1.095824244,0.231554708,0.337325902,0.229113033,2.523825732,1.012647284,0.883004223,1.157444274,6.118807526,8.291079065,4.177881222,5.5960085,0.151067892,43.74950838,4.481540216,1.974502499,8.40437078,1.030713948,1.031554072,0.025734969,0.041632759,0.826823162,1.418701855,1.028611016,1.012873702,1.044908049,1.292819655,1.72719685,0.76784122,1.145589948,0.034565817,9.192042958,0.988298726,0.585990911,1.621003516,1.043496455,1.05314116,0.097450937,0.142231948,0.458147232,2.054936815,1.022208105,0.976467275,1.099252327,3.266967478,4.273356514,1.97289865,2.755300556,0.038418101,25.79823547,2.618441904,1.345574655,4.421078479,0.132999999999999
2022-01-22 23:09:29,22.667,23.067,44.5,1,0,0,52,28,9,"Condition 1.5-15","1.5","15",2431,1.043759708,1.086878374,0.218048694,0.303163451,0.374426015,2.28849402,1.004949173,0.889326279,1.172714241,5.627732394,7.671331041,3.956388238,5.214320376,0.054787911,37.92867158,4.209314573,1.725007792,7.780850195,1.028805763,1.029437242,0.022421418,0.036059291,0.826497334,1.199028153,1.028402819,1.01669477,1.041746471,1.145495854,1.517517608,0.737514535,0.995543471,0.007589377,6.878809375,0.868049512,0.43182475,1.511075002,1.041900102,1.04902652,0.086082602,0.122094018,0.63735397,1.557771862,1.020174473,0.988418804,1.091788584,2.822945104,3.613327483,1.710000846,2.255927917,0.016807179,16.02219925,2.47306055,1.056102577,3.942376063,0.167000000000002
2022-01-22 23:11:58,25.15,25.55,44.5,1,0,0,52,28,9,"Condition 1.5-15","1.5","15",2433,1.049708007,1.101860293,0.222148958,0.335045285,0.11484219,3.371717,1.020438384,0.872854019,1.168076842,6.622408105,9.149076855,4.585026759,6.313929865,0.122385959,45.25487512,4.703387706,2.241379163,8.781924974,1.029533529,1.030383603,0.029419837,0.041854517,0.873521076,1.241061406,1.027892977,1.007906438,1.049863275,1.395132159,1.796125702,0.753003843,1.131459321,0.029710648,13.59312166,1.141824731,0.69634683,1.763045298,1.046767672,1.056741327,0.098110292,0.144873388,0.42202988,2.175147733,1.027350518,0.978330898,1.100132371,3.685825818,4.989081548,2.176281915,3.363074983,0.105665533,39.65200379,2.981580679,1.584457733,4.723405065,0.149999999999999
2022-01-22 23:14:13,27.4,27.8,44.5,1.4,0,0,52,28,9,"Condition 1.5-15","1.5","15",2417,1.038204637,1.081480306,0.214682265,0.302933577,0.225155706,2.287772142,1.004238872,0.881833163,1.148342324,5.681700903,7.864945609,4.10936243,5.439475243,0.016250774,36.98454054,4.368667151,1.343508598,8.054711122,1.028654963,1.029242865,0.020905514,0.03479,0.788295839,1.286525659,1.027810061,1.016566514,1.040622947,1.120127832,1.576480488,0.77256503,1.109555739,0.042622157,9.781618246,0.784314866,0.378860621,1.464086632,1.040694966,1.049107107,0.092373495,0.132615937,0.500119293,1.556073762,1.018922867,0.978340478,1.100983789,2.906669764,3.784368591,1.896975752,2.423870517,0.030030581,14.36430102,2.37353004,0.994882186,4.155011188,0.100000000000001
2022-01-22 23:16:37,29.8,30.217,44.5,2,0,0,52,28,9,"Condition 1.5-15","1.5","15",2439,1.033982954,1.068633827,0.188146157,0.269976652,0.360719281,2.195389833,1.005818968,0.906388804,1.130843577,5.375630215,7.359557434,3.65112448,5.027529509,0.061722125,47.98618525,4.05814785,1.740286227,7.371178347,1.029537196,1.030288497,0.024029633,0.039346955,0.859277877,1.300237875,1.028714339,1.013658072,1.042915003,1.228519553,1.693828095,0.822194476,1.166340988,0.036599338,8.150859147,0.85091571,0.459436731,1.568515078,1.040988754,1.047718562,0.087677231,0.118584848,0.663039372,1.476195887,1.021425422,0.974155443,1.100299306,2.911721711,3.657502503,1.70763832,2.213868012,0.055026788,15.5253933,2.489188828,1.177963247,4.057378644,0.199999999999999
2022-01-22 23:19:25,32.6,33,44.5,2.58333333333333,0,0,52,28,9,"Condition 1.5-15","1.5","15",2398,1.039477699,1.078195498,0.208250207,0.286401554,0.277089275,2.420233488,1.01520563,0.875803782,1.170714839,5.691124377,7.261010141,3.420603285,4.510194893,0.028005455,31.11431173,4.74167727,2.328459624,7.951301113,1.029157774,1.02978043,0.022743664,0.035812634,0.75986813,1.214097218,1.028521844,1.015605341,1.043248423,1.198321039,1.598546408,0.72875506,1.058227051,0.042522078,8.487254388,0.909318585,0.525120056,1.508739491,1.041015751,1.048698813,0.092322971,0.126736358,0.498464985,1.474505955,1.027924606,0.976197008,1.103204135,2.883407363,3.549100339,1.526907544,2.069749349,0.046162277,16.72540361,2.557092431,1.396431054,3.834949473,0.100000000000001
2022-01-22 23:21:50,35.017,35.4,44.5,3,0,0,52,28,9,"Condition 1.5-15","1.5","15",2445,1.032710791,1.069118564,0.196426153,0.276684365,0.260296987,2.486542492,1.021536022,0.868629035,1.145941441,5.195955665,6.884991792,3.307457701,4.518131162,0.052946292,37.43095434,4.207952748,1.848667287,6.904623959,1.028997952,1.02949631,0.020504143,0.032035725,0.828917212,1.237921111,1.02806016,1.014934121,1.04156556,1.022082393,1.339616492,0.619661212,0.866156392,0.036534739,6.38168422,0.783616122,0.44164312,1.314053336,1.038342305,1.044950934,0.082648169,0.117359903,0.579118918,1.664609881,1.025912653,0.980669225,1.083711854,2.66288935,3.467189061,1.50509886,2.22090938,0.029400901,19.68955302,2.172068387,1.252549385,3.372365467,0.017000000000003
2022-01-22 23:24:10,37.35,37.75,44.5,3,0,0,52,28,9,"Condition 1.5-15","1.5","15",2427,1.043255744,1.091234371,0.218609811,0.320081426,0.179559305,2.921913226,1.006379809,0.870716153,1.134728581,6.538228008,9.139106201,4.568449648,6.386834195,0.074522923,59.19584964,4.683877236,2.1303401,8.841178569,1.030567382,1.031316002,0.027260031,0.039296345,0.85531455,1.218632894,1.028626458,1.011485412,1.048062973,1.308661089,1.674733856,0.765235154,1.045270304,0.015839462,8.645469182,1.037144512,0.579627326,1.709796126,1.042640687,1.051003993,0.093119397,0.132351838,0.714041447,1.7678281,1.023064773,0.970580587,1.100505885,3.234286022,4.259549899,1.988654395,2.772422693,0.128358483,27.32714634,2.530085104,1.304365008,4.305352227,0.149999999999999
2022-01-22 23:26:38,39.817,40.217,44.5,3,0,0,52,28,9,"Condition 1.5-15","1.5","15",2382,1.056059176,1.111314336,0.243974483,0.346134178,0.05198749,2.832583676,1.025749601,0.85030885,1.186474752,7.020842201,9.070597256,4.17294281,5.744333555,0.286678491,38.61197137,5.614638871,3.118262784,9.191059078,1.030776188,1.03166095,0.03005807,0.042726254,0.836473358,1.21838544,1.030679883,1.009374197,1.050450579,1.47958986,1.858801945,0.795338056,1.12538457,0.059442922,8.431589903,1.195047947,0.727443849,1.861456805,1.047534099,1.057408611,0.102787576,0.144201287,0.536044325,1.864367733,1.033237096,0.96667126,1.110052868,3.819335252,4.783876921,2.10406892,2.881257235,0.287379075,23.77423188,3.200574343,1.79489526,5.028671199,0.183
2022-01-22 23:29:26,42.617,43.05,44.5,3,0,0,52,28,9,"Condition 1.5-15","1.5","15",2433,1.037562213,1.074439389,0.196692742,0.279135593,0.161444583,2.555281645,1.014988312,0.894236187,1.149254024,5.858702215,7.795108778,3.667993947,5.14297629,0.176549644,36.63341874,4.485307201,2.344099963,7.543880294,1.029746721,1.03043731,0.025431515,0.037726966,0.859670733,1.26761541,1.028304477,1.009551382,1.04600251,1.276613827,1.565623324,0.631265374,0.906516095,0.05597527,6.930756577,1.048415764,0.698606951,1.569856034,1.041365606,1.048327187,0.087218816,0.120638088,0.616789283,1.56414328,1.029620042,0.971520525,1.094907837,3.044390571,3.835594161,1.668143532,2.33360404,0.064283249,16.89306964,2.51812575,1.43170594,3.881440245,0.116999999999997
2022-01-22 23:31:06,44.283,44.5,44.5,3,0,0,52,28,9,"Condition 1.5-15","1.5","15",2498,1.033902193,1.069348284,0.199454239,0.273096803,0.308889578,2.267916334,1.015511158,0.878616083,1.163627113,5.112334579,6.579991527,3.079144692,4.143331845,0.135965996,33.00992002,4.090768712,2.104721961,6.809487027,1.03027346,1.03098214,0.026112973,0.038227688,0.786970891,1.211802312,1.029232015,1.01033268,1.046114986,1.310820228,1.722152114,0.730055175,1.117165188,0.033427457,10.16206678,1.026905344,0.632629709,1.615438338,1.039877115,1.046604891,0.083889934,0.118503191,0.366863373,1.517066129,1.029955973,0.976105464,1.09156021,2.957531938,3.853774857,1.716734452,2.471240827,0.03607849,22.75535928,2.259854098,1.344571277,3.689066,NA
2021-11-08 21:22:49,2.4,2.967,44,0.571428571428571,0,1,53,29,10,"Condition 2.5-10","2.5","10",3230,1.010382858,1.030279204,0.132356556,0.201529883,0.370197368,2.344306234,0.99653492,0.928942444,1.080841405,4.123380202,5.471832959,2.743863933,3.597596407,0.112052064,25.00592279,2.988437941,1.506699577,5.70118059,1.018626246,1.023313988,0.06521574,0.097852199,0.601844947,1.585590133,1.010309438,0.975359607,1.057974028,2.728232284,3.521855544,1.645629232,2.227498978,0.092205767,14.42329658,2.055902539,1.169876775,3.540684504,1.0202009,1.020582299,0.019238239,0.027903266,0.818812872,1.208253987,1.019511982,1.006637989,1.033715767,1.129626749,1.380637584,0.583754892,0.793913564,0.060145351,6.193742698,0.927041221,0.576391685,1.435817545,0.1
2021-11-08 21:24:34,4.15,6.083,44,1,0,1,53,29,10,"Condition 2.5-10","2.5","10",3484,1.019084565,1.049488952,0.155114482,0.250822183,0.241496469,2.719174437,0.997238513,0.924496663,1.088183215,4.39972926,6.506747429,3.377256597,4.794449316,0.031313616,43.05047692,2.856044628,1.178297867,5.885051732,1.016574014,1.023324198,0.079132393,0.11736116,0.648715816,1.70781629,1.000238985,0.967369996,1.059972646,2.973562451,4.193469732,2.104052882,2.957300406,0.028670194,25.51308355,2.01743653,1.018157789,3.821691156,1.020983255,1.022371999,0.02901709,0.053277687,0.726174838,1.382549513,1.019765968,1.006375311,1.034402384,1.254514668,1.669669138,0.780515035,1.101969431,0.023460472,13.3350501,0.945406499,0.510314297,1.654778506,0.85
2021-11-08 21:27:41,7.267,10.7,44,1.75,0,1,53,29,10,"Condition 2.5-10","2.5","10",3615,1.01648613,1.04675306,0.152296502,0.249930381,0.356329124,2.902979672,0.994011289,0.924491086,1.082304873,4.476692914,6.615774582,3.355182823,4.871782136,0.032790136,41.33348674,3.162976636,1.082689322,5.95249801,1.018708786,1.024687306,0.075690728,0.110543502,0.69340237,1.619740431,0.997899241,0.971136889,1.055743198,3.055192804,4.56362317,2.227916728,3.390521233,0.04655916,28.77911167,2.070469922,0.929046712,3.920836865,1.020693845,1.021340315,0.022549419,0.036338398,0.843056779,1.245680261,1.019533595,1.007718043,1.032422892,1.226292636,1.664391324,0.819851988,1.125502271,0.009087088,8.153604116,0.871607701,0.446672069,1.635835797,0.233
2021-11-08 21:31:07,10.7,11.367,44,2,0,1,53,29,10,"Condition 2.5-10","2.5","10",4222,1.011827881,1.033091491,0.131261267,0.208548961,0.380949219,2.577947385,0.997608112,0.951704968,1.072857337,3.822322576,5.716416519,3.079599019,4.251064489,0.03228099,33.73902283,2.296439729,0.882871084,5.387437682,1.011814238,1.016653644,0.06666836,0.099090393,0.56819902,1.575687654,0.999477272,0.970269328,1.048738056,2.644671616,3.76160205,1.897902532,2.675267764,0.012100768,23.7988949,1.813200014,0.824425509,3.554391151,1.020879641,1.021695953,0.024964633,0.040838388,0.739828218,1.292204366,1.019747803,1.006266351,1.035245071,1.167743891,1.603286904,0.745733464,1.098721574,0.01929743,12.32107173,0.85427722,0.460527028,1.513225757,0.699999999999999
2021-11-08 21:33:00,12.583,14.4,44,2,0,1,53,29,10,"Condition 2.5-10","2.5","10",3204,1.011724809,1.034921788,0.14282468,0.217923929,0.402554197,2.111153481,0.991294007,0.938914369,1.074018557,4.144974117,6.148671655,3.504736481,4.542223474,0.025174719,33.65743798,2.659661883,0.531246344,6.346090652,1.012847713,1.017548168,0.066210016,0.097707542,0.642696041,1.498975965,0.996947383,0.980715043,1.047330012,2.450683875,3.424512621,1.870706638,2.392325661,0.013177162,15.28132964,1.826065423,0.460236361,3.653803165,1.020042893,1.020404184,0.015824604,0.027155575,0.815238198,1.198299709,1.02004212,1.011914173,1.029018076,0.913371557,1.310542437,0.651162403,0.939973259,0.027121448,8.98250839,0.635657329,0.268862322,1.211961091,0.0830000000000002
2021-11-08 21:35:23,14.967,15.55,44,2,0,1,53,29,10,"Condition 2.5-10","2.5","10",3636,1.011610874,1.035792863,0.139699335,0.222539692,0.158378169,2.354317113,0.991224597,0.938139711,1.05674432,4.249281836,6.140526295,3.386759026,4.433404361,0.070681516,38.54337161,2.781062437,0.815628496,6.374855334,1.01311231,1.019373779,0.073021767,0.112826632,0.594991461,1.628184796,0.996080608,0.970441938,1.039923989,2.630249217,3.70197092,1.94006015,2.60542611,0.048635012,18.25159068,1.753547359,0.723211694,3.661052508,1.021360151,1.021936723,0.02072337,0.034328293,0.851663281,1.344316436,1.020173768,1.008729412,1.032526073,1.103872045,1.49504578,0.710718915,1.008418637,0.036692463,7.394881727,0.806946915,0.424948975,1.402180845,0.0329999999999995
2021-11-08 21:37:10,16.75,18.25,44,2,0,1,53,29,10,"Condition 2.5-10","2.5","10",3625,1.017578467,1.045227706,0.147781479,0.238853008,0.134136613,2.531749728,0.997483362,0.936666348,1.089655142,4.49225846,6.651019852,3.580147562,4.905335738,0.035183471,49.43440151,2.959980102,0.869860321,6.52283121,1.014513141,1.020293972,0.069443874,0.108471752,0.57916656,1.67310337,0.999786312,0.977417427,1.046797592,2.790506083,3.980595537,2.058905534,2.839091548,0.049130086,21.28114088,1.900310019,0.739543963,3.740163472,1.020440733,1.021029913,0.021684899,0.034686083,0.818243198,1.221185486,1.019726024,1.007704522,1.031744458,1.134651538,1.533095124,0.748696614,1.031135265,0.030117686,8.846429008,0.843465379,0.400379656,1.494178541,0.75
2021-11-08 21:40:28,20.05,20.65,44,2,0,1,53,29,10,"Condition 2.5-10","2.5","10",3628,1.014406067,1.035562876,0.131898914,0.208285283,0.303726492,2.967853351,0.99369069,0.93575095,1.079521657,4.430997372,6.568214934,3.477230928,4.849143513,0.037750227,67.19683169,3.010718596,0.886744695,6.414126031,1.012534489,1.017901506,0.068229643,0.104404924,0.643560507,1.542440415,0.998698586,0.975995517,1.048848582,2.685430412,3.653813555,1.956366255,2.478005246,0.013829769,13.56997125,1.950651538,0.674073584,3.935733109,1.020640333,1.021253608,0.020303008,0.035391922,0.768216057,1.316781176,1.019639212,1.009941527,1.030821163,1.071248311,1.525719261,0.724163841,1.086541217,0.020185396,12.14526735,0.789844075,0.349741765,1.438930051,0.0500000000000007
2021-11-08 21:42:52,22.45,23.05,44,2.5,0,1,53,29,10,"Condition 2.5-10","2.5","10",3650,1.014206903,1.039121843,0.14332918,0.226213576,0.249163714,2.376335127,0.995620635,0.940394693,1.07452142,4.245245909,6.068067158,3.282462823,4.33641321,0.014432466,29.0028728,2.969407444,0.921082193,6.268261501,1.013489976,1.019193897,0.071020695,0.107691434,0.690505377,1.649385114,0.997016256,0.970707406,1.048714718,2.718830709,3.772212792,1.923270415,2.615229102,0.030281597,20.20338369,1.969944557,0.794494449,3.797859903,1.020033664,1.020898632,0.022445512,0.042021739,0.684654159,1.497466996,1.019020162,1.005650376,1.030428296,1.222668878,1.880758889,0.827220592,1.429298662,0.021586576,19.60590303,0.889177171,0.436500791,1.473037089,0.0500000000000007
2021-11-08 21:45:16,24.85,25.45,44,3,0,1,53,29,10,"Condition 2.5-10","2.5","10",3596,1.017197916,1.039364041,0.13811891,0.2135385,0.408885322,2.505123087,0.996728389,0.931015623,1.085135554,4.375650018,6.33957645,3.207923044,4.588003027,0.042402185,51.66402527,3.037983671,1.209458731,5.896108018,1.013683147,1.018763904,0.067967507,0.101632874,0.672054456,1.64496681,0.998552835,0.970803676,1.049086558,2.719603835,3.685753426,1.843933125,2.488022348,0.013195089,17.919706,2.017866989,0.926779713,3.737075877,1.020491268,1.021090564,0.021047028,0.034983601,0.846326109,1.430573374,1.018804938,1.006650924,1.031551597,1.113112794,1.505502196,0.69742801,1.013806031,0.018184412,11.21665016,0.858750806,0.43381266,1.476824721,0.149999999999999
2021-11-08 21:48:01,27.6,28.167,44,3,0,1,53,29,10,"Condition 2.5-10","2.5","10",3212,1.019875572,1.044759261,0.152080373,0.226697444,0.35115388,2.10137878,0.996899745,0.930100165,1.096486825,4.832258062,6.715399521,3.515533643,4.663973323,0.036959097,35.98449746,3.368410247,1.430027897,6.808447825,1.014296134,1.020648687,0.075967986,0.113715082,0.584419558,1.758236656,1.002901068,0.966302395,1.059426964,2.971553145,3.95026281,1.955590753,2.603182397,0.037682575,16.18049098,2.193936572,1.110526238,4.024922634,1.021098336,1.021869909,0.025678557,0.039708829,0.787487043,1.254088094,1.019887909,1.005007761,1.037017823,1.304251161,1.680292924,0.76616834,1.059557854,0.017630054,9.330514419,1.018933652,0.592904206,1.719467603,0.100000000000001
2021-11-08 21:50:25,30,30.6,44,3,0,1,53,29,10,"Condition 2.5-10","2.5","10",4185,1.019878879,1.039744656,0.133664724,0.202301263,0.321984492,2.271576761,0.999821992,0.937545283,1.089777467,4.529247119,6.572204322,3.307830351,4.762899546,0.030812324,39.43393311,3.168972069,1.294191052,6.041278084,1.013578547,1.018150222,0.066411339,0.096387874,0.570989729,1.616912023,1.00248083,0.971012962,1.053977464,2.595951481,3.368952311,1.600846981,2.147551599,0.04364757,17.00909742,2.141684619,0.998513711,3.602942959,1.020575935,1.021274911,0.023828113,0.037782858,0.79834271,1.363973903,1.020051548,1.005597995,1.035490352,1.199401304,1.549889629,0.709018536,0.981745758,0.022147514,9.938418213,0.939822207,0.538735766,1.599557768,0
2021-11-08 21:52:49,32.4,33.1,44,3,0,1,53,29,10,"Condition 2.5-10","2.5","10",4219,1.017647102,1.035639712,0.118917018,0.192230973,0.311005634,2.052378975,0.99477538,0.960709124,1.06305581,4.197935626,6.202866235,3.546278479,4.567037438,0.019721776,27.12058193,2.381616826,0.769976174,6.240039718,1.009458326,1.014243375,0.063028982,0.098416492,0.622424203,1.705037792,0.995390102,0.976189231,1.033841846,2.407428068,3.464759955,1.833975086,2.492052162,0.016756891,21.43615364,1.685554913,0.534937564,3.41728277,1.020261125,1.020762791,0.019887852,0.032002427,0.847303512,1.221027576,1.019465532,1.01015491,1.030782458,1.056983536,1.423596079,0.722328329,0.95374381,0.012339456,7.026658378,0.81875177,0.297296274,1.477409775,0.100000000000001
2021-11-08 21:54:07,33.7,36.417,44,3,0,1,53,29,10,"Condition 2.5-10","2.5","10",3144,1.012113648,1.032689955,0.13311477,0.205153343,0.21302513,1.999096155,0.99442491,0.924217976,1.070893247,4.262583333,5.886747611,3.065536847,4.060717567,0.019796065,33.02152944,3.144838619,1.156562649,6.00825103,1.014370599,1.019223155,0.065597183,0.099354251,0.605364312,1.698740556,0.999236105,0.975172218,1.048237573,2.601927401,3.605150901,1.818303503,2.49581023,0.03760099,21.73141897,1.872156141,0.803769836,3.585979735,1.020923148,1.02174067,0.02121953,0.040871182,0.672529577,1.553575004,1.020058044,1.009262749,1.031567755,1.063497887,1.64908104,0.733005598,1.260534042,0.025088247,17.18495003,0.738086686,0.366825519,1.292675727,1.3
2021-11-08 21:58:08,37.717,39.567,44,3,0,1,53,29,10,"Condition 2.5-10","2.5","10",4164,1.011382634,1.030882935,0.122378804,0.199585468,0.205870259,2.369569792,0.993004093,0.959031819,1.054667754,3.865353746,5.746426884,3.219034917,4.252623488,0.018301032,31.5415239,2.373021847,0.630473173,5.721634649,1.009291543,1.014862072,0.065431461,0.106199405,0.43020575,1.559608847,0.995304632,0.979002927,1.033589993,2.437198274,3.635627025,1.949304624,2.698072845,0.015324409,19.27738989,1.590703082,0.479900566,3.456490371,1.02031264,1.020848822,0.019029549,0.0330862,0.84709145,1.370116951,1.019458319,1.010234791,1.029046041,1.01987913,1.451021095,0.734628026,1.032261953,0.01083603,9.78168302,0.698953467,0.301449906,1.374468271,0.216999999999999
2021-11-08 22:00:34,40.15,40.767,44,3,0,1,53,29,10,"Condition 2.5-10","2.5","10",3601,1.020904792,1.042441999,0.132508312,0.210834223,0.196263184,2.399274949,0.996451178,0.942422727,1.078005585,4.980411771,7.289228562,3.939455687,5.323177885,0.008544002,41.99723601,3.249000307,1.040619307,7.260308436,1.014309231,1.020182929,0.073228915,0.10933121,0.606330161,1.67360698,0.998529737,0.968455696,1.051358059,2.937820511,4.103697314,2.095459373,2.865627915,0.006770668,22.8222698,2.099609943,0.86414513,4.064080459,1.020662727,1.02122303,0.022396472,0.033828878,0.835441591,1.301419232,1.01955304,1.006108508,1.035006935,1.217537188,1.583863957,0.746901612,1.013169963,0.012893114,7.355430654,0.953784999,0.509119232,1.607464723,0.149999999999999
2021-11-08 22:02:59,42.567,43.167,44,3.6,0,1,53,29,10,"Condition 2.5-10","2.5","10",3591,1.013573386,1.032190542,0.12657561,0.195184311,0.296449091,2.474060769,0.99683281,0.940356808,1.085534524,4.326365928,6.266101806,3.191228606,4.533466067,0.054110262,40.86648394,3.067117031,1.112712714,6.144107758,1.01104513,1.016926842,0.069532487,0.10923035,0.51321608,1.646662623,0.998777799,0.968988151,1.047662309,2.680735853,3.810935329,1.875213792,2.709045523,0.017885594,21.60564338,1.882307119,0.94879829,3.373674234,1.019692317,1.020261375,0.022696895,0.034076019,0.833828294,1.219999241,1.019455935,1.005359066,1.033010683,1.14040984,1.46891743,0.689770859,0.925971193,0.045405321,6.972764353,0.899596662,0.470765687,1.489527639,0.0670000000000002
2021-11-08 22:04:11,43.767,44,44,4,1,1,53,29,10,"Condition 2.5-10","2.5","10",3553,1.018814924,1.037221625,0.131875432,0.194564907,0.39444334,1.916111151,1.001254007,0.943908308,1.093838949,4.772752598,6.784704588,3.565148277,4.822820471,0.023459891,39.71926303,3.371967877,1.191808302,6.805350886,1.013642476,1.019482142,0.074200578,0.108977579,0.646045565,1.667305584,1.000381646,0.965723835,1.051412795,2.835173692,3.778554438,1.925200767,2.498203518,0.02439247,13.8000854,2.088070121,0.943067924,3.911912259,1.020365778,1.021102187,0.023835089,0.038778601,0.845388626,1.451795757,1.018696271,1.003658826,1.033208255,1.180374352,1.532101007,0.696005244,0.976892295,0.011135759,11.0451896,0.939525461,0.511888002,1.592928386,NA
2021-11-12 21:16:25,2.417,2.817,40.5,0.454545454545455,0,1,54,29,10,"Condition 1.5-15","1.5","15",2354,1.039762146,1.075270446,0.201961091,0.274104229,0.351987145,2.209283911,1.009078858,0.895524111,1.193565122,6.286432366,8.037897298,3.704837887,5.009912973,0.020221475,35.88608624,5.235462096,2.703277087,8.42928262,1.020703599,1.021186692,0.020605838,0.031414045,0.842798883,1.184189851,1.020539823,1.008217287,1.034009863,1.196395436,1.495104014,0.663343954,0.896836551,0.023298253,7.511224802,0.959817378,0.562839488,1.558747508,1.005906016,1.013342383,0.084405108,0.122565306,0.456525463,1.528416417,0.997005467,0.957801296,1.057366711,3.326216626,4.312746694,2.029240177,2.745773319,0.120296505,22.44309524,2.5598024,1.425707601,4.466162296,0.0830000000000002
2021-11-12 21:18:49,4.817,5.217,40.5,1,0,1,54,29,10,"Condition 1.5-15","1.5","15",2419,1.030472886,1.066864593,0.200474876,0.276328171,0.330060293,2.146041297,1.004407594,0.871920219,1.152770171,5.82990214,7.623591727,3.721396199,4.913387415,0.066542099,38.53552817,4.689880378,2.062877619,8.271352977,1.019421357,1.019875628,0.019640872,0.030442996,0.859566823,1.212592639,1.019975297,1.007998128,1.03204293,1.145008877,1.452417397,0.634995298,0.893756858,0.018734984,7.541900498,0.915732329,0.554975384,1.433595561,1.006232335,1.013121272,0.083992157,0.117970132,0.568977187,1.502896584,0.99948288,0.957953743,1.066660505,3.228317984,4.039062201,1.887366555,2.427843526,0.026825857,14.90239009,2.62787872,1.376965604,4.454447416,0.183
2021-11-12 21:21:17,7.283,7.733,40.5,1,0,1,54,29,10,"Condition 1.5-15","1.5","15",2453,1.027891518,1.061043719,0.193827468,0.263212926,0.398203304,2.100990535,1.001827605,0.876848513,1.161808531,5.824750323,7.468584205,3.433008104,4.675569405,0.250284756,33.96158855,4.836410554,2.378920604,7.656220842,1.02114782,1.021682184,0.020786129,0.033046348,0.861863216,1.256858386,1.020518804,1.006737803,1.032771937,1.169794231,1.445584652,0.616542923,0.849464966,0.023919156,7.081480041,0.951051053,0.612803486,1.515587223,1.006040564,1.012270942,0.078756129,0.112160468,0.597044566,1.567502225,0.996373057,0.952500645,1.05332388,3.191237954,4.105241806,1.851485786,2.58296952,0.081700374,25.41318904,2.566636472,1.442479529,4.151680844,0.217
2021-11-12 21:24:10,10.167,10.55,40.5,1,0,1,54,29,10,"Condition 1.5-15","1.5","15",2366,1.031105954,1.064728345,0.196492072,0.265512252,0.246497277,2.434367654,1.005253447,0.870848172,1.169960217,6.005573012,7.772783387,3.602614191,4.935539931,0.113382224,48.27781406,4.695395704,2.540110566,8.314748047,1.02110944,1.021658007,0.022986865,0.033482361,0.819391949,1.191798138,1.021235641,1.004726657,1.035856495,1.300941336,1.598059477,0.6802263,0.928283411,0.103817611,7.346090313,1.077853556,0.640999033,1.687099875,1.005410957,1.012607681,0.083812027,0.120537396,0.381155435,1.593324501,1.003353421,0.949559931,1.062130943,3.442907082,4.427330791,2.022722785,2.784048509,0.153525948,20.54104374,2.666513125,1.530714588,4.557319886,0.167
2021-11-12 21:26:36,12.6,13.067,40.5,1,0,1,54,29,10,"Condition 1.5-15","1.5","15",2774,1.022526393,1.048022679,0.167236071,0.229805022,0.39423354,2.201860831,1.005443899,0.899619292,1.137980567,4.765307305,6.371651828,3.111338307,4.230395614,0.063439708,35.77781564,3.752510607,1.643159613,6.457557146,1.020404493,1.020849657,0.020847703,0.03014995,0.895481735,1.14731002,1.020541854,1.006693631,1.033734256,1.120437124,1.390619652,0.634834057,0.823825477,0.02261393,5.069294436,0.912934496,0.518881309,1.504176297,1.003098999,1.00853833,0.07189008,0.104622692,0.44470748,1.417853796,0.995814667,0.959541176,1.048256678,2.824155758,3.775481241,1.760082252,2.506126052,0.024811048,19.47700743,2.156421721,1.155386732,3.606759081,0.0999999999999996
2021-11-12 21:29:09,15.15,15.55,40.5,1,0,1,54,29,10,"Condition 1.5-15","1.5","15",2395,1.033346738,1.072183645,0.205310708,0.28601826,0.219528916,2.331112814,1.007795953,0.89552125,1.173761459,5.949673569,7.980611198,3.85277928,5.320090426,0.104844239,38.70956271,4.68529007,2.16762278,7.94026895,1.020121526,1.020777245,0.024886404,0.036589821,0.817849706,1.254893716,1.020990431,1.004262769,1.036719699,1.425071016,1.761230997,0.747622,1.035159324,0.046876234,7.837691338,1.17187786,0.735786833,1.815600511,1.009516637,1.018027482,0.092316479,0.131389962,0.504957323,1.571922482,1.000417731,0.946605541,1.072648902,3.480074166,4.534890505,2.102731122,2.908238062,0.182270708,25.27185994,2.680506357,1.486661451,4.5315348,0.15
2021-11-12 21:31:33,17.55,18.617,40.5,1.66666666666667,0,1,54,29,10,"Condition 1.5-15","1.5","15",2418,1.029810823,1.061269298,0.183985247,0.256533444,0.167429519,2.118772836,1.009211472,0.897297448,1.162221912,5.417274594,7.109083078,3.516751805,4.604451084,0.038291256,31.94887031,4.261232349,1.943185407,7.498242513,1.019566502,1.020016882,0.020283847,0.030314483,0.886109552,1.181157963,1.019855097,1.00703539,1.032601184,1.135135682,1.441953082,0.638283083,0.889394709,0.007326127,6.746253851,0.927366542,0.526518996,1.48957491,1.007266485,1.012927245,0.075886643,0.106960567,0.580766619,1.507454858,0.997877259,0.962422519,1.059799557,2.937882119,3.725791495,1.694301797,2.291842945,0.060243566,19.34562937,2.440756752,1.296737869,3.957498018,0.0500000000000007
2021-11-12 21:33:59,19.983,20.45,40.5,2,0,1,54,29,10,"Condition 1.5-15","1.5","15",2781,1.025589065,1.055129289,0.16085314,0.247965717,0.369294922,2.396283371,0.99666538,0.924957302,1.101049453,5.279748264,7.765861494,4.091203903,5.696010333,0.020477428,52.14989281,3.681694086,1.067627541,7.434638695,1.021335282,1.021929787,0.02025024,0.034859283,0.832398368,1.33839613,1.020352225,1.009786909,1.031968935,1.100844798,1.497234061,0.73915853,1.014998102,0.026677875,9.234845674,0.768749127,0.408304245,1.512666926,1.005504869,1.012866007,0.079662313,0.121913296,0.521456104,1.626602265,0.992101716,0.961454146,1.043203417,3.058237045,4.318400355,2.197410397,3.049444672,0.014760937,18.29953945,2.22404715,0.878574119,4.093272523,0.0169999999999995
2021-11-12 21:36:17,22.283,22.717,40.5,2,0,1,54,29,10,"Condition 1.5-15","1.5","15",2424,1.035717479,1.072431324,0.196781214,0.278262811,0.366787388,2.303388417,1.008447731,0.898735428,1.164488211,5.733569373,7.766925219,3.662479338,5.240481252,0.099834387,46.03783685,4.52990575,2.080172432,7.562842507,1.021564903,1.022024336,0.019222405,0.030647685,0.883866285,1.221345153,1.021601089,1.010167987,1.032530473,1.139000119,1.446309926,0.652083468,0.891526311,0.031875712,6.16453933,0.891268102,0.527709602,1.460272494,1.005499002,1.012000065,0.079577915,0.114548249,0.507197395,1.44518626,0.995006603,0.958180513,1.053087568,2.946203081,3.819824952,1.745460474,2.431746409,0.057050351,18.68793189,2.345577345,1.279501977,3.90891669,0.216999999999999
2021-11-12 21:38:49,24.817,25.217,40.5,2,0,1,54,29,10,"Condition 1.5-15","1.5","15",2350,1.031709277,1.063447331,0.185850906,0.257923443,0.325675537,2.033311967,1.013481735,0.894255699,1.156947431,5.949086769,7.900646287,3.923046644,5.200008624,0.135176085,37.7216909,4.51642704,2.017199812,8.248501417,1.020651273,1.021541826,0.028064926,0.042655072,0.706730666,1.29417449,1.019534058,1.002131925,1.040032967,1.451445791,1.779745231,0.733022984,1.030169884,0.044520201,8.152903856,1.202509732,0.767327202,1.812861977,1.006888274,1.015064237,0.093573339,0.128601892,0.489266307,1.526888781,0.99882181,0.945611959,1.072286551,3.715912253,4.687634382,2.190584979,2.858214485,0.134734621,17.35262261,2.871912667,1.64273284,4.938760954,0.183
2021-11-12 21:41:41,27.683,28.183,40.5,2.44444444444444,0,1,54,29,10,"Condition 1.5-15","1.5","15",2773,1.014991795,1.037746385,0.149390176,0.21616213,0.415481609,2.240151102,0.998961127,0.912588641,1.109513974,4.372778533,5.670058541,2.797216301,3.610134823,0.049528328,30.05684169,3.471303063,1.596107968,6.306953365,1.021167934,1.021836808,0.022201538,0.036973019,0.901020967,1.435731327,1.019595002,1.006101408,1.033199139,1.103658701,1.39060214,0.579469315,0.846150145,0.012413149,9.844831614,0.910919534,0.55978998,1.39998566,1.001757684,1.007575324,0.073895354,0.108137846,0.593788286,1.513096521,0.99247155,0.954825906,1.042401961,2.833782713,3.651957412,1.723336487,2.303992943,0.031218304,17.0901628,2.130474556,1.233265768,3.819561913,0.183
2021-11-12 21:44:06,30.1,30.533,40.5,3,0,1,54,29,10,"Condition 1.5-15","1.5","15",2496,1.026845781,1.06073082,0.193657745,0.266018732,0.147783689,2.17860428,1.013699833,0.89588858,1.160430994,4.904412731,6.314341247,2.988288655,3.977937083,0.04046545,28.09473463,3.998768542,1.905397714,6.617251149,1.021665956,1.022149424,0.019699575,0.031440649,0.862604118,1.237019916,1.021121459,1.010680615,1.032343613,1.099115147,1.438575891,0.665334797,0.928327472,0.041036455,7.951308314,0.82055486,0.472257514,1.423242408,1.002638083,1.008220047,0.075249268,0.105967154,0.616804895,1.389962928,0.995828578,0.95421052,1.054094626,2.73304865,3.424020574,1.526404959,2.063023947,0.089478988,17.53293285,2.232132479,1.283968803,3.633138777,0.100000000000001
2021-11-12 21:46:20,32.333,32.8,40.5,3,0,1,54,29,10,"Condition 1.5-15","1.5","15",2777,1.017447794,1.043170644,0.161254679,0.230269567,0.242821816,1.959122494,0.993422878,0.902820263,1.098444046,5.037106852,6.720550981,3.393342099,4.449774466,0.083789814,34.03558583,3.901791664,1.686011487,7.345212455,1.021202772,1.021961861,0.021435195,0.03938911,0.89992842,1.570329364,1.019736084,1.008575961,1.031848362,1.108045456,1.527350938,0.677571617,1.051396388,0.036103433,14.10323031,0.833649607,0.470978535,1.436177135,1.005029729,1.011650401,0.080072914,0.115570697,0.467756993,1.484725488,0.99252993,0.951694939,1.050874185,3.007838881,3.970104022,1.919221448,2.591727396,0.06096827,19.45408154,2.258562294,1.18241411,4.043500947,0.167000000000002
2021-11-12 21:49:04,35.067,35.5,40.5,3,0,1,54,29,10,"Condition 1.5-15","1.5","15",2789,1.021201048,1.046217514,0.157132617,0.227460011,0.367817989,2.135380189,1.004569305,0.904920581,1.110317409,4.825736939,6.508327345,3.147472838,4.367771803,0.146300612,41.57555981,3.772561699,1.627632329,6.637213713,1.021973019,1.022607034,0.021874781,0.036010556,0.863301593,1.399109891,1.020730093,1.008108802,1.033498592,1.192826621,1.539519155,0.6954637,0.973459694,0.043127219,8.832744473,0.900752375,0.549585922,1.546006249,1.004956128,1.011523988,0.080417014,0.115103037,0.560659731,1.565632876,0.993304156,0.954800065,1.055447468,2.884018288,3.702807808,1.771390936,2.322748224,0.077160647,16.91729692,2.195357767,1.212886505,3.897449142,0.0670000000000002
2021-11-12 21:51:42,37.7,38.133,40.5,3.44444444444444,0,1,54,29,10,"Condition 1.5-15","1.5","15",2437,1.042449318,1.086226837,0.217909656,0.305330009,0.230361711,2.40639812,1.024303191,0.898558376,1.191478548,5.968398182,7.813411943,3.811968725,5.043616945,0.048412642,29.01343512,4.634753389,2.341859261,8.051120582,1.021288701,1.021931439,0.021052597,0.036246301,0.834141223,1.443577995,1.020853377,1.010133361,1.033655889,1.198514163,1.630720693,0.744252476,1.106036148,0.02250505,14.20421199,0.912655002,0.494093376,1.559534848,1.004480948,1.01131276,0.083315519,0.117376223,0.642227222,1.600354545,0.993432322,0.952083641,1.05900073,3.080407055,3.894803291,1.822717733,2.38388715,0.046677616,14.43854468,2.533321898,1.346001911,4.235136436,0.200000000000003
2021-11-12 21:53:54,39.9,40.333,40.5,4,1,1,54,29,10,"Condition 1.5-15","1.5","15",2430,1.024704023,1.057290869,0.188410831,0.260525579,0.282528229,2.163381704,1.005186706,0.894214771,1.1577178,5.760215027,7.454775342,3.603302809,4.733161872,0.208703787,31.06293627,4.586176185,2.165122961,7.954211653,1.021263955,1.022046141,0.024139907,0.039986323,0.846119465,1.458057608,1.020605707,1.004806151,1.03626389,1.264376917,1.571300579,0.668791482,0.93311038,0.021078467,8.485032214,1.043917678,0.623516003,1.643084698,1.007743035,1.017211027,0.096197664,0.138492389,0.512751783,1.706522576,0.996869958,0.943895562,1.062077995,3.357713272,4.428191218,2.092010853,2.887571949,0.102153134,19.25131248,2.5089613,1.382871906,4.397219253,NA
2021-11-15 21:11:33,2.533,2.983,41.5,0.545454545454545,0,1,55,29,10,"Condition 2.5-15","2.5","15",2412,1.041771169,1.082695377,0.206120461,0.29492062,0.196452689,2.548838704,1.005541164,0.890848003,1.167279759,5.884659217,7.61564979,3.719387075,4.835142632,0.042188546,30.17959608,4.649809582,2.273167702,8.158505812,1.019753677,1.020320646,0.021711717,0.034016749,0.814237011,1.195001677,1.019154078,1.00650257,1.033324631,1.214060721,1.544152263,0.678980941,0.954379674,0.04950765,8.50770366,0.989570937,0.566436275,1.573401281,1.01088297,1.016456234,0.078140723,0.106318314,0.639670957,1.348711843,1.002142408,0.956854875,1.064374913,3.242720175,4.208760947,1.88311041,2.683546436,0.088087034,22.26913082,2.564312884,1.48082342,4.08885134,0.0329999999999999
2021-11-15 21:13:51,4.833,5.3,41.5,1,0,1,55,29,10,"Condition 2.5-15","2.5","15",2866,1.023249418,1.050386902,0.160323736,0.237261279,0.080811816,2.254632711,1.000608647,0.910963688,1.111860841,5.354224082,7.102555916,3.545732201,4.66756781,0.098522589,27.73797385,4.094823152,1.85822194,7.364385274,1.019308933,1.019936488,0.023035232,0.035779675,0.841546236,1.253494807,1.018058097,1.003960979,1.033355367,1.135479602,1.453130281,0.616871776,0.906951373,0.032591301,8.302886803,0.904147336,0.557757053,1.422588378,1.008668517,1.013979812,0.07316774,0.103665964,0.573062976,1.571643607,1.002274497,0.953943522,1.056723756,3.051100055,3.943208538,1.819099305,2.498371607,0.04685103,18.60452085,2.36674219,1.301383755,3.921528291,0.167
2021-11-15 21:16:35,7.567,8.033,41.5,1,0,1,55,29,10,"Condition 2.5-15","2.5","15",2848,1.024954835,1.054633528,0.163666747,0.248477649,0.289261637,2.254266327,0.995284694,0.91735484,1.106768061,5.33557419,7.478983689,3.90619771,5.241802754,0.058496746,32.45597056,3.892627915,1.280433145,7.437500194,1.018918319,1.019479587,0.021384455,0.033830296,0.775427101,1.287283962,1.019454784,1.005580097,1.032314706,1.134921987,1.427614968,0.625698769,0.86619866,0.041471687,7.592573239,0.913735071,0.545846057,1.485808798,1.007835652,1.013660684,0.074918634,0.108533027,0.47832745,1.463086457,0.997219797,0.957978017,1.050499381,3.044027287,4.137608372,2.039835683,2.80293783,0.052681478,26.89615956,2.257282289,1.046019947,4.214868942,0.0670000000000002
2021-11-15 21:19:03,10.033,10.5,41.5,1,0,1,55,29,10,"Condition 2.5-15","2.5","15",2775,1.04691968,1.084013015,0.184829776,0.281197251,0.192092326,2.472680119,1.012942079,0.935708375,1.144244912,5.572354112,7.800437033,4.064240148,5.459526763,0.025324557,36.98185126,4.041459251,1.436430306,7.990758682,1.020143972,1.020717871,0.022871535,0.034229688,0.852527044,1.281566206,1.018984644,1.004920031,1.035364256,1.254329193,1.586568901,0.704184972,0.971699299,0.023308306,8.541736246,0.996777396,0.593103589,1.641743527,1.010481862,1.01597227,0.071304951,0.10549915,0.534952726,1.583620766,1.001374786,0.965930059,1.049891942,3.206268351,4.272911475,2.116986298,2.824976572,0.055738186,20.8929549,2.278615331,1.214050615,4.351472877,0.0329999999999995
2021-11-15 21:21:24,12.383,12.883,41.5,1.5,0,1,55,29,10,"Condition 2.5-15","2.5","15",2862,1.02212258,1.050590812,0.159871147,0.242954958,0.235295938,2.328509092,1.002819992,0.902098238,1.112385529,5.239076983,7.587422037,3.547591862,5.489223748,0.058554395,64.4452893,3.832936108,1.851225781,6.75635286,1.019832709,1.020499762,0.023082173,0.036898316,0.810428375,1.364184684,1.017884269,1.004325514,1.034064987,1.17772457,1.548137402,0.637524567,1.005011091,0.013759439,12.10636281,0.968189094,0.568499216,1.46693481,1.00816448,1.012761847,0.068701901,0.09640636,0.698792315,1.463131022,1.002966539,0.961536885,1.052052708,3.154850751,4.092177226,1.9605833,2.606761651,0.058922735,17.66693797,2.408615063,1.292274636,4.150336584,0.117000000000001
2021-11-15 21:23:47,14.767,15.267,41.5,2,0,1,55,29,10,"Condition 2.5-15","2.5","15",2819,1.040031196,1.076363146,0.186114313,0.277344585,0.159987491,2.470644395,1.017720452,0.922490912,1.141776175,5.545075481,7.591271208,3.766060231,5.185467999,0.045787291,39.90352863,4.133311813,1.790246292,7.417175821,1.018648037,1.019235008,0.021765104,0.034591952,0.826118147,1.255643323,1.019184575,1.004257124,1.031655626,1.172788559,1.450815782,0.627770572,0.854220329,0.017919505,7.493004111,0.94402278,0.574781928,1.522894288,1.007321836,1.011741455,0.067797014,0.094480986,0.64634416,1.403761538,0.999275635,0.961945639,1.052381218,2.967955981,3.711047351,1.673361334,2.228199179,0.086435847,15.66084816,2.455688348,1.321005844,3.98213916,0.233000000000001
2021-11-15 21:26:33,17.533,17.933,41.5,2,0,1,55,29,10,"Condition 2.5-15","2.5","15",2463,1.04632972,1.086274833,0.202392363,0.291927611,0.138903239,2.280743875,1.019821006,0.898422974,1.165126254,5.872166853,7.869301833,3.736321679,5.239725104,0.148126135,42.81089705,4.48870712,2.222668053,7.743526233,1.020147369,1.0209492,0.025621909,0.040463306,0.836905998,1.266679718,1.019325236,1.004400736,1.035014348,1.288199059,1.60574161,0.704346779,0.958813176,0.046257371,7.351237401,1.067086432,0.621630764,1.683026202,1.010926027,1.016650048,0.077320412,0.107752506,0.476345865,1.479055922,1.002386007,0.958013561,1.061863507,3.450278949,4.400074239,1.973077928,2.731164264,0.060758805,24.68003148,2.826231269,1.526819414,4.558148758,0.0330000000000013
2021-11-15 21:28:57,19.933,20.45,41.5,2,0,1,55,29,10,"Condition 2.5-15","2.5","15",3197,1.015860352,1.038505273,0.144253266,0.215720895,0.243766807,2.415288391,0.994291154,0.916396253,1.092247327,4.494939393,6.217927712,3.187838438,4.296966614,0.032434733,29.4514243,3.308353916,1.342505752,6.292146651,1.018978049,1.019520746,0.020651306,0.033266111,0.759703617,1.276331136,1.018821293,1.005804296,1.031185217,1.067730318,1.403847626,0.642773485,0.911592089,0.016596016,9.934331554,0.845120068,0.442493278,1.403607629,1.006062322,1.010792555,0.065644752,0.097689191,0.434802102,1.581035311,0.998185514,0.964886774,1.042286887,2.8454388,3.934774349,1.938390308,2.718131514,0.035937419,23.65729932,2.018973959,1.01852453,3.844221106,0.0670000000000002
2021-11-15 21:31:28,22.45,22.917,41.5,2.5,0,1,55,29,10,"Condition 2.5-15","2.5","15",2813,1.034075826,1.064379489,0.173700742,0.252217162,0.223753518,2.555944255,1.010462582,0.925873503,1.148094403,5.079779374,7.1559258,3.388200725,5.041046777,0.039945786,51.66696177,3.982007254,1.664625569,6.604046105,1.01954426,1.020127578,0.023044271,0.034499266,0.873158617,1.217115101,1.019418449,1.003541311,1.034141748,1.188648159,1.451376802,0.629720733,0.832980747,0.043063675,5.898903226,0.992531575,0.592861606,1.571926589,1.006898434,1.010468881,0.061373891,0.084885,0.69957467,1.329601754,0.998962903,0.96600305,1.052194559,2.869607738,3.693960346,1.714888612,2.326503663,0.036058435,18.40444374,2.274012228,1.245746973,3.819176024,0.0500000000000007
2021-11-15 21:33:50,24.817,25.317,41.5,3,0,1,55,29,10,"Condition 2.5-15","2.5","15",3317,1.014608327,1.033661073,0.131714471,0.197577645,0.164040494,1.966110259,0.995906599,0.934556748,1.080261763,4.48389916,6.19180667,3.278881238,4.270669543,0.050712659,33.13830448,3.28853999,1.123107098,6.564044071,1.019040745,1.019494595,0.020574394,0.030421504,0.855806979,1.280717953,1.018270751,1.003723137,1.031931142,1.061468872,1.340559226,0.592217786,0.818892605,0.027221259,7.793616247,0.846815502,0.50031954,1.403418152,1.004887167,1.009378796,0.064505902,0.09513183,0.478619132,1.57270978,0.998722561,0.962511759,1.046887342,2.727962685,3.729122156,1.831795123,2.542935654,0.066334003,17.74102299,1.948383105,0.960568038,3.615536149,0.183
2021-11-15 21:36:27,27.433,27.917,41.5,3,0,1,55,29,10,"Condition 2.5-15","2.5","15",2815,1.021024513,1.045158484,0.151151154,0.223344848,0.18152322,2.164685411,1.010106662,0.918921545,1.105525052,4.508668921,5.987039933,2.971799277,3.939805546,0.050064071,27.36211328,3.306502405,1.649678046,6.216442441,1.019957728,1.020592968,0.02412152,0.036009716,0.843716458,1.197124168,1.019844556,1.003557541,1.034077499,1.186200107,1.4588393,0.623907051,0.849351382,0.030730193,6.486913602,0.971879423,0.598427506,1.520160339,1.006632095,1.010798208,0.065859521,0.091694224,0.653773388,1.345933806,0.998117707,0.963863784,1.049341903,2.740775237,3.491507458,1.645532538,2.163432157,0.048127203,13.24506378,2.164427069,1.145522879,3.742719655,0.0670000000000002
2021-11-15 21:38:50,29.817,30.367,41.5,3,0,1,55,29,10,"Condition 2.5-15","2.5","15",3426,1.017539383,1.042427073,0.14882956,0.22645701,0.390875216,2.542199107,0.998756674,0.919513363,1.092454172,4.402950309,6.464213476,3.269170977,4.733563828,0.058941685,45.97151895,2.938662675,1.171531705,5.943171312,1.018649113,1.019126464,0.020709391,0.031193254,0.826945815,1.343769433,1.018078953,1.003500483,1.031609135,1.055625495,1.318162474,0.579908502,0.789549955,0.022612928,7.03235358,0.853800835,0.504010934,1.393461418,1.004771461,1.009170673,0.06222419,0.094140032,0.700716374,1.571149947,0.998781197,0.964664105,1.039662535,2.68155165,3.705820874,1.863665039,2.558182919,0.049048959,21.12419499,1.795355994,0.947383234,3.490756459,0.183
2021-11-15 21:41:52,32.85,33.317,41.5,3,0,1,55,29,10,"Condition 2.5-15","2.5","15",2906,1.020485385,1.044713734,0.155451588,0.223726598,0.350992239,2.163871817,1.008645106,0.913773783,1.106940049,4.925673835,6.779898544,3.401215701,4.659639002,0.13804077,38.49457703,3.675782446,1.483126818,6.753022872,1.019593288,1.02012478,0.023094919,0.032931224,0.878152583,1.268132138,1.019144745,1.002541221,1.035071198,1.191736855,1.431447695,0.605500462,0.793109263,0.048753824,5.808894469,0.986424434,0.623272054,1.568804514,1.007231688,1.012350494,0.071697725,0.10169271,0.613061164,1.453067242,1.000875894,0.958638727,1.05117571,3.091157013,4.034208765,1.927015487,2.592663223,0.077809612,17.31943581,2.277246456,1.303318576,4.038804807,0.350000000000001
2021-11-15 21:43:48,34.783,35.25,41.5,3,0,1,55,29,10,"Condition 2.5-15","2.5","15",2810,1.024561834,1.055237693,0.163937013,0.252630857,0.309341531,2.836495019,1.002292859,0.917094279,1.103822356,5.281235074,7.710667382,3.761798814,5.619091379,0.074207473,71.01542347,3.864737004,1.461180949,7.156052978,1.020155957,1.020737329,0.023548961,0.034452012,0.81965408,1.191387696,1.019111217,1.002529954,1.035121128,1.235378096,1.544821755,0.664137857,0.927696931,0.05615017,9.006281206,1.006220301,0.612868376,1.576274063,1.009073424,1.015848621,0.079374364,0.11715003,0.507848169,1.617815057,1.002758244,0.958221035,1.058014144,3.184930687,4.300182536,2.097999279,2.889768022,0.05792404,21.30473805,2.291105251,1.162067538,4.193353747,0.216999999999999
2021-11-15 21:46:24,37.383,37.85,41.5,3.4,0,1,55,29,10,"Condition 2.5-15","2.5","15",2670,1.035339412,1.070751381,0.182920584,0.27314605,0.234617266,2.486056134,1.011061764,0.913416157,1.127913249,5.353673479,7.394098435,3.635163098,5.101041182,0.066456072,49.71183446,4.046383093,1.589177897,7.236001887,1.020017653,1.02054633,0.023615058,0.032851218,0.844668334,1.171625202,1.020154078,1.002016368,1.035450068,1.234429937,1.524092043,0.660582729,0.89405748,0.080488009,7.651041936,0.994647127,0.595033638,1.605647707,1.009205834,1.014512499,0.073791723,0.103649503,0.615745648,1.414306649,1.001119873,0.959563213,1.055432885,3.022683315,3.910500878,1.879925306,2.481473315,0.151371407,15.64206672,2.233073678,1.27275868,3.97380799,0.116999999999997
2021-11-15 21:49:13,40.2,41.183,41.5,4,1,1,55,29,10,"Condition 2.5-15","2.5","15",3220,1.024911567,1.047986859,0.148067403,0.218740933,0.185199192,2.405376254,1.008802399,0.925694368,1.114856071,4.431592132,6.056672172,3.024799956,4.129111953,0.045599392,38.04057855,3.309611374,1.400141893,6.10062941,1.019127536,1.019494713,0.018596155,0.027363618,0.887682633,1.20915239,1.018688842,1.006023903,1.030663867,1.001596008,1.282475939,0.565567921,0.801092588,0.036902519,6.481167733,0.766256652,0.483687289,1.27106415,1.004766963,1.008951612,0.061979667,0.091811348,0.510377437,1.573678809,0.997895782,0.964484083,1.040804837,2.635452979,3.460293869,1.616154273,2.242673342,0.053282611,19.60950583,2.02668371,1.080681752,3.453230602,0.200000000000003
2021-11-29 21:14:46,2,3,40.5,0,0,0,56,29,10,"Condition 2.5-5","2.5","5",5917,1.001488899,1.020363542,0.109132308,0.195366819,0.170532529,2.345235291,0.975785657,0.951884934,1.013404431,3.267040457,5.609772374,3.21597988,4.560647821,0.015836602,36.70221256,1.189941481,0.491339485,4.491614509,1.024107533,1.024519472,0.017138243,0.029052598,0.792215016,1.395147287,1.023460658,1.013473069,1.033839405,0.950399233,1.341646249,0.635476575,0.947052038,0.020824994,12.38963418,0.661010169,0.355653089,1.222149545,1.001731295,1.00444033,0.043107018,0.073727246,0.482935121,1.496743046,0.993986921,0.979590637,1.016691264,1.942653955,3.006538228,1.665190747,2.294832869,0.016304285,22.01868395,0.967890967,0.462639954,2.663017965,0.5
2021-11-29 21:17:46,5,7.217,40.5,0,0,0,56,29,10,"Condition 2.5-5","2.5","5",6007,0.987397119,1.00064827,0.090223159,0.162321518,0.133792434,2.05776144,0.973147505,0.948475908,1.005776313,2.922357885,4.90013989,2.848629039,3.933671532,0.024836469,32.49507832,1.07717661,0.428059977,4.083495874,1.024240287,1.024677963,0.018917363,0.029948473,0.785589224,1.29273822,1.023448703,1.012890747,1.03549613,0.953989031,1.300255164,0.64986895,0.883571393,0.023116092,7.708774719,0.656696113,0.336624815,1.318156971,1.001214315,1.004705781,0.048450696,0.08369448,0.590714957,1.660776625,0.992633951,0.97560099,1.016809432,1.969629312,3.049981961,1.680594192,2.328916789,0.020218692,20.76565785,1.016841313,0.441520922,2.563777369,0
2021-11-29 21:19:59,7.217,8.2,40.5,0.25,0,0,56,29,10,"Condition 2.5-5","2.5","5",5922,0.987155391,1.001353725,0.094024283,0.168042511,0.323758827,2.141920477,0.973769842,0.946403338,1.007141017,3.216350368,5.20678952,2.975266295,4.0949456,0.027335792,40.9474107,1.387384465,0.549382384,4.623792177,1.023448758,1.023794963,0.017347888,0.026624884,0.868382813,1.190825254,1.023245718,1.013145873,1.034180231,0.944522988,1.244517948,0.590678195,0.810439497,0.032833429,6.516031032,0.682360443,0.390804368,1.255208378,1.000507039,1.004381776,0.050744333,0.088146075,0.453443084,1.556316137,0.992077273,0.974615594,1.014286592,2.050943924,3.120462702,1.66873785,2.351988684,0.022690293,23.56946388,1.120992426,0.543725262,2.656177767,0.283
2021-11-29 21:22:59,10.217,11.217,40.5,1,0,0,56,29,10,"Condition 2.5-5","2.5","5",6004,0.989848993,1.004381091,0.098731459,0.17025033,0.283387475,2.161056421,0.975796404,0.940320473,1.021922929,3.343451763,4.946537891,2.642586308,3.645789572,0.046980624,31.13858623,1.89136595,0.948019734,4.578235634,1.024112949,1.024705489,0.022453613,0.034845505,0.794141181,1.259350783,1.023626276,1.009303165,1.03839888,1.079215087,1.405253415,0.635586396,0.900092727,0.01048045,7.582051766,0.816619375,0.486770718,1.344983953,1.001617774,1.004866793,0.049712468,0.080747715,0.615091051,1.60967727,0.994995158,0.972279444,1.025656072,2.2009069,3.29513879,1.596372808,2.452539592,0.021415152,33.30914835,1.389319642,0.758267624,2.742010634,0.217000000000001
2021-11-29 21:24:59,12.217,13.217,40.5,1,0,0,56,29,10,"Condition 2.5-5","2.5","5",6042,0.992536871,1.008398016,0.104215962,0.178163891,0.296973861,2.248287556,0.974551759,0.941462553,1.026616586,3.187322605,4.814310985,2.670977973,3.608423516,0.035625885,29.97474752,1.743160336,0.666576265,4.595505898,1.024411212,1.025215117,0.025298771,0.040595303,0.763898794,1.461784902,1.023985055,1.009079798,1.040209391,1.154487393,1.606892256,0.749176906,1.117796231,0.010836509,13.42577178,0.819289646,0.457271778,1.459311568,1.001603599,1.004402054,0.047659733,0.074930933,0.587896387,1.406340439,0.994938997,0.972438169,1.023814152,2.086938815,2.949274424,1.517974782,2.08413652,0.031550222,15.35740298,1.361160948,0.65076627,2.835727471,0.282999999999999
2021-11-29 21:26:59,14.217,18.417,40.5,1,0,0,56,29,10,"Condition 2.5-5","2.5","5",6011,0.995652051,1.009584335,0.100314641,0.167159119,0.248651309,1.960515289,0.976949922,0.939197334,1.031366214,3.389872114,5.10191887,2.789550475,3.813235194,0.012421212,33.56703002,1.861580134,0.788545088,4.740174013,1.023963684,1.024487251,0.022359922,0.032751809,0.84517903,1.285696427,1.023503186,1.008825224,1.039683581,1.093444776,1.395787968,0.63608936,0.867598882,0.012877532,7.096139159,0.85985937,0.481932334,1.439886719,1.000664191,1.003365723,0.046048308,0.073585669,0.3436829,1.499784741,0.994297959,0.970946896,1.024039424,2.117630302,2.962833358,1.493385405,2.072374968,0.055923809,21.67954253,1.411396379,0.747883826,2.747904013,0.782999999999999
2021-11-29 21:31:11,18.417,20.617,40.5,1.5,0,0,56,29,10,"Condition 2.5-5","2.5","5",6037,0.988871081,1.000682668,0.085862963,0.153309101,0.231279064,1.875095658,0.974176589,0.951149261,1.015211846,2.740782556,4.298110771,2.421956835,3.311145355,0.025460763,25.62679234,1.429421523,0.454515926,3.850372586,1.023617026,1.024042906,0.018712091,0.029533074,0.861024632,1.234234773,1.022836014,1.013381319,1.034178308,0.943048716,1.299724894,0.663140513,0.894469939,0.016851205,7.823884105,0.653550988,0.293558777,1.29693221,1.000050195,1.002658934,0.041784902,0.072286994,0.479793487,1.602414305,0.99285215,0.979578556,1.017145019,1.845141067,2.862555985,1.508304994,2.188715344,0.022461223,19.6991871,1.082796525,0.411980995,2.434798255,0.917000000000002
2021-11-29 21:33:23,20.617,21.6,40.5,2,0,0,56,29,10,"Condition 2.5-5","2.5","5",5997,0.994907175,1.010562175,0.096027981,0.177202878,0.234906262,2.294587396,0.973182694,0.948630216,1.009268707,2.912256046,4.618364244,2.550783965,3.584717024,0.023492971,32.4298216,1.450590092,0.601570733,3.965674669,1.023918934,1.024299017,0.017926623,0.027903808,0.873561247,1.217159018,1.023874665,1.013189693,1.03451909,0.935856757,1.261837187,0.608250044,0.84647783,0.027891779,6.905365164,0.674197986,0.354427313,1.238501418,1.000373681,1.002639749,0.041416354,0.067377455,0.618445031,1.344150004,0.993265199,0.97612429,1.015760482,1.821959926,2.680865622,1.417479902,1.966760696,0.033686364,15.54260322,1.094963335,0.494716215,2.420129986,0.617000000000001
2021-11-29 21:35:23,22.617,28,40.5,2,0,0,56,29,10,"Condition 2.5-5","2.5","5",6149,0.987368879,0.99941336,0.087646785,0.154705056,0.261305562,2.322332998,0.973462975,0.946688786,1.008193171,2.677126255,4.399736053,2.455138685,3.491798325,0.038139961,39.79251861,1.136657609,0.514442134,3.796827562,1.023657459,1.024047749,0.018742554,0.02827241,0.853635375,1.323718191,1.023368462,1.011223996,1.036424852,0.92175781,1.228853866,0.557616151,0.812743383,0.030173313,9.66311203,0.67979127,0.402683878,1.148604115,0.999215199,1.001358355,0.040448968,0.065484636,0.638468593,1.414946204,0.99281586,0.975398943,1.017117555,1.737248926,2.518291287,1.302790989,1.82326572,0.031848486,15.36692158,1.042659646,0.553631258,2.282362737,0.117000000000001
2021-11-29 21:35:23,22.617,28,40.5,2,0,0,56,29,10,"Condition 2.5-5","2.5","5",6149,0.987368879,0.99941336,0.087646785,0.154705056,0.261305562,2.322332998,0.973462975,0.946688786,1.008193171,2.677126255,4.399736053,2.455138685,3.491798325,0.038139961,39.79251861,1.136657609,0.514442134,3.796827562,1.023657459,1.024047749,0.018742554,0.02827241,0.853635375,1.323718191,1.023368462,1.011223996,1.036424852,0.92175781,1.228853866,0.557616151,0.812743383,0.030173313,9.66311203,0.67979127,0.402683878,1.148604115,0.999215199,1.001358355,0.040448968,0.065484636,0.638468593,1.414946204,0.99281586,0.975398943,1.017117555,1.737248926,2.518291287,1.302790989,1.82326572,0.031848486,15.36692158,1.042659646,0.553631258,2.282362737,2.383
2021-11-29 21:40:46,28,29,40.5,2,0,0,56,29,10,"Condition 2.5-5","2.5","5",5933,0.985386345,1.000365887,0.091249132,0.172483837,0.258510287,2.555649526,0.970491236,0.949938331,0.999451273,2.794275593,4.712697395,2.689245924,3.795256095,0.024332892,40.71000781,1.06591334,0.422325792,3.911938883,1.02419354,1.024648989,0.018246017,0.030549956,0.822591447,1.366056676,1.023504988,1.013826729,1.034069213,0.937622543,1.351336322,0.661176442,0.973207834,0.016094243,10.23278077,0.619505068,0.326481911,1.187988533,1.001677899,1.005096074,0.047995054,0.082829113,0.590858398,1.51731435,0.992325758,0.977986826,1.014649236,1.921374756,2.984025584,1.619896863,2.283332351,0.010053858,20.02065853,1.0281945,0.454100459,2.486889656,0.5
2021-11-29 21:42:46,30,31,40.5,2,0,0,56,29,10,"Condition 2.5-5","2.5","5",5947,0.983564469,0.995478406,0.082158925,0.153564832,0.379798281,2.276930194,0.971075587,0.952765899,1.00151721,2.598174785,4.485266077,2.550146908,3.656411906,0.024292988,36.45350785,0.966034475,0.348352015,3.570157373,1.023789613,1.024186943,0.016608646,0.028528228,0.800814987,1.189044611,1.023381458,1.015364627,1.031521079,0.825720096,1.166358708,0.602003121,0.823828321,0.02518729,5.855273746,0.534469725,0.254073368,1.102871156,1.000743248,1.003764664,0.044294301,0.077829758,0.571310736,1.48750318,0.991857619,0.981053593,1.011049532,1.714210911,2.702367379,1.514868183,2.089259321,0.018727919,18.09099465,0.847853694,0.329141553,2.285109759,0
2021-11-29 21:44:46,32,33.017,40.5,2.5,0,0,56,29,10,"Condition 2.5-5","2.5","5",6040,0.981049949,0.991294054,0.076561787,0.142155701,0.277264306,1.865983837,0.969982262,0.955481839,0.994103266,2.354330864,3.936176973,2.311336324,3.154720803,0.014957922,27.24710772,0.861835022,0.301097874,3.370578774,1.023487943,1.023771349,0.013986888,0.024089439,0.838276988,1.214296729,1.023319761,1.016322407,1.03140961,0.715027056,1.05426928,0.535756782,0.774802833,0.002268825,7.892534779,0.442396113,0.219777522,0.927976509,1.000199082,1.002922539,0.041256857,0.073866899,0.59424217,1.482587118,0.992324341,0.983028141,1.011650517,1.57375187,2.506168925,1.414060311,1.95059421,0.01265057,20.12014884,0.743147436,0.285438807,2.166176978,0.5
2021-11-29 21:48:59,36.217,37.217,40.5,3,0,0,56,29,10,"Condition 2.5-5","2.5","5",6040,0.985249931,0.998641396,0.094143433,0.163008009,0.335274872,1.900419335,0.97285482,0.939151863,1.013866971,2.838451437,4.372869896,2.442118165,3.326712665,0.053043269,27.46436382,1.390706398,0.643775908,3.930988347,1.024047543,1.024595542,0.020818512,0.033508817,0.789428366,1.290659203,1.023316878,1.010460334,1.035692869,1.02006164,1.342307926,0.603455387,0.872577159,0.018018567,9.012535391,0.78218732,0.450409794,1.30766183,1.000456648,1.003847257,0.050644674,0.082443526,0.482288169,1.554908368,0.994144461,0.970861143,1.021803446,1.99470072,2.80641451,1.464682683,1.974278823,0.01573101,13.60448729,1.255026099,0.646927822,2.72835263,1.217
2021-11-29 21:49:59,37.217,38.217,40.5,3,0,0,56,29,10,"Condition 2.5-5","2.5","5",5956,0.989826661,1.005418433,0.099604898,0.1763934,0.074170018,2.252267895,0.972872368,0.94293952,1.019287648,2.620835939,4.138785634,2.264129905,3.203511954,0.01414423,28.02005172,1.370196612,0.570056432,3.553820681,1.023936009,1.024451567,0.020982527,0.032499824,0.855698271,1.207633066,1.023315708,1.011310329,1.035969824,0.985418773,1.345716427,0.669625459,0.91653893,0.019688235,7.025673538,0.689179601,0.353765038,1.30422698,0.999317203,1.002141094,0.045667508,0.075185432,0.608750335,1.433636036,0.992570392,0.974326511,1.017756898,1.802535165,2.6164738,1.369634612,1.896682952,0.029184677,14.66204144,1.14469818,0.503004882,2.412327999,0.283000000000001
2021-11-29 21:52:59,40.217,40.5,40.5,3,0,0,56,29,10,"Condition 2.5-5","2.5","5",5888,0.985858735,0.999952474,0.094070497,0.167308874,0.271613768,2.104845887,0.972663463,0.939493708,1.014400708,3.077754736,4.909348054,2.685021149,3.825128691,0.009256558,27.39019797,1.560465309,0.659029573,3.88101204,1.023841058,1.024346125,0.021339146,0.03216593,0.82849458,1.211059193,1.023466891,1.010398766,1.037193322,1.06388358,1.406143239,0.676608626,0.919529316,0.040515423,6.937543694,0.776584595,0.416343786,1.420022575,1.000824151,1.004773011,0.054130844,0.089000937,0.386031856,1.603202833,0.99351814,0.970818727,1.023218877,2.150606942,3.125716222,1.644391931,2.268450084,0.026199264,20.16346504,1.304177276,0.620586448,2.896655661,0.216999999999999
2021-11-19 15:17:24,2.183,3.067,20.5,1.66666666666667,0,1,57,31,12,"Condition 1.5-15","1.5","15",2370,1.055683387,1.108683263,0.224208908,0.33876184,0.152661704,3.138403479,1.006417329,0.905483101,1.157228208,6.540952269,8.928511311,4.36949672,6.07863923,0.140910352,41.0557101,4.814802393,2.350363311,8.517255118,1.02398124,1.024429677,0.021329264,0.030314547,0.881116775,1.166144162,1.024434923,1.009114512,1.040019954,1.221961313,1.502665026,0.642015418,0.87472036,0.028282524,6.140672858,1.013940415,0.616572491,1.541461132,1.013587614,1.019908389,0.082329415,0.113396198,0.542260938,1.508805242,1.013698647,0.955471136,1.079898552,3.06608899,3.813968848,1.641719944,2.268838821,0.093877337,18.91547697,2.538443414,1.527520855,3.913268895,0.317
2021-11-19 15:20:27,5.233,5.65,20.5,2,0,1,57,31,12,"Condition 1.5-15","1.5","15",2593,1.039545527,1.083708708,0.194074608,0.306277387,0.319932463,2.883104329,1.002055257,0.911866086,1.106753968,6.013092977,8.355079151,4.18269087,5.801986535,0.198020859,44.91902672,4.283017531,1.917536885,7.88194981,1.02489855,1.025473655,0.023139346,0.034345819,0.879648496,1.229720404,1.023774068,1.008925976,1.0400579,1.276413293,1.581496736,0.698731132,0.933936583,0.050315349,6.032867063,1.046054074,0.626059511,1.67065072,1.015326434,1.022404291,0.081253608,0.120117988,0.540734736,1.633541896,1.007470352,0.962298538,1.063619455,2.985693512,3.747225361,1.735504701,2.264798238,0.030626098,13.1147327,2.404639909,1.270685071,4.041373693,0.233
2021-11-19 15:24:04,8.85,9.25,20.5,2.6,0,1,57,31,12,"Condition 1.5-15","1.5","15",2336,1.038871056,1.082639026,0.211965452,0.304785099,0.199527288,2.516360092,1.011952563,0.888818705,1.154535864,6.247749455,8.400443105,4.165916423,5.616634349,0.20587209,39.63762539,4.497745893,2.282878873,8.324308688,1.025643756,1.026211868,0.023035755,0.034149425,0.877323679,1.260733611,1.024581661,1.009275146,1.039985719,1.310218459,1.629700612,0.725382701,0.969357569,0.01045171,7.723967523,1.014879331,0.638410096,1.736309902,1.015786485,1.022010325,0.079278966,0.112642592,0.600532557,1.568989126,1.012950027,0.958403883,1.065556732,3.1030112,3.828260843,1.699940056,2.242555763,0.092549943,14.60350834,2.462985457,1.496094653,4.085782649,1.35
2021-11-19 15:25:19,10.1,10.55,20.5,3,0,1,57,31,12,"Condition 1.5-15","1.5","15",2823,1.033297975,1.076485871,0.190766041,0.301909612,0.291071291,2.479454957,0.999138286,0.935576655,1.08651934,4.794805415,7.312022225,3.839494795,5.52144122,0.037070388,46.84663292,2.950799525,1.110226143,6.549191473,1.02461604,1.025037534,0.020487038,0.029397666,0.876476707,1.20611232,1.023910953,1.009945368,1.037934033,1.122160138,1.427112869,0.629449247,0.881863563,0.038383019,7.646181816,0.924357829,0.524207343,1.466745865,1.008764905,1.01349932,0.06528879,0.09786537,0.59609368,1.610573001,1.000708316,0.966084839,1.046348124,2.38417715,3.130329613,1.513318304,2.02882266,0.0996283,14.61131701,1.77260609,0.964903129,3.287057182,0.0999999999999996
2021-11-19 15:27:55,12.7,13.117,20.5,3,0,1,57,31,12,"Condition 1.5-15","1.5","15",2709,1.037163232,1.081203162,0.190177593,0.305494941,0.297287391,3.446524289,1.006081531,0.932188378,1.116583377,5.074248501,7.177625284,3.46896956,5.077383849,0.110377786,49.76753866,3.608376438,1.694513783,6.616807985,1.024602636,1.025055493,0.021061162,0.030472006,0.885060087,1.206045059,1.024575658,1.010779074,1.039484994,1.108005895,1.403574079,0.614570471,0.861752495,0.070822913,7.131967697,0.875488424,0.524067559,1.387649596,1.009474508,1.014880522,0.067529884,0.104631413,0.549271512,1.580812355,1.002332756,0.965254368,1.044069751,2.512403996,3.147646868,1.399923655,1.896532413,0.077519029,14.8547991,2.002394224,1.172095699,3.299528648,0.199999999999999
2021-11-19 15:30:25,15.2,15.633,20.5,3,0,1,57,31,12,"Condition 1.5-15","1.5","15",2561,1.04723118,1.103934045,0.230471228,0.349320596,0.192873206,2.851460322,1.004552976,0.905945439,1.162426443,6.119441044,8.502132111,4.220851867,5.90358416,0.117033882,58.13718079,4.303819187,2.115919921,8.251242445,1.024424846,1.02492247,0.021688755,0.031940627,0.859280425,1.210192922,1.024276147,1.010466218,1.039172457,1.154697917,1.404908648,0.614167973,0.800431946,0.050438215,5.608527697,0.966544831,0.570320274,1.546146642,1.012471753,1.018513996,0.075241489,0.110799383,0.633492265,1.557569995,1.000648027,0.96067534,1.055295695,2.899823672,3.662329865,1.69836635,2.237328326,0.075577263,13.96560597,2.333771533,1.272915848,3.892993586,0.199999999999999
2021-11-19 15:32:41,17.467,17.917,20.5,3.5,0,1,57,31,12,"Condition 1.5-15","1.5","15",2595,1.026831011,1.062508096,0.18718829,0.273075568,0.318855598,2.360224295,1.003207458,0.892984535,1.135475398,5.27184137,6.949929674,3.425632401,4.529582816,0.073412765,33.35805921,3.935637614,1.958628358,7.223678814,1.024896589,1.025399876,0.020427129,0.032129195,0.868605795,1.256386587,1.024817139,1.012049836,1.037134582,1.144577085,1.537883818,0.70722829,1.027344543,0.022970584,10.12957417,0.855081019,0.480344634,1.426354432,1.01275218,1.017642713,0.069642378,0.09966715,0.688470529,1.438172585,1.002644685,0.966038465,1.054339179,2.569719982,3.183579856,1.438978234,1.879649418,0.041286246,11.51182179,2.118828304,1.192926793,3.471371201,0.0330000000000013
2021-11-19 15:34:59,19.767,20.233,20.5,4,1,1,57,31,12,"Condition 1.5-15","1.5","15",2860,1.031709551,1.070705121,0.186550093,0.286380054,0.25787598,2.410712554,1.001918521,0.924385997,1.130901002,5.07624994,6.907148532,3.432838746,4.684876115,0.05951793,36.30303975,3.78500665,1.741579955,6.829765254,1.024919045,1.025369065,0.019062931,0.030380812,0.83849246,1.193551668,1.024696261,1.013418118,1.036263548,1.072265503,1.482741999,0.677953399,1.024274126,0.031932775,8.887413585,0.77870214,0.447651161,1.306735407,1.009051456,1.01374763,0.064581956,0.097481992,0.577316965,1.595703045,1.002941824,0.971527877,1.048696087,2.466154873,3.126422131,1.44653871,1.921948881,0.005438244,12.4954086,1.965901797,1.079509401,3.353098271,NA
2021-12-16 21:06:52,2.4,3,10.5,1,0,1,58,31,12,"Condition 2.5-10","2.5","10",3599,1.037488772,1.076434861,0.158698183,0.286970278,0.235178866,3.174796124,0.997104716,0.959804436,1.075303776,4.199867849,6.802543072,3.804560035,5.351977513,0.038549779,40.4816036,2.134706124,0.59246879,5.505178747,1.024513023,1.025039689,0.020284485,0.032859213,0.813616859,1.3048497,1.023453081,1.012052193,1.035563608,1.07365007,1.466789663,0.705602421,0.999512433,0.046905995,10.40017771,0.775945554,0.390836727,1.440607916,1.027608301,1.039025432,0.086477596,0.153628075,0.450558828,2.094519934,1.003802532,0.979964245,1.044574118,2.887661556,4.301783548,2.329342118,3.188977718,0.057753108,23.89233711,1.62479269,0.735157554,3.962550296,0.1
2021-12-16 21:09:16,4.8,5.4,10.5,2,0,1,58,31,12,"Condition 2.5-10","2.5","10",3635,1.035995707,1.075401217,0.158346735,0.288484951,0.303983242,3.122801591,0.999084067,0.959559925,1.063258785,4.364405117,7.352758168,4.124285294,5.918163456,0.030149891,48.14468407,1.852400885,0.618673486,5.581139639,1.024524661,1.024931914,0.018549411,0.028894242,0.83600502,1.210531581,1.023539614,1.012599596,1.035455469,0.995828733,1.32044749,0.644483387,0.867244876,0.026983314,5.978790582,0.716042725,0.379689259,1.336976493,1.028131317,1.040294952,0.085107669,0.158639547,0.440422572,2.065049886,1.003499756,0.982048234,1.038684315,2.712481914,4.202404324,2.264979427,3.210214918,0.061366741,27.79590011,1.45589967,0.660954351,3.531998065,0.2
2021-12-16 21:11:59,7.517,8.117,10.5,2.85714285714286,0,1,58,31,12,"Condition 2.5-10","2.5","10",3642,1.033400479,1.072552649,0.166185082,0.287185097,0.355573669,3.085388246,0.997956191,0.944391642,1.085685116,4.492968983,7.084652609,3.733281689,5.478482964,0.041847273,49.5288707,2.59994099,1.036069344,5.667544308,1.025285562,1.026333305,0.030696108,0.046369815,0.812938709,1.337546126,1.023008664,1.004266336,1.043444356,1.409954308,1.824023986,0.823599599,1.157350523,0.026154452,9.582493513,1.07998679,0.640795713,1.789279436,1.027560142,1.039118443,0.096631468,0.154576364,0.428183109,1.997228286,1.00406718,0.963968867,1.065216591,3.24439866,4.49954126,2.293865878,3.1180794,0.049820885,25.33005596,2.158641317,1.088290577,4.465199454,0.0170000000000003
2021-12-16 21:14:22,9.9,10.5,10.5,4,1,1,58,31,12,"Condition 2.5-10","2.5","10",3613,1.035504425,1.076335018,0.165580764,0.29368611,0.223437816,3.344209396,0.995672006,0.952317104,1.074923937,4.668197043,7.669461101,4.069040716,6.085953034,0.018802521,47.60661687,2.493411999,0.943706385,5.620512039,1.02585008,1.026716742,0.027435963,0.042182627,0.758869791,1.246196417,1.02392603,1.00800701,1.042398763,1.297393702,1.670814966,0.786154739,1.052947853,0.020231944,7.330724529,1.03813692,0.536969954,1.742742038,1.030912697,1.044682778,0.096989993,0.169082912,0.227979591,2.209669145,1.001136557,0.971970067,1.060668374,3.205617106,4.695540638,2.342770565,3.431527492,0.02506062,30.87417276,2.150959965,0.983704626,3.987122103,NA
2021-12-21 15:15:19,2.4,2.8,15.5,1,0,1,59,31,12,"Condition 2.5-15","2.5","15",2417,1.060256024,1.122281012,0.238298583,0.368005251,0.289684314,3.084202283,1.000148128,0.890036497,1.155672192,6.834575653,9.818440433,5.0939204,7.050597413,0.028195045,45.40008006,4.392926398,2.041475109,8.968390974,1.026713132,1.027353426,0.023678319,0.036273262,0.885451847,1.265940173,1.025061424,1.010602924,1.039663929,1.495988873,1.932508779,0.87960487,1.223612352,0.023299159,8.129369259,1.187006031,0.695779239,1.88855849,1.044775441,1.061109633,0.123759521,0.185505168,0.499609222,2.2977169,1.009871268,0.958590741,1.105951878,4.576187659,6.29612328,2.976936217,4.325207279,0.06509053,37.06097786,3.383347287,1.754147919,5.890139321,0.1
2021-12-21 15:17:47,4.867,5.267,15.5,2,0,1,59,31,12,"Condition 2.5-15","2.5","15",2430,1.07192809,1.140005799,0.253006802,0.388130628,0.301839352,3.191964821,0.997870936,0.897797526,1.18319392,7.688940344,10.83598689,5.59091476,7.636937824,0.070448543,63.36140502,5.392259541,2.238649227,10.13126893,1.027237304,1.027944031,0.023346897,0.038118891,0.826926573,1.322824497,1.025652072,1.013445263,1.040155932,1.419394716,1.922455999,0.909448029,1.296860869,0.020143704,10.90221494,1.076694758,0.562065313,1.853609373,1.047009022,1.066129709,0.131600645,0.20105049,0.374672683,2.131628922,1.008060998,0.965703597,1.108415831,4.733301274,6.392423507,3.140308294,4.297271212,0.012921609,41.24571592,3.698753461,1.666063736,6.522530205,0.133
2021-12-21 15:20:37,7.7,8.133,15.5,2.63636363636364,0,1,59,31,12,"Condition 2.5-15","2.5","15",2781,1.068699181,1.132753285,0.237630404,0.375583265,0.261406403,3.125697158,0.99808934,0.92608025,1.128752586,6.730944945,10.33581087,5.71451428,7.845094331,0.052524256,51.18430097,3.848752277,1.259122859,8.786510063,1.026564018,1.027006399,0.01975406,0.030146105,0.898389344,1.194030551,1.02588229,1.014333974,1.037868596,1.227766729,1.618376189,0.77259184,1.054575931,0.018597238,8.296762843,0.94578145,0.455324798,1.672288385,1.0343163,1.047395691,0.109301556,0.165037327,0.470107599,1.861499725,1.002506348,0.967060336,1.080555291,4.042492248,5.824934768,2.954592089,4.194573925,0.043563796,33.05651601,2.793462677,1.19406737,5.381538657,0.2
2021-12-21 15:22:55,10,10.4,15.5,3,0,1,59,31,12,"Condition 2.5-15","2.5","15",2431,1.051997188,1.104991489,0.227465875,0.338164382,0.274923978,2.989148853,1.002580987,0.904163378,1.140229924,6.343816744,8.923524692,4.719384505,6.277061148,0.050116358,39.30099846,4.476532269,1.612215595,8.820399734,1.026378882,1.027033925,0.022263895,0.036682771,0.845080579,1.346200143,1.026110474,1.013777302,1.039431178,1.309731303,1.748854059,0.799694895,1.159158046,0.017544164,9.651207125,1.023157001,0.549014743,1.651129884,1.03677692,1.050996094,0.11376922,0.172332884,0.380068112,1.91669437,1.010504001,0.970582758,1.090014341,4.078265414,5.428491728,2.68305754,3.583511999,0.047381018,23.82525651,3.109377162,1.488269072,5.584345495,0
2021-12-21 15:25:19,12.4,12.817,15.5,3.5,0,1,59,31,12,"Condition 2.5-15","2.5","15",2424,1.051031322,1.103389753,0.219151916,0.335929547,0.231620154,2.935073547,0.998919289,0.898755104,1.145629839,6.584214575,9.468497406,4.852929817,6.805856171,0.042682543,59.87491504,4.568625493,1.815566502,8.686016795,1.027247293,1.027997476,0.023007327,0.039273999,0.810297576,1.341286598,1.026139943,1.013949177,1.037983465,1.436038319,1.988398576,0.916403827,1.375610345,0.019056949,13.56534671,1.049448351,0.587315963,1.8338799,1.039723317,1.053802141,0.117918069,0.171716458,0.439504012,1.805671645,1.011861169,0.95923173,1.102083547,4.228649622,5.688644781,2.685298291,3.805940097,0.089604935,37.74425165,3.303557227,1.549202039,5.77840966,0.0999999999999996
2021-12-21 15:27:43,14.8,15.2,15.5,4,1,1,59,31,12,"Condition 2.5-15","2.5","15",2377,1.054065811,1.116203985,0.232402318,0.36730554,0.246263442,3.109965185,1.001881758,0.885320338,1.130747451,6.819932411,9.958629374,5.206457334,7.258442997,0.106202984,55.02037434,4.469298394,1.766073698,8.847795446,1.026679978,1.027230375,0.0218271,0.033629482,0.838087436,1.235835981,1.026169102,1.012679675,1.040115363,1.462062375,1.881163131,0.869427309,1.183950291,0.056986375,9.020975727,1.147987779,0.632649701,1.930048779,1.041403829,1.05787885,0.124643877,0.186011512,0.405211965,2.020021423,1.007675787,0.964015201,1.09612782,4.29602345,5.85366136,2.914270621,3.976957439,0.049494524,37.00887602,3.078526816,1.554735105,5.960956334,NA
2021-12-14 21:27:33,2.017,3.017,16,1.2,0,1,60,32,13,"Condition 2.5-5","2.5","5",5896,1.012437789,1.025734023,0.090199614,0.164634764,0.098552832,2.285714094,0.993132482,0.978321029,1.01867896,3.03360538,5.320488925,3.142024962,4.371279241,0.006172804,36.35961489,0.909910634,0.24281338,4.378055893,1.025727129,1.02675804,0.017679452,0.046003148,0.603335309,1.662746619,1.02505583,1.020225307,1.03028901,0.684093475,1.108700028,0.586383222,0.87256004,0.015684046,9.221806756,0.34950186,0.153470105,0.871639513,1.005392203,1.010457577,0.057262772,0.101058228,0.599502147,1.622785379,0.993692716,0.982552985,1.012961633,1.997382831,3.248896219,1.826079172,2.562596817,0.012287365,23.79603743,0.920013324,0.318324219,2.861365327,0.483
2021-12-14 21:30:33,5.017,6.017,16,3,0,1,60,32,13,"Condition 2.5-5","2.5","5",6062,1.009644557,1.022940306,0.092534808,0.164405583,0.299297601,2.174801044,0.992614942,0.977054476,1.016584638,2.882477178,5.154589036,2.926759598,4.273654973,0.00656851,40.3869384,0.914624761,0.244303739,4.187163825,1.025376298,1.02607431,0.015166721,0.037844047,0.622706339,1.426481035,1.025115322,1.019914027,1.030614182,0.650783208,1.004079485,0.522144574,0.764691642,0.005043113,7.0923806,0.375452676,0.161847535,0.870206904,1.004655726,1.008579317,0.051787298,0.088884277,0.427769765,1.523133065,0.994595012,0.982539368,1.015593859,1.787630794,2.708710228,1.502906508,2.035232335,0.010751172,20.13263631,1.055187486,0.303393811,2.615504711,0.0170000000000003
2021-12-14 21:33:57,8.417,9.433,16,3,0,1,60,32,13,"Condition 2.5-5","2.5","5",6108,1.009706253,1.022645622,0.0902986,0.162177857,0.324454745,2.252783422,0.993289233,0.975834085,1.025071629,2.993608887,5.374429058,3.040832115,4.463861148,0.014727002,37.85278162,1.013402691,0.269922105,4.041972948,1.025659835,1.026387651,0.016376269,0.03864918,0.616455993,1.320191072,1.025255569,1.019633425,1.031130471,0.702322212,1.087146388,0.563334384,0.829905753,0.003010888,9.355106666,0.408891869,0.176705666,0.939056853,1.005414733,1.00938721,0.050960146,0.089471037,0.576663306,1.695719385,0.99593817,0.98315089,1.015040919,1.935055926,2.98499357,1.665513565,2.27301368,0.025945839,19.30019165,1.018690336,0.358619472,2.859449632,0.917
2021-12-14 21:35:58,10.433,11.433,16,3,0,1,60,32,13,"Condition 2.5-5","2.5","5",6024,1.00609257,1.017076098,0.08401044,0.149081247,0.449546508,2.646630911,0.993319627,0.974476934,1.022763763,2.632987187,4.696421978,2.622612789,3.889250479,0.018227898,55.63783998,0.906070632,0.301177243,3.812921612,1.025433605,1.026358289,0.018431686,0.043561162,0.588449112,1.519233609,1.025184235,1.0181547,1.031750448,0.664292114,0.981155759,0.482658538,0.722128237,0.014893443,8.789354652,0.429560898,0.208998758,0.864495784,1.005826182,1.010214654,0.053051739,0.094068101,0.466040075,1.62797203,0.996797313,0.983020727,1.018344679,1.878691987,2.941535673,1.558419708,2.26362525,0.01126663,19.56437968,1.041461963,0.43852456,2.568975612,0.433
2021-12-14 21:38:03,12.517,13.633,16,3.5,0,1,60,32,13,"Condition 2.5-5","2.5","5",7231,1.008825269,1.020196249,0.080561997,0.151905084,0.337252756,2.430904323,0.992232843,0.980889585,1.008309741,2.597092381,4.772373692,2.790301218,4.004107812,0.01238586,43.63330986,0.599190003,0.209136289,3.84732921,1.025675474,1.026596759,0.015351725,0.043485511,0.537168249,1.582001142,1.02516454,1.020122474,1.029976379,0.625846399,1.009911377,0.522562793,0.792669023,0.01081625,11.27314891,0.326682757,0.154469785,0.827242255,1.002898578,1.006526666,0.045297361,0.08538958,0.442351058,1.506368526,0.99501243,0.98502121,1.00868341,1.70813243,2.643744562,1.537211687,2.017977242,0.018395055,15.27421476,0.7789542,0.31782587,2.562058232,0.0169999999999995
2021-12-14 21:40:09,14.617,15.617,16,4,1,1,60,32,13,"Condition 2.5-5","2.5","5",5799,1.007074095,1.017728847,0.083515278,0.146892801,0.535246436,2.217795844,0.994235098,0.975419455,1.028074812,2.891747855,5.029066387,2.761144733,4.114878301,0.011221487,53.31578857,1.209587632,0.362133599,3.990821905,1.0257889,1.026774816,0.020107827,0.044988922,0.516350055,1.392117462,1.025398437,1.017496857,1.033648541,0.851003612,1.313982661,0.628280393,1.001257307,0.00682438,11.01631728,0.551774409,0.248537847,1.095634858,1.006889682,1.011309781,0.056632886,0.094457292,0.582099052,1.622031422,0.996382894,0.979706887,1.02375605,2.154862005,3.227458585,1.742400671,2.402926244,0.021016605,18.06772654,1.313244481,0.486451324,2.961876172,NA
2022-01-23 15:31:59,2.467,2.867,10.5,1.5,0,1,61,32,13,"Condition 1.5-15","1.5","15",2388,1.03424631,1.071982926,0.194442784,0.281984504,0.187510158,2.574798819,1.001308673,0.87918943,1.136865407,6.394192442,8.921336598,4.211917391,6.222601644,0.027097378,76.34024953,4.828845966,2.341967354,8.600630039,1.032481412,1.033228051,0.021613343,0.039280856,0.810371374,1.3916248,1.031930025,1.020313329,1.04442394,1.182761853,1.596769376,0.71321209,1.072953462,0.033796955,8.131257003,0.906167496,0.523524346,1.437821111,0.995091833,1.002028971,0.084865161,0.117728954,0.587268951,1.472995347,0.992704107,0.930729652,1.051633448,3.355658158,4.191069418,1.92808343,2.511426593,0.060606164,15.8103286,2.764921918,1.54164027,4.575659859,0.0329999999999999
2022-01-23 15:34:23,4.867,5.267,10.5,3,0,1,61,32,13,"Condition 1.5-15","1.5","15",2409,1.030344592,1.065768607,0.196365985,0.272550145,0.298820104,2.264130956,1.005399949,0.862841224,1.161470256,6.072345039,7.979550106,4.012859565,5.177931995,0.033934508,43.48362996,4.564196382,2.164619858,8.783263285,1.032037521,1.032571473,0.021119805,0.033209344,0.884226643,1.302676567,1.031045156,1.01873035,1.044084539,1.197483527,1.538386258,0.660177356,0.965946667,0.019777032,10.15953785,0.971763233,0.580666338,1.506885017,0.996265894,1.003138426,0.085976718,0.117246215,0.623869909,1.486750905,0.996370064,0.923234668,1.053369166,3.242947041,4.017753422,1.819770576,2.372335189,0.101973411,15.45710441,2.698334857,1.479188034,4.377522603,0.133
2022-01-23 15:37:11,7.667,8.067,10.5,3.7,0,1,61,32,13,"Condition 1.5-15","1.5","15",2380,1.037484725,1.070063768,0.197951388,0.26208925,0.349808398,2.084827378,1.006828856,0.869486377,1.178137063,5.861060714,7.839479836,3.798699138,5.207380322,0.066733766,44.0525875,4.301980334,2.23964737,7.798544238,1.031929449,1.032439372,0.020385817,0.032451657,0.896497116,1.279170949,1.032355976,1.019788757,1.044240791,1.102124542,1.420043239,0.643588567,0.895645849,0.025324474,7.061919387,0.87404187,0.47519821,1.470656065,0.993319913,0.999363985,0.081663566,0.109767885,0.562537338,1.510830112,1.000446203,0.930965155,1.053744172,2.920572094,3.625589549,1.605534977,2.148743585,0.058260154,15.54036602,2.42322026,1.403019054,3.824317854,0.167
2022-01-23 15:39:27,9.933,10.333,10.5,4,1,1,61,32,13,"Condition 1.5-15","1.5","15",2365,1.030476126,1.060244831,0.175239898,0.24952832,0.317554022,2.062433806,1.003314621,0.885849109,1.130594433,5.781894831,7.488605814,3.652388611,4.760093907,0.054747847,33.53093111,4.407667424,2.200294599,8.146312376,1.032257524,1.032809506,0.021000753,0.033769271,0.899038936,1.295520654,1.031147652,1.019033017,1.04474314,1.174828589,1.536847518,0.696321008,0.991006316,0.020963944,8.120064595,0.91325753,0.532829797,1.502647113,0.996542557,1.00382024,0.08442411,0.12068208,0.519780581,1.514851706,0.994043701,0.936041981,1.049291976,3.11473052,3.951478354,1.868361812,2.432105496,0.079937444,17.25939837,2.439513009,1.368011749,4.27265933,NA
2022-02-01 21:17:37,2.483,2.9,10.5,1,0,1,62,32,13,"Condition 2.5-15","2.5","15",2405,1.041380968,1.081340767,0.205330566,0.29130537,0.118543481,2.740427097,1.002760588,0.869103471,1.162064757,6.55078761,8.632112727,4.397520084,5.62260636,0.043829994,33.40517884,4.943991869,2.41227063,9.317823786,1.030524594,1.031049075,0.021866361,0.032889308,0.871972326,1.225456083,1.029283361,1.016954209,1.04593818,1.199533574,1.550977854,0.688809579,0.983388925,0.025446464,8.083939145,0.996161037,0.52828641,1.584402344,1.012667586,1.021914712,0.095360689,0.137192803,0.480250586,1.660631266,1.007729015,0.946011556,1.071253362,3.900943393,5.107803615,2.435505976,3.298002863,0.04978764,28.41180395,3.088691093,1.614929007,5.371436673,0.0169999999999999
2022-02-01 21:20:02,4.9,5.3,10.5,2,0,1,62,32,13,"Condition 2.5-15","2.5","15",2400,1.053067285,1.091922476,0.203129814,0.288753747,0.136332526,2.442853109,1.014189362,0.898803628,1.163817352,7.173082566,9.551864308,4.956129074,6.308850066,0.115620749,41.68117109,5.092948957,2.461944789,10.47028245,1.030709072,1.031444812,0.026034199,0.038959494,0.745120883,1.229807179,1.030164982,1.014093385,1.0477628,1.393801208,1.770726683,0.798396871,1.092377494,0.02206242,8.50563454,1.087468445,0.663213508,1.82049046,1.017280091,1.029313183,0.108207666,0.15696213,0.511067447,1.721324528,1.011208046,0.951806839,1.083545659,4.209874161,5.326813585,2.568596177,3.264405691,0.054521785,18.73381733,3.314563645,1.745855302,5.951055043,0.0999999999999996
2022-02-01 21:22:34,7.433,7.833,10.5,3.09090909090909,0,1,62,32,13,"Condition 2.5-15","2.5","15",2472,1.039293664,1.073428367,0.199381582,0.268600676,0.215643685,2.110700899,1.011965272,0.866026192,1.184371393,6.38883607,8.276142594,3.950326576,5.261987771,0.143310953,37.1534285,4.725352157,2.701686198,8.72227674,1.03138613,1.032279115,0.029137893,0.042936797,0.839883757,1.349991335,1.030561624,1.0125943,1.053134248,1.508854193,1.883989616,0.79688417,1.128402052,0.025853326,10.17189477,1.23697221,0.770596874,1.874949356,1.010591413,1.017551524,0.087629161,0.118835237,0.549269948,1.484950873,1.01457314,0.950415524,1.074888855,3.518204468,4.320869745,1.877310277,2.508924094,0.08284062,21.79665362,2.917970392,1.685416595,4.618490119,0.0670000000000002
2022-02-01 21:25:10,10.033,10.433,10.5,4,1,1,62,32,13,"Condition 2.5-15","2.5","15",2373,1.053153294,1.097123732,0.216800569,0.307552408,0.352417549,2.521555082,1.00499183,0.873393363,1.169693634,6.976720061,9.601277034,4.781886648,6.597594163,0.072122829,58.3734024,4.963400885,2.536859573,9.214205128,1.03168584,1.033089039,0.032076914,0.053837837,0.717813096,1.496393746,1.03008859,1.012512288,1.049242218,1.652674209,2.195697031,0.97111159,1.44590276,0.038591382,11.82234744,1.276728085,0.756422971,2.048497676,1.013655682,1.023698432,0.102339205,0.143070836,0.547301881,1.532799046,1.012549101,0.941650414,1.078565695,4.112565014,5.27888171,2.411079865,3.310290147,0.038724983,35.93095917,3.395583173,1.784599728,5.585473281,0.0329999999999995
2022-01-13 15:53:00,2.383,3.183,23.5,0,0,1,63,34,15,"Condition 1.5-15","1.5","15",2394,1.086227435,1.144782356,0.238619859,0.36151237,0.111624017,2.815081876,1.013983895,0.948366205,1.193681343,7.65790152,11.05587691,6.034202077,7.975935211,0.024462747,52.56208311,5.524724355,1.230187979,11.02823542,1.027194816,1.028021701,0.026432602,0.041232739,0.859391231,1.218307971,1.02569652,1.012744115,1.043401906,1.315357028,1.720514863,0.837909232,1.109288736,0.008887349,7.818305038,1.090477466,0.458840191,1.863969071,1.017273172,1.029295332,0.103421739,0.156889949,0.508593694,2.012163867,1.000007691,0.961527596,1.07167962,4.197858011,5.837077394,3.079115985,4.056641158,0.040199548,29.96213289,3.094311332,1.098759948,6.133628467,0.117
2022-01-13 15:55:25,4.8,5.2,23.5,0,0,1,63,34,15,"Condition 1.5-15","1.5","15",2357,1.077206817,1.140476029,0.241963705,0.374660649,0.169327479,2.979986774,1.011514002,0.934815538,1.167657213,7.416148146,11.00823476,5.942733047,8.136957788,0.02733473,62.13767054,4.644744615,1.585419511,10.39097401,1.027548661,1.028441789,0.027550755,0.042860752,0.821717317,1.240862432,1.026215567,1.011852868,1.042882836,1.426919959,1.879669829,0.923141044,1.223803004,0.005994456,9.573417721,1.165409488,0.50898298,1.989496559,1.023259475,1.037833075,0.112568152,0.173350184,0.422804717,1.919416391,1.002767691,0.960734558,1.078789642,4.378187015,6.139897905,3.180330247,4.30554213,0.025625196,32.95937999,3.135286531,1.325877767,6.024432061,0.2
2022-01-13 15:58:09,7.533,7.917,23.5,0,0,1,63,34,15,"Condition 1.5-15","1.5","15",2354,1.083458677,1.168593007,0.273776228,0.437959352,0.122464303,3.631369979,1.013304965,0.926780975,1.170829744,8.078424696,12.20910885,6.47441487,9.156255959,0.043580915,72.21134785,5.38227421,1.496391333,10.71091885,1.02718274,1.028071424,0.029178226,0.042746319,0.854046698,1.188421895,1.02627633,1.008177787,1.045270165,1.474814642,1.849186442,0.857862372,1.1157694,0.022554698,6.690927862,1.302678437,0.638771757,2.045297247,1.029866794,1.048045654,0.124304714,0.194396846,0.442135041,2.482407119,1.00259127,0.961635946,1.086545026,4.895825305,7.356339146,3.637074361,5.491760888,0.014820892,47.81181265,3.24445864,1.498747225,6.589773567,0.0330000000000004
2022-01-13 16:00:33,9.933,10.317,23.5,0,0,1,63,34,15,"Condition 1.5-15","1.5","15",2406,1.081994245,1.151745598,0.254487027,0.394805218,0.094326834,3.241820262,1.02059585,0.935786788,1.182587418,7.323027229,10.819547,5.924623647,7.966320175,0.027002934,54.21939889,4.467097625,1.6221254,10.14545774,1.02713884,1.028006121,0.027327521,0.042227125,0.863646909,1.227977402,1.026183945,1.012438046,1.041778384,1.416639747,1.842026073,0.91124715,1.177611354,0.024224241,8.487523419,1.115661183,0.531258159,1.957730864,1.031448588,1.048412436,0.115148778,0.187875271,0.418837924,2.440068611,1.004172544,0.962279564,1.076588022,4.743207209,7.275989462,3.62065956,5.518575095,0.042606766,41.75064239,3.063134407,1.41473907,5.968270259,0.0670000000000002
2022-01-13 16:03:01,12.4,12.8,23.5,0.461538461538462,0,1,63,34,15,"Condition 1.5-15","1.5","15",2391,1.081222006,1.151690798,0.25091342,0.39675749,0.12308342,3.236548304,1.017522038,0.918803322,1.172699083,8.155700133,11.62938154,6.096413947,8.291914048,0.075875181,58.71646399,5.764415721,2.138308782,11.35302767,1.026470571,1.027352162,0.028378344,0.042560421,0.855283904,1.252536799,1.024049393,1.008598415,1.042350524,1.411821044,1.797891834,0.82909767,1.113415954,0.012022541,7.92315471,1.155465646,0.648077673,1.903407291,1.027663679,1.044918257,0.121167311,0.189146746,0.411580918,2.385393753,1.004150168,0.949287082,1.077863796,4.688323024,6.664876525,3.257259755,4.738100828,0.074988824,41.78886117,3.283826302,1.705146559,5.974961555,0.0999999999999996
2022-01-13 16:05:48,15.183,15.583,23.5,1,0,1,63,34,15,"Condition 1.5-15","1.5","15",2382,1.090798409,1.162535212,0.246262915,0.402137838,0.115733674,3.743610757,1.012160367,0.940318792,1.154518303,8.239829475,12.56984304,6.901288611,9.494420678,0.032349224,73.26166787,5.310373845,1.352446528,11.33007203,1.026881966,1.027725196,0.0273495,0.04163213,0.882058039,1.315458075,1.025306906,1.008915951,1.043626935,1.369818785,1.767660225,0.83560141,1.117471982,0.008298154,7.673999184,1.128187341,0.556910188,1.882730821,1.027276641,1.047393897,0.125134393,0.204338463,0.431923973,2.71273579,1.00495331,0.955899183,1.084427438,4.748835405,7.270374124,3.492256048,5.506326924,0.044517178,54.41443943,3.298616328,1.380467834,6.298093075,0.183
2022-01-13 16:08:04,17.45,17.85,23.5,1.4,0,1,63,34,15,"Condition 1.5-15","1.5","15",2430,1.066272112,1.128513357,0.234778417,0.369678807,0.04557044,2.899144308,1.010467829,0.938794175,1.1671753,7.032703104,10.17235169,5.692613115,7.351195407,0.018865063,46.12943656,4.551942666,1.265784822,10.70358037,1.025787123,1.026596144,0.026264715,0.040756664,0.842002558,1.245174108,1.023899513,1.011844026,1.041153137,1.304303031,1.720011525,0.846123072,1.121495009,0.009354361,7.343981675,1.043395057,0.474424763,1.826356495,1.022719294,1.037607647,0.112865546,0.175178492,0.451818027,2.068781236,1.002776993,0.962497697,1.070812865,4.226525973,6.131061585,3.117660489,4.442355108,0.034395256,43.81047557,2.930852299,1.180657643,5.847196697,0.0500000000000007
2022-01-13 16:10:28,19.85,20.25,23.5,2,0,1,63,34,15,"Condition 1.5-15","1.5","15",2412,1.09209225,1.164521945,0.255467349,0.404368234,0.102159759,3.289363484,1.018587753,0.935879756,1.158465483,7.588641252,11.44666098,6.500852515,8.571408516,0.06914127,64.14231025,4.538318824,1.215086281,11.2589478,1.026084687,1.027091546,0.02927291,0.045476541,0.782688091,1.271274179,1.024497937,1.010439903,1.043118595,1.448316721,2.011651496,1.019284906,1.396398647,0.012261477,11.52128306,1.103996235,0.408255546,2.024872384,1.025051653,1.039269295,0.111107287,0.17135329,0.46474314,1.95649531,0.998496843,0.967301999,1.077342907,4.453646654,6.852903343,3.47368805,5.209469441,0.014640806,42.80670047,2.920754376,1.080614718,6.020336138,0.149999999999999
2022-01-13 16:13:16,22.65,23.05,23.5,3.75,0,1,63,34,15,"Condition 1.5-15","1.5","15",2362,1.093523699,1.161385138,0.255580939,0.39126228,0.054479032,3.632817361,1.016396565,0.929397353,1.181306521,8.14507528,12.15512927,6.984230084,9.024378646,0.027340996,69.6416028,4.771633489,1.141252997,12.29057311,1.025899023,1.026748199,0.027122918,0.04175878,0.814436444,1.228602974,1.025005983,1.01180993,1.042259578,1.363230001,1.799352773,0.913248676,1.174673914,0.017625567,7.009721613,1.069882392,0.432913579,1.966899285,1.03082925,1.052863026,0.132438965,0.214315316,0.371664573,2.684061584,1.007077766,0.973536001,1.083108781,5.122142332,7.424325195,3.925153037,5.375546635,0.030585587,52.12682935,3.559259136,1.205617024,7.648648544,0.149999999999999
2022-01-13 16:13:40,23.05,23.45,23.5,4,1,1,63,34,15,"Condition 1.5-15","1.5","15",2436,1.07684798,1.152656983,0.255069338,0.411200632,0.121609826,4.101077101,1.013342091,0.922328331,1.149686783,7.590171111,12.09800289,6.546729067,9.422708715,0.044616875,86.2074769,4.283201548,1.294460282,10.17066084,1.02571964,1.026572758,0.025727705,0.041851719,0.844079501,1.258237392,1.024929015,1.010787717,1.039269436,1.292298709,1.763275641,0.882133227,1.199873444,0.018771266,9.351199243,0.981585554,0.39596213,1.796557227,1.02907403,1.04950622,0.122107412,0.206124693,0.355875174,2.941936654,1.004943657,0.960921282,1.079465172,4.611006722,7.692780848,3.610583138,6.15898307,0.037339143,62.8678538,3.086785051,1.117203375,5.815747876,NA
2022-01-16 16:52:32,2.383,2.983,26.5,0.428571428571429,0,1,64,34,15,"Condition 2.5-10","2.5","10",3549,1.044987094,1.096656548,0.180342671,0.332699182,0.141405289,3.164245705,0.993998165,0.961028502,1.075446154,5.169034593,8.96937764,5.052332002,7.33116395,0.025750934,85.35419937,2.004581124,0.614100603,7.139728081,1.026622229,1.02747723,0.027358039,0.041913623,0.789934395,1.223852708,1.024226952,1.010848753,1.041013649,1.174362253,1.557774334,0.769377029,1.023635436,0.02171763,7.827604541,0.908343021,0.397505562,1.638543699,1.025548617,1.034899522,0.082636345,0.138825374,0.55175209,2.006939347,1.007732013,0.983354602,1.047740909,3.314837499,5.216422324,2.707730981,4.028335626,0.032823368,44.72345884,1.985375198,0.759641599,4.31810633,0.117
2022-01-16 16:54:57,4.8,5.4,26.5,1,0,1,64,34,15,"Condition 2.5-10","2.5","10",3650,1.043326626,1.091778835,0.181935848,0.321681406,0.050360089,3.039669862,1.002884259,0.940645315,1.095464028,5.332424691,8.373085874,4.68320894,6.456410591,0.035983836,50.97477139,2.627432231,0.966853549,7.195728262,1.026464108,1.027227873,0.029292083,0.039610212,0.880961756,1.201389072,1.024916161,1.003953776,1.046953618,1.252060958,1.542813795,0.664505164,0.901576687,0.024331948,6.556807295,0.998689295,0.629517878,1.610838401,1.026407631,1.035752994,0.084581014,0.138841351,0.517611301,2.01256655,1.010727229,0.973827882,1.058088827,3.54815306,5.684457007,2.76257822,4.441741554,0.034442278,45.49384241,2.03433793,1.076556568,4.255593744,0.2
2022-01-16 16:57:20,7.183,8.6,26.5,1,0,1,64,34,15,"Condition 2.5-10","2.5","10",3605,1.022082882,1.059289693,0.160225977,0.27832126,0.162851958,2.426231149,0.990288499,0.952092746,1.061847008,4.219534121,6.677879485,3.812696225,5.1765859,0.011631167,35.36480515,1.98205416,0.667771681,6.130446547,1.024488859,1.024982133,0.021532221,0.031799861,0.862554425,1.199202519,1.024490017,1.011339436,1.037984846,1.033550794,1.334217054,0.643096122,0.843863431,0.016513883,6.44827801,0.817048244,0.389408163,1.423956882,1.019624217,1.025798028,0.069270183,0.112390182,0.640794288,2.014962391,1.007924277,0.984604661,1.044002986,2.856301019,4.558061649,2.263405403,3.552600796,0.020968707,41.15310183,1.703772167,0.75359978,3.61119162,0.317
2022-01-16 16:59:57,9.8,10.4,26.5,1,0,1,64,34,15,"Condition 2.5-10","2.5","10",3578,1.012084101,1.03973569,0.141002429,0.238226658,0.282792419,2.270352663,0.988446014,0.959632175,1.058848172,3.680726648,5.386303203,3.080428675,3.933044377,0.0141854,24.72707449,2.275735992,0.583015312,5.566465416,1.02457084,1.024982077,0.018595476,0.029035949,0.874145068,1.158769926,1.024512997,1.014023339,1.034980748,0.899473615,1.184224548,0.59451343,0.770390107,0.011152186,5.514308673,0.694581603,0.290040489,1.291478579,1.014942395,1.020367532,0.063552855,0.105094823,0.58915437,1.539276041,1.006237751,0.986677435,1.037554853,2.334347674,3.353385202,1.810966479,2.407827664,0.012878497,14.86165557,1.551020305,0.529837363,3.294345067,0.199999999999999
2022-01-16 17:02:21,12.2,12.8,26.5,1.375,0,1,64,34,15,"Condition 2.5-10","2.5","10",3564,1.00986439,1.03984283,0.143971489,0.247919888,0.269026074,2.25934285,0.98642465,0.957061472,1.041070654,3.532658646,5.509963692,3.183287901,4.229071108,0.011406621,28.75493372,1.997851462,0.30298712,5.399403727,1.024071423,1.024408919,0.016879066,0.026297294,0.888305312,1.124054963,1.023991909,1.015630141,1.032702045,0.813462476,1.077242038,0.575480799,0.706306749,0.005776439,3.955218642,0.637320037,0.197237571,1.219782846,1.014209114,1.01920185,0.06087494,0.100772675,0.610752469,1.501875682,1.00578013,0.989228715,1.032191968,2.28558174,3.503381836,1.945047624,2.6555187,0.019431567,18.43129051,1.424243116,0.267610758,3.201125096,0.300000000000001
2022-01-16 17:05:20,15.183,15.8,26.5,2,0,1,64,34,15,"Condition 2.5-10","2.5","10",3673,1.008915927,1.028678349,0.127030799,0.200695702,0.355838444,1.997015743,0.987964516,0.949243346,1.060256318,3.85252478,5.861702324,3.229991287,4.418475263,0.017984928,47.12606697,2.515987013,0.533077672,5.710667747,1.024089162,1.024539242,0.01821676,0.030369348,0.881626278,1.334552456,1.023631728,1.012831887,1.033483645,0.894118548,1.235554298,0.598810722,0.852844959,0.010017632,8.131271189,0.697405949,0.276982429,1.222160126,1.01508618,1.020050623,0.062220882,0.100528963,0.661358965,1.693519332,1.006422736,0.985775031,1.044281188,2.45915452,3.637066622,1.898649909,2.680068795,0.01316111,21.05895306,1.730883826,0.551965804,3.405467097,0.183
2022-01-16 17:07:21,17.2,17.8,26.5,2.28571428571429,0,1,64,34,15,"Condition 2.5-10","2.5","10",3686,1.00353105,1.032963614,0.140456783,0.244858173,0.161206476,2.793595529,0.987280888,0.954735947,1.049206271,3.382389059,5.098069337,2.842120809,3.814931803,0.018369398,30.63548168,2.120873889,0.443901769,4.933772446,1.024549728,1.024958441,0.018428789,0.028946287,0.818107668,1.19803831,1.024240627,1.014626356,1.035404739,0.831208724,1.095117752,0.54097806,0.713100936,0.018299621,5.446559941,0.643025779,0.285616644,1.162330604,1.011585705,1.01628232,0.059393393,0.097604819,0.659521911,1.430997354,1.004932484,0.984900293,1.032158292,2.13560764,3.044770761,1.621396872,2.170503961,0.020344754,13.29771856,1.445848064,0.51732842,2.978971907,0.300000000000001
2022-01-16 17:10:21,20.2,20.783,26.5,3,0,1,64,34,15,"Condition 2.5-10","2.5","10",3512,1.021258402,1.046880282,0.140076856,0.230227483,0.248378812,2.504939039,0.989094391,0.960100376,1.05666863,4.403003336,6.596424897,3.861852612,4.912561109,0.007867756,38.32815408,2.50948267,0.559701333,6.978397208,1.024255311,1.024686822,0.019314806,0.02973877,0.850201018,1.163669964,1.023410195,1.01233583,1.036016882,0.989265841,1.303456578,0.662515391,0.848856509,0.010457526,6.36613313,0.793648177,0.312806912,1.406236299,1.019450276,1.025109472,0.066121142,0.107581874,0.576432592,1.70542708,1.007451144,0.990054312,1.050161287,2.865198573,4.338397643,2.375210285,3.258121346,0.013929735,22.99049033,1.74999813,0.583899866,3.928785981,0.199999999999999
2022-01-16 17:12:45,22.6,23.183,26.5,3.5,0,1,64,34,15,"Condition 2.5-10","2.5","10",3580,1.018670315,1.044275249,0.140103818,0.229861575,0.244995834,2.207062065,0.987170511,0.960305327,1.05621001,4.13926731,6.397091762,3.81263668,4.878103926,0.016908727,28.60380128,2.128013556,0.3385072,6.484881815,1.024350023,1.024746727,0.018544568,0.02851511,0.910669899,1.158384876,1.023983493,1.015738428,1.034833957,0.901353833,1.211382591,0.648129536,0.809439384,0.016759169,4.886066353,0.681141257,0.218812523,1.360901225,1.015536728,1.02107558,0.062768901,0.10622451,0.560947782,1.522835145,1.006529193,0.993564885,1.042733326,2.600947938,3.950969226,2.211210192,2.974508323,0.006798912,18.27849442,1.612217907,0.313743508,3.717030342,0.100000000000001
2022-01-16 17:15:09,25,26.5,26.5,4,1,1,64,34,15,"Condition 2.5-10","2.5","10",3620,1.016683849,1.043437922,0.138627164,0.234801783,0.21703159,2.55384857,0.987085497,0.954147299,1.054078578,4.432943204,6.875671746,3.955621463,5.256568427,0.023839238,38.11354211,2.470835551,0.516796779,6.440778524,1.024008388,1.024460158,0.019786928,0.030425168,0.894720746,1.240353823,1.022809417,1.010871935,1.033912864,0.973257172,1.295077958,0.664089343,0.854516918,0.010892732,6.056533028,0.749414441,0.283094877,1.419680725,1.020017413,1.027277832,0.069582615,0.121935755,0.572804757,2.197158729,1.007023517,0.983042421,1.044717131,3.034062534,4.93325872,2.575674957,3.89046121,0.00747443,42.51909676,1.79804475,0.531857552,4.076008853,0
2022-02-01 15:25:18,2.467,2.867,29,0.5,0,1,65,34,15,"Condition 2.5-15","2.5","15",2418,1.053888883,1.107120783,0.219216052,0.339237743,0.024687479,3.040930042,1.014763588,0.909693994,1.158977773,6.065786123,8.093100548,3.973222112,5.358768161,0.166887948,52.47064027,4.477253659,2.324201992,8.246396187,0.98164629,0.982287535,0.023496335,0.035494846,0.831274526,1.191058343,0.977629691,0.964810632,0.993867426,1.129752306,1.397047192,0.584029736,0.82199765,0.039997029,7.940330164,0.957412589,0.593111907,1.470697142,1.024256486,1.032243603,0.08596306,0.128188537,0.56075772,1.625582571,1.019575987,0.969504858,1.075742682,3.093860693,4.287427114,1.838200051,2.968788274,0.113644619,35.26338018,2.375060673,1.374421225,3.865673168,0.0329999999999999
2022-02-01 15:27:42,4.867,5.267,29,1,0,1,65,34,15,"Condition 2.5-15","2.5","15",2426,1.05548153,1.10904959,0.216364743,0.340584126,0.161364095,2.78278549,1.01797942,0.914254611,1.156001018,6.193438008,8.491640239,4.386032602,5.810611204,0.102761434,37.34327526,4.481053255,1.84053683,8.53190315,0.980732119,0.981434317,0.023341779,0.037126777,0.847660329,1.193969598,0.978299892,0.96631507,0.9925476,1.146511647,1.446205746,0.679040606,0.881670379,0.026150527,6.160950846,0.923821291,0.498574986,1.57316735,1.025737533,1.03457448,0.086280586,0.134960644,0.572927016,1.741563036,1.01439383,0.97450029,1.065804592,3.069522308,4.361293295,2.055001039,3.098850102,0.033503041,26.04517866,2.225036803,1.162298485,3.927005114,0.133
2022-02-01 15:30:30,7.667,8.067,29,1.63636363636364,0,1,65,34,15,"Condition 2.5-15","2.5","15",2425,1.042521439,1.084330937,0.196587884,0.298260479,0.328390634,2.706961976,1.011613434,0.882947861,1.136868362,6.13984303,8.454395935,4.283819549,5.813181506,0.025955402,39.02373866,4.351538446,2.081689347,8.30600003,0.981750726,0.982418344,0.024451227,0.036219533,0.878455619,1.239087709,0.977167905,0.962325606,0.995132131,1.159990977,1.445143066,0.634736444,0.862070762,0.038979018,7.218363771,0.983849319,0.557019261,1.512757504,1.026795751,1.038600738,0.098411879,0.15617951,0.530688808,2.200822068,1.01385952,0.956488062,1.075617023,3.450316844,5.171659403,2.364652616,3.853245367,0.031088508,37.19023815,2.414020954,1.307503928,4.234717457,0.167
2022-02-01 15:32:42,9.867,10.267,29,2,0,1,65,34,15,"Condition 2.5-15","2.5","15",2436,1.05262725,1.104375569,0.213581056,0.334166291,0.126911654,2.711775121,1.017313634,0.91690025,1.151055072,5.853538307,8.122409371,4.086179885,5.632286486,0.059606182,42.39405569,4.099264951,2.035758464,7.722021546,0.981303374,0.981939156,0.023311682,0.035337054,0.830059675,1.163630138,0.978182719,0.965934136,0.993311121,1.102004151,1.35821568,0.608684232,0.794100532,0.019912277,5.261129978,0.930393146,0.541572766,1.497035279,1.024811987,1.031995583,0.082141947,0.121578542,0.625452899,1.694018484,1.012973976,0.973233104,1.076126117,2.969721549,4.217190205,1.956448114,2.994850676,0.033821218,24.06554289,2.161822931,1.181709397,3.73729485,0.132999999999999
2022-02-01 15:35:10,12.333,12.733,29,2,0,1,65,34,15,"Condition 2.5-15","2.5","15",2414,1.044787844,1.098281873,0.2197675,0.338657561,0.169263417,2.976046687,1.007239219,0.917823389,1.142108902,5.936245905,8.121523066,4.034940248,5.543722381,0.119561644,51.75854908,4.539222812,1.860269881,8.041757889,0.980763726,0.981466206,0.023650841,0.037134871,0.842837215,1.200335624,0.977857769,0.965887092,0.993926352,1.131033681,1.420818673,0.650319701,0.860113424,0.017582143,5.774959583,0.937447671,0.495858609,1.52514567,1.024349102,1.032342598,0.084088022,0.128245745,0.622679878,1.640486672,1.013635328,0.973851565,1.068006468,3.11326536,4.515005106,2.074822128,3.27067013,0.033446846,30.02945209,2.21553318,1.202995614,3.880426169,0.167
2022-02-01 15:37:38,14.8,15.2,29,2,0,1,65,34,15,"Condition 2.5-15","2.5","15",2395,1.038570238,1.082998429,0.20251119,0.307077891,0.112271311,2.358433584,1.02442771,0.913048393,1.142100454,5.019181018,6.573321685,3.269996267,4.245457416,0.143355606,28.23014852,3.846024471,1.836130523,7.00981427,0.980864493,0.981519406,0.02289147,0.03585705,0.798413447,1.182233844,0.977912236,0.965530019,0.994010547,1.074296138,1.317250938,0.585839836,0.762417633,0.029300852,5.212832981,0.92013425,0.524007991,1.459401157,1.02309647,1.030307217,0.079057753,0.121707678,0.595843241,1.54490676,1.012312215,0.976512235,1.064939966,2.713329272,3.551311538,1.63109084,2.291691877,0.019250441,21.90871389,2.224781059,1.116199006,3.583193184,0.199999999999999
2022-02-01 15:40:38,17.8,18.183,29,2.54545454545455,0,1,65,34,15,"Condition 2.5-15","2.5","15",2424,1.033484555,1.074174045,0.197518667,0.292907748,0.16570259,2.457385193,0.999992214,0.897328538,1.137507438,5.540979294,7.433173216,3.836227664,4.955779315,0.030015935,30.50504201,4.261476623,1.692239854,7.963860337,0.981580551,0.98227603,0.024494639,0.036964621,0.846939615,1.25614895,0.978311278,0.964297239,0.995369173,1.164486235,1.46896294,0.656425916,0.895631056,0.018145122,7.772279853,1.000302744,0.551109312,1.555998342,1.024639768,1.035288405,0.09745511,0.148136694,0.562507555,1.980537468,1.00753477,0.965444001,1.077626664,3.318518223,4.659033733,2.155227299,3.270848132,0.026849234,30.92484248,2.604930926,1.236301042,4.437063985,0.300000000000001
2022-02-01 15:42:38,19.8,20.65,29,3,0,1,65,34,15,"Condition 2.5-15","2.5","15",2499,1.044313337,1.101089617,0.227667613,0.349079877,0.049014743,2.794073507,1.004906271,0.908732909,1.153647184,5.558039915,7.459607787,3.828804087,4.976329382,0.057511993,34.43803987,4.237957886,1.796802817,7.846524374,0.980856198,0.981532367,0.023814406,0.036434003,0.822626001,1.166752639,0.977305418,0.964884748,0.993460709,1.117904183,1.38332369,0.630109057,0.814948181,0.007426902,5.238054219,0.973582999,0.504920835,1.549906183,1.024255746,1.031629424,0.079457063,0.123148305,0.629019186,1.651457605,1.010495139,0.97677307,1.062108808,3.003205244,4.120874555,1.993883824,2.822331329,0.047167385,23.67126136,2.253724788,1.118979965,3.963191058,0.199999999999999
2022-02-01 15:45:30,22.667,23.067,29,3,0,1,65,34,15,"Condition 2.5-15","2.5","15",2435,1.041580306,1.08395583,0.205786735,0.300179468,0.175058251,3.158018135,1.002326817,0.893700714,1.164649675,6.120755637,8.649164197,4.435957592,6.112261517,0.070626832,53.24773722,4.450210379,1.698304551,8.38426955,0.981499516,0.982216961,0.024263991,0.037542465,0.864254678,1.208996151,0.977292293,0.96390174,0.993449161,1.155810728,1.42585976,0.622019415,0.835143201,0.006832107,6.154947108,0.98491547,0.57510199,1.538880831,1.025037786,1.037072847,0.101539831,0.157568471,0.521587465,1.967969419,1.007764232,0.960740294,1.07739524,3.444192439,4.913178487,2.267218076,3.504555217,0.036127486,33.27227832,2.585363159,1.264123336,4.520329904,0.167000000000002
2022-02-01 15:47:56,25.1,25.533,29,3,0,1,65,34,15,"Condition 2.5-15","2.5","15",2785,1.026432506,1.056297975,0.16416252,0.249447518,0.242978224,2.489445292,0.992889048,0.937440922,1.109420217,4.978100311,7.076135986,3.825792297,5.029841466,0.01559279,30.78531476,3.91714273,0.889069935,7.40283685,0.980664447,0.981302786,0.022642958,0.035395635,0.873361649,1.180865628,0.976731331,0.965452794,0.991058374,1.05113207,1.366228835,0.679655403,0.872912538,0.012325698,6.914244514,0.908120362,0.321223905,1.536535932,1.021712051,1.031188415,0.088498983,0.139502754,0.581856502,2.005300505,1.001094037,0.973157682,1.065115864,3.022921566,4.511258743,2.174483049,3.349243184,0.023394156,33.14112213,2.363000912,0.796377991,4.258503748,0.100000000000001
2022-02-01 15:50:10,27.333,27.733,29,3.72727272727273,0,1,65,34,15,"Condition 2.5-15","2.5","15",2415,1.045029091,1.097450773,0.224248112,0.335199828,0.073313372,2.410740554,1.009458167,0.90783248,1.154815158,5.810038341,7.906233255,4.078635172,5.363198133,0.101960493,37.28327302,4.244289939,1.754903295,8.325434115,0.981519244,0.982172494,0.024608457,0.035823355,0.827441791,1.160363159,0.97800956,0.96528912,0.995493829,1.142435339,1.401638375,0.632540024,0.812222207,0.019908425,6.329840661,0.993994472,0.530256376,1.583639342,1.025157663,1.032514956,0.085095929,0.123065717,0.604921248,1.572103348,1.014465908,0.97194892,1.078624492,3.04691773,4.218276424,1.941876208,2.91782027,0.030931355,22.79111568,2.32083409,1.297852217,3.89610747,0.167000000000002
2022-02-01 15:50:58,28.133,28.533,29,4.09090909090909,1,1,65,34,15,"Condition 2.5-15","2.5","15",2389,1.043158169,1.096506598,0.225513645,0.337928328,0.108927695,2.410837102,0.997681914,0.904429536,1.147363526,5.393857318,7.382148961,3.835074063,5.04113762,0.063092905,34.65614335,3.977471481,1.5391285,7.685989997,0.981185433,0.981838389,0.02202444,0.035809283,0.829125674,1.234032874,0.977488925,0.968098396,0.992541661,1.086527279,1.339249938,0.623178716,0.783138365,0.021829549,4.114368197,0.938042312,0.490979691,1.537007203,1.02383347,1.03213234,0.086378366,0.130649679,0.603166996,1.705603821,1.009703233,0.972773421,1.072511393,2.938177784,4.171996303,2.010947976,2.962488759,0.02660862,25.98382164,2.161956775,1.096174425,3.857950451,NA
2022-02-05 15:50:01,2,3,17.5,0.4,0,1,66,34,15,"Condition 2.5-5","2.5","5",5979,1.013070258,1.029678547,0.094726557,0.184207049,0.361181912,3.006555135,0.990206557,0.982944013,1.007417539,2.655065612,5.19127752,3.039279913,4.461313518,0.013100697,52.34670929,0.409215982,0.138749513,3.858158388,1.032463644,1.032762088,0.012714517,0.024828572,0.901716843,1.294975228,1.032119171,1.028246727,1.035584175,0.61233248,1.01121501,0.58423014,0.804806238,0.004747968,7.263430747,0.210527352,0.091392707,0.898105584,1.003572659,1.00855563,0.046692713,0.100140174,0.53847083,2.173432624,0.993313275,0.987658857,1.001444829,1.546083847,3.214589963,1.641220368,2.818606452,0.009958735,43.48590634,0.404665371,0.137560619,2.054668787,0.5
2022-02-05 15:53:01,5,6,17.5,1,0,1,66,34,15,"Condition 2.5-5","2.5","5",5960,1.010866139,1.027726873,0.094820986,0.185412896,0.209912647,2.198398474,0.988196706,0.983187107,1.00171583,2.238528212,4.193631282,2.624810542,3.546497634,0.006860134,24.44915605,0.249877891,0.099361251,3.422955992,1.032068267,1.032290903,0.010721886,0.021440051,0.887882938,1.194698651,1.031935202,1.029472034,1.034555872,0.498822581,0.818666817,0.500121951,0.649201138,0.004776795,4.181186995,0.138457361,0.067749157,0.758873569,1.00303941,1.005920709,0.037557755,0.076088015,0.660307378,1.641493676,0.995007,0.991806038,1.000174947,1.12270843,2.024515105,1.221544316,1.684833391,0.00570633,15.75206707,0.201091397,0.090893057,1.751691911,0
2022-02-05 15:56:14,8.217,9.2,17.5,1.5,0,1,66,34,15,"Condition 2.5-5","2.5","5",5837,1.008385502,1.025349052,0.0922386,0.185755941,0.292821375,3.072657161,0.988943228,0.981351387,1.002937744,2.449935527,4.884502599,2.84337256,4.226019609,0.003769804,58.45335936,0.4019057,0.144688941,3.50751965,1.032460161,1.032787716,0.012710838,0.026011503,0.831508514,1.283312076,1.032273743,1.028246114,1.036040839,0.596378079,1.009174998,0.567364781,0.814175011,0.00720305,8.691021918,0.23503066,0.091453511,0.836491122,1.004333952,1.009410708,0.047231318,0.101118951,0.596476455,2.311617234,0.994346212,0.988811083,1.002656253,1.512015595,3.198435953,1.629054466,2.818716515,0.012278819,46.66265691,0.397220979,0.142004458,1.952139864,0.717000000000001
2022-02-05 15:58:13,10.2,11.183,17.5,2,0,1,66,34,15,"Condition 2.5-5","2.5","5",5962,1.008554246,1.026013865,0.09158725,0.1884907,0.246035286,3.131550737,0.988859748,0.980317737,1.003938294,2.643920428,5.319909174,3.061013486,4.616783955,0.010360697,55.74462749,0.41893526,0.159957262,3.748210704,1.032310332,1.032604312,0.012725964,0.024640298,0.902375631,1.257457456,1.032065405,1.027757401,1.035890267,0.61049202,1.005857976,0.570936434,0.799472942,0.006241383,8.256048151,0.238880354,0.103061773,0.878468589,1.004432146,1.009710968,0.049090792,0.103121706,0.5980708,2.326560018,0.994435944,0.988373953,1.003550031,1.605094147,3.350450009,1.716060405,2.941196908,0.011072013,48.26074816,0.396065893,0.147732112,2.171976975,0.199999999999999
2022-02-05 16:00:13,12.2,13.2,17.5,2.8,0,1,66,34,15,"Condition 2.5-5","2.5","5",6067,1.008017007,1.023961794,0.092302347,0.180013362,0.326109487,2.275389836,0.98780824,0.983778526,0.99618807,2.432004708,4.858425611,2.984276695,4.206253582,0.00411765,37.80787532,0.203686996,0.089884165,3.625527367,1.032255529,1.032512679,0.010697346,0.023044358,0.926969952,1.336770749,1.032200114,1.029775762,1.034105787,0.523554901,0.909293331,0.551104671,0.743502359,0.004992871,6.552292063,0.123684156,0.06429131,0.792938986,1.003765034,1.008201815,0.045519198,0.094488771,0.652414418,1.873018886,0.994360878,0.991531589,0.998317775,1.384805908,2.817898825,1.608794686,2.454355198,0.00958811,30.91052387,0.170998487,0.08737638,1.929155911,0.300000000000001
2022-02-05 16:03:13,15.2,17.4,17.5,4,1,1,66,34,15,"Condition 2.5-5","2.5","5",5967,1.007456471,1.023502603,0.091089401,0.180539473,0.154385133,2.226182034,0.987833201,0.981612899,0.999796921,2.120978364,3.896610471,2.456281246,3.269069475,0.007033224,20.47734356,0.308900297,0.122301979,3.272453416,1.031808427,1.031978155,0.010156293,0.018717382,0.908064267,1.149898927,1.031624387,1.028516385,1.034600713,0.510209337,0.806898536,0.489726586,0.62516973,0.0036684,4.266124668,0.169536774,0.079197737,0.819650979,1.00351984,1.005722998,0.034299473,0.066538871,0.757156977,1.518105144,0.996121495,0.992084813,1.002593362,1.123797199,1.981730472,1.192880927,1.632416056,0.007152036,14.75862848,0.282545084,0.114479515,1.669786814,0.199999999999999
2022-01-13 21:51:37,2.35,2.833,7.5,1.36363636363636,0,1,67,35,16,"Condition 2.5-15","2.5","15",2885,1.015961621,1.0623096,0.202791097,0.310414353,0.157431465,2.706581665,0.992818948,0.888224598,1.11966725,4.817011896,6.569198232,3.333347669,4.467402147,0.058133955,42.92700337,3.657519464,1.446749115,6.910377532,0.984196617,0.98469495,0.021516049,0.031328975,0.856453186,1.162502823,0.982084081,0.968528024,0.997858174,1.052102038,1.309035016,0.582946702,0.779015019,0.015085357,5.841301218,0.897408163,0.480534763,1.414243983,1.020750952,1.02969603,0.096676552,0.13545393,0.588567166,1.706935164,1.01153961,0.956827291,1.080384819,3.015953278,4.061230033,1.952613542,2.720327398,0.04634567,20.42872526,2.285279414,1.135278662,3.988533519,0.15
2022-01-13 21:54:25,5.15,5.617,7.5,3,0,1,67,35,16,"Condition 2.5-15","2.5","15",2767,1.018148823,1.068505044,0.21700855,0.324212881,0.281108741,2.88853462,0.990143286,0.866995817,1.134468147,4.784491199,6.661266416,3.45004011,4.635610334,0.045504988,35.61614662,3.526696659,1.354787785,6.954743672,0.984853519,0.985452887,0.024138908,0.034371022,0.871990688,1.155334561,0.98191714,0.968266376,1.000816474,1.155192284,1.423601968,0.645350602,0.832119993,0.019735761,6.276465295,0.977770756,0.533175619,1.567337562,1.022391462,1.031757412,0.096024631,0.138729997,0.599338166,1.683258296,1.005755641,0.966934303,1.081865614,2.911881578,3.844217829,1.864764549,2.510225984,0.033674625,19.85584757,2.281385539,1.13539102,4.115180446,0.15
2022-01-13 21:55:49,6.55,7.017,7.5,4,1,1,67,35,16,"Condition 2.5-15","2.5","15",2654,1.021438129,1.0759602,0.230205952,0.338227148,0.243773752,2.658678596,0.996119042,0.881881512,1.159076983,5.31353074,6.975388532,3.516718472,4.519970908,0.046269387,26.35830916,4.257128881,1.657822418,7.575238287,0.98645565,0.987189436,0.026955161,0.038062824,0.84794123,1.176090115,0.983919166,0.96542222,1.003154616,1.310080039,1.614419638,0.71149236,0.943597726,0.030866938,6.871413573,1.113661599,0.629182573,1.744782788,1.023406515,1.03293206,0.102101509,0.139982605,0.581420054,1.543417782,1.011978159,0.958553858,1.097874586,3.170104623,4.089602477,1.97968304,2.58414438,0.046110242,18.63554209,2.426476939,1.284880616,4.360849404,NA
2022-01-31 23:00:00,2.033,3.033,21.5,0.4,0,1,68,35,16,"Condition 2.5-5","2.5","5",5957,1.01008648,1.029036376,0.103869666,0.196590064,0.282730431,2.157916698,0.992390216,0.980483151,1.00749827,2.463492588,4.608119523,2.862395446,3.894677981,0.018251837,31.88820416,0.43507828,0.225347416,3.607101409,0.977332829,0.977540419,0.01117438,0.020146475,0.846711017,1.13614659,0.976234436,0.971531141,0.980778777,0.604624079,0.939523139,0.520071011,0.719180292,0.008375152,7.052639707,0.285053876,0.158277292,0.811084487,1.005446682,1.009979185,0.049308149,0.09558482,0.606090823,1.629959157,0.995781518,0.988351549,1.005271204,1.482854537,2.523466671,1.535740714,2.041990831,0.013341852,11.48543535,0.41098295,0.224665919,2.125161915,0.467
2022-01-31 23:03:00,5.033,6.033,21.5,1,0,1,68,35,16,"Condition 2.5-5","2.5","5",6064,1.013802111,1.03477471,0.109139875,0.207294638,0.211929676,2.249806796,0.991476163,0.980533239,1.013339731,2.769338916,5.171801679,3.163767597,4.368230965,0.011226119,32.32419808,0.51125059,0.188081823,3.636926147,0.977864917,0.978128946,0.012427036,0.02272717,0.835016348,1.126420216,0.976625618,0.971854347,0.981475682,0.621945435,0.959277825,0.548077821,0.730401131,0.008026176,6.351642683,0.279829015,0.146205823,0.887953945,1.0083707,1.014446161,0.054620275,0.11086736,0.243142879,1.952689401,0.997235343,0.989329971,1.007842988,1.62117163,2.95944096,1.723730012,2.476106737,0.014928226,19.07863547,0.426070028,0.194514371,2.158674181,0.0330000000000004
2022-01-31 23:05:00,7.033,9.233,21.5,1.5,0,1,68,35,16,"Condition 2.5-5","2.5","5",6018,1.011289191,1.032420311,0.109441515,0.20782937,0.209216243,2.445311973,0.991955627,0.977318722,1.016144299,2.582913622,4.819591982,2.898576608,4.069370498,0.011486498,35.86324012,0.620968844,0.201439682,3.467741607,0.977531398,0.977844246,0.013593422,0.024735336,0.839382158,1.229586267,0.976293596,0.971170319,0.981775854,0.674958934,1.035318557,0.574595108,0.785122537,0.006846674,7.09816146,0.338181623,0.159133601,0.982457767,1.008388159,1.014143376,0.055206178,0.107898297,0.37699059,2.006886873,0.997541566,0.98901342,1.01008851,1.703826443,2.982974136,1.70809097,2.448694892,0.010315882,21.04653183,0.616666298,0.2187301,2.283006159,0.467
2022-01-31 23:08:12,10.233,11.233,21.5,2,0,1,68,35,16,"Condition 2.5-5","2.5","5",5988,1.009423657,1.030785295,0.107166279,0.208780951,0.187350372,2.157983752,0.991427768,0.984714148,1.00001842,2.316670733,4.492860666,2.859320948,3.849845356,0.005899305,23.02906803,0.263538982,0.135481872,3.214180722,0.977309784,0.977578204,0.011326181,0.022908889,0.871965923,1.246036401,0.976112605,0.97259183,0.97975579,0.555869661,0.910912698,0.518404482,0.72170483,0.003763334,9.531647844,0.21728705,0.113564552,0.780282345,1.006323397,1.012089644,0.052289837,0.107891664,0.434161954,1.894016135,0.996304952,0.991609115,1.00350708,1.496640857,2.806204697,1.711268567,2.373982369,0.010467777,17.93765299,0.276865816,0.147013734,1.970758952,0.233000000000001
2022-01-31 23:10:12,12.233,13.233,21.5,2.4,0,1,68,35,16,"Condition 2.5-5","2.5","5",5914,1.009652674,1.031191766,0.106780157,0.209679207,0.262162327,2.123810083,0.99150871,0.980530352,1.005058886,2.520760677,4.937746683,2.998196935,4.246193255,0.01318786,28.49778637,0.431723219,0.221955772,3.039119187,0.97688361,0.977243165,0.012411539,0.026509152,0.801693694,1.382945033,0.975870382,0.970568735,0.980879042,0.638475351,1.00262838,0.524357298,0.773119641,0.014476364,10.2652009,0.333374562,0.176380473,0.8545113,1.006404497,1.011722859,0.05186083,0.103609589,0.566760661,1.924645379,0.996775669,0.989023142,1.007853388,1.582967427,2.820930774,1.655873868,2.335120281,0.017183538,16.80603692,0.473505155,0.242577955,1.908080992,0.266999999999999
2022-01-31 23:13:12,15.233,16.233,21.5,3,0,1,68,35,16,"Condition 2.5-5","2.5","5",6069,1.01104595,1.030786613,0.101402798,0.200782893,0.1956182,2.604624218,0.992760396,0.976936812,1.015141638,2.569637819,4.747488766,2.820606758,3.992272243,0.011706129,31.10524789,0.647599336,0.333117329,3.24782619,0.976963393,0.97722683,0.013029645,0.022691244,0.845981436,1.151595836,0.975754141,0.96988223,0.982141716,0.698924077,1.003722346,0.526220252,0.720450707,0.010693049,5.399151664,0.407049597,0.22450384,0.925402236,1.008727474,1.013455469,0.050899986,0.097787768,0.522355104,1.810513577,0.99825525,0.987170462,1.013576668,1.59373734,2.756089715,1.503876798,2.248747468,0.011330766,18.72860376,0.633612929,0.340670189,1.892961269,0.233000000000001
2022-01-31 23:16:24,18.433,19.433,21.5,3.5,0,1,68,35,16,"Condition 2.5-5","2.5","5",5949,1.009034913,1.031092308,0.105882651,0.212149616,0.125235597,2.286077778,0.991606893,0.980252784,1.009657466,2.430980062,4.648393495,2.83084128,3.962390397,0.012904531,28.06840741,0.495641903,0.236815162,2.992965833,0.977426637,0.977736882,0.012573582,0.024630906,0.833207314,1.209771249,0.976090935,0.971181215,0.981351457,0.664041884,1.074627502,0.572649646,0.844980877,0.008755699,11.43607445,0.317312158,0.167333645,0.841361141,1.007362815,1.012392998,0.050450907,0.100804015,0.577266004,1.765587964,0.996846043,0.989461521,1.008540247,1.59284412,2.853136626,1.69472259,2.367314599,0.012661861,17.22878722,0.478525073,0.238388591,1.994657121,0.933
2022-01-31 23:18:24,20.433,21.433,21.5,4,1,1,68,35,16,"Condition 2.5-5","2.5","5",5919,1.008541027,1.027801897,0.103822362,0.198061513,0.324701346,1.987550164,0.991362593,0.979542071,1.00968974,2.367363332,4.479523407,2.807418526,3.803178264,0.011958078,24.19696236,0.440922534,0.197739691,3.204258333,0.977003363,0.977322068,0.012156444,0.024959131,0.806254118,1.327817282,0.975825352,0.971160514,0.980703421,0.615171892,0.97321316,0.52475819,0.754190633,0.006321969,8.844982435,0.303603368,0.163818021,0.788062262,1.006745889,1.011169976,0.049406448,0.094493086,0.632129254,1.720944973,0.997749955,0.98955226,1.008659742,1.488526424,2.5821133,1.56391504,2.110059363,0.010260496,13.90467006,0.447280732,0.209269915,2.019966402,0.433
2022-02-05 19:21:38,2.367,2.967,17,0.5,0,1,69,35,16,"Condition 2.5-10","2.5","10",3597,1.024746955,1.059642247,0.168455712,0.269732454,0.292818141,2.460948746,0.990190273,0.961341502,1.057575712,4.048154376,6.385483264,3.868537996,4.938990403,0.01953953,35.53995702,1.708345409,0.316371093,6.501719616,0.973868305,0.974525565,0.018875482,0.035790485,0.814527295,1.261370653,0.971002195,0.963112744,0.979296159,0.867680397,1.227713676,0.65138071,0.868689501,0.01653183,8.860737009,0.594058448,0.208933286,1.251961262,1.041138538,1.054020299,0.105212602,0.164307155,0.45806537,1.663809579,1.006483976,0.993818356,1.06349205,2.770256132,4.213494711,2.485926116,3.175220042,0.022828267,17.64297818,1.503224699,0.320998832,4.202968114,0.133
2022-02-05 19:24:02,4.767,5.367,17,1,0,1,69,35,16,"Condition 2.5-10","2.5","10",3588,1.024150025,1.058062887,0.170030442,0.265769609,0.157935783,2.31777652,0.990863319,0.951973862,1.075448706,3.790170293,5.912126757,3.539619886,4.53801643,0.024208629,30.23017108,1.571775934,0.347088621,6.114010291,0.974053452,0.974734599,0.019291195,0.036438707,0.800735906,1.283649712,0.971106026,0.963374731,0.97971614,0.883634666,1.279963184,0.663042788,0.926139651,0.014861917,8.25508771,0.60002846,0.216909264,1.214232911,1.036425003,1.0483878,0.097049147,0.157946657,0.395100402,1.811734709,1.005675153,0.994432035,1.058759047,2.626207197,3.982135705,2.387730068,2.993816839,0.007223589,15.12958398,1.327990312,0.269884045,4.129063146,0.233
2022-02-05 19:27:14,7.967,8.567,17,2,0,1,69,35,16,"Condition 2.5-10","2.5","10",3589,1.033579215,1.065539231,0.166867126,0.259049333,0.152433225,2.258800927,0.994216611,0.965170407,1.110137078,4.08615198,6.380770663,3.743269891,4.901458148,0.021225112,36.4895169,2.028593942,0.433894208,6.281808166,0.974235515,0.974903951,0.020913332,0.036100378,0.84434337,1.357308081,0.971260513,0.962015768,0.982888672,0.992587398,1.403753114,0.71307479,0.992757647,0.015218071,10.10170397,0.713834716,0.266371169,1.426475746,1.034510905,1.046229107,0.098366043,0.156170828,0.35118298,1.801582175,1.002738656,0.990221585,1.055485456,3.038290332,4.840052699,2.757152951,3.768137378,0.009062262,29.51117262,1.608266009,0.331430156,4.341172813,0.467
2022-02-05 19:29:38,10.367,10.967,17,3,0,1,69,35,16,"Condition 2.5-10","2.5","10",3713,1.030926388,1.067396523,0.1737103,0.276670807,0.252216982,2.451534976,0.991934455,0.964038081,1.089935552,4.106481107,6.771337737,3.996482602,5.384759882,0.034817912,38.47030799,1.663842092,0.373291859,6.225073681,0.974123912,0.974642357,0.019126775,0.031789945,0.848896174,1.165531095,0.971354781,0.963581747,0.981992618,0.923716242,1.279288489,0.682598968,0.885177059,0.013558185,6.763013998,0.602456982,0.262492469,1.363624276,1.045572204,1.059533694,0.107320494,0.171459423,0.366167235,1.900176332,1.006214812,0.993660906,1.069968169,2.956656299,4.787478535,2.795408061,3.765893629,0.007864547,25.99468904,1.30665392,0.3268141,4.09725034,0.367000000000001
2022-02-05 19:32:02,12.767,13.367,17,3.42857142857143,0,1,69,35,16,"Condition 2.5-10","2.5","10",3708,1.029964634,1.067300176,0.18253761,0.279863611,0.359474572,2.431225702,0.992828057,0.955621202,1.124622864,4.285626367,6.409506349,3.635714228,4.766687276,0.022402543,35.87323975,2.772825872,0.461640112,6.481171096,0.97352789,0.974114423,0.020400792,0.033803333,0.857274676,1.238066451,0.971070074,0.961903706,0.982637754,0.993461109,1.327881533,0.674761894,0.88120024,0.016454245,7.472752736,0.747925396,0.301973513,1.426366001,1.042820955,1.057146848,0.109197243,0.173470541,0.470495051,2.080936929,1.007458846,0.990753387,1.074059452,3.367291897,5.178904691,2.846720759,3.935298812,0.025948713,34.65693156,2.195240201,0.382855483,4.788621645,0.266999999999999
2022-02-05 19:34:26,15.167,16.667,17,4,1,1,69,35,16,"Condition 2.5-10","2.5","10",3637,1.0310915,1.065269022,0.173752382,0.267709006,0.191716233,2.553819301,0.992169097,0.961715094,1.115045537,4.088462655,6.317373324,3.589237655,4.816644007,0.02679527,37.20592829,2.474017771,0.380092856,6.161878497,0.973485065,0.974043357,0.018997462,0.032978623,0.833425992,1.251959542,0.970191276,0.961365935,0.979942273,0.905101509,1.221489042,0.618194608,0.820372984,0.017983654,7.948569787,0.703803374,0.258611756,1.308106747,1.04011146,1.051860778,0.098314005,0.156799253,0.373232847,1.788705869,1.00700281,0.993028502,1.062859044,3.11934759,4.680752424,2.688875712,3.49033872,0.019727508,22.00061949,1.938898502,0.323905492,4.640194954,0.167
2022-03-10 18:31:20,2.467,2.867,30.5,0.5,0,1,70,36,17,"Condition 1.5-15","1.5","15",2434,1.022194688,1.058632186,0.18267849,0.275411127,0.340840403,2.270299571,1.011427359,0.898622705,1.115292764,4.209744185,5.681375168,3.013775202,3.816027114,0.027494871,23.41086474,2.970245074,1.250184196,6.221410691,1.020505781,1.021037753,0.021163437,0.032961968,0.869570208,1.202380364,1.021707367,1.009540981,1.033931526,1.06449507,1.450089723,0.698005422,0.984890421,0.035667465,8.475419277,0.770844957,0.417343049,1.37179806,1.039818976,1.043999136,0.060380417,0.093350267,0.446528184,1.362541465,1.03772523,1.008241328,1.077619017,1.992961162,2.657368738,1.308006053,1.758119694,0.052897172,12.22270294,1.504376769,0.712662248,2.696646979,0.0329999999999999
2022-03-10 18:33:48,4.933,5.317,30.5,1,0,1,70,36,17,"Condition 1.5-15","1.5","15",2337,1.022310165,1.059862259,0.198486162,0.279684477,0.298871541,2.139058926,1.016087004,0.862215969,1.149959054,4.075925414,5.321479086,2.635323179,3.421985464,0.130079502,20.82944741,3.132249223,1.519681642,5.760978169,1.019835548,1.020434984,0.021572366,0.034979069,0.820563809,1.210583691,1.020706396,1.008868307,1.033699444,1.034467548,1.361427382,0.629012033,0.885266567,0.023810239,7.555936415,0.787769722,0.437756351,1.332325351,1.041400625,1.046084128,0.065479006,0.09889857,0.639810558,1.431290155,1.038073752,1.007997511,1.078208507,2.040766184,2.621952743,1.240521946,1.64653276,0.045603828,10.92793893,1.643017731,0.817543379,2.728948096,0.0670000000000002
2022-03-10 18:36:12,7.333,7.75,30.5,1.66666666666667,0,1,70,36,17,"Condition 1.5-15","1.5","15",2419,1.019643734,1.0525535,0.184206866,0.261196726,0.36703486,2.205685295,1.009074792,0.880621987,1.138742926,4.017427788,5.213523727,2.669798283,3.323502929,0.001793301,18.89169365,2.992260107,1.395122309,5.987670953,1.020288874,1.020900841,0.021057045,0.035350492,0.863158079,1.246915275,1.020981726,1.009577836,1.032081151,0.970193593,1.262422208,0.592781761,0.807901083,0.012144569,6.64221806,0.765270117,0.404296571,1.288456274,1.040547487,1.04507122,0.061133962,0.097152893,0.432601911,1.432996346,1.036387443,1.008545551,1.075324627,2.032621294,2.669363358,1.272216757,1.730661757,0.014041458,13.57162414,1.568343708,0.840258239,2.719663297,0.167
2022-03-10 18:38:43,9.85,10.267,30.5,2,0,1,70,36,17,"Condition 1.5-15","1.5","15",2438,1.021743706,1.05307159,0.178438362,0.255002441,0.286298887,2.310661133,1.014253808,0.881278283,1.13208593,3.994408746,5.427049428,2.615674409,3.674657145,0.120161012,37.6579339,3.0603373,1.48239194,5.456822804,1.020567638,1.021235425,0.021625822,0.036933049,0.849142678,1.233474813,1.020587239,1.010969904,1.0303891,0.960968518,1.353214932,0.674582406,0.952944275,0.019646343,8.032684842,0.633193451,0.333994315,1.277427364,1.039942497,1.044645798,0.062294621,0.099037722,0.492453786,1.546466747,1.033663936,1.004734845,1.073542937,1.916242233,2.555912315,1.280308319,1.691708548,0.030944457,13.02005701,1.437681815,0.657338099,2.681461327,0.15
2022-03-10 18:41:31,12.65,13.067,30.5,2.58333333333333,0,1,70,36,17,"Condition 1.5-15","1.5","15",2405,1.016091835,1.042230532,0.166584724,0.232000527,0.438872552,1.94012063,1.004640532,0.869866612,1.120057963,3.966084777,5.176225327,2.632552984,3.326873037,0.044252813,26.03410788,3.05087769,1.307281172,5.836658081,1.020642575,1.021118152,0.020385592,0.031167567,0.883687204,1.212734143,1.022059668,1.008639882,1.033630664,0.931431708,1.172693627,0.534725872,0.712640563,0.022913801,5.771384228,0.736230572,0.417147234,1.241601753,1.040070821,1.044417542,0.057805018,0.095207455,0.355903741,1.414811601,1.038379649,1.009147353,1.072502983,1.985866541,2.680642924,1.235171793,1.80098023,0.044401975,15.8050091,1.527864798,0.789350123,2.542314527,0.15
2022-03-10 18:44:00,15.133,15.533,30.5,3,0,1,70,36,17,"Condition 1.5-15","1.5","15",2416,1.019872803,1.05456065,0.186009471,0.268304727,0.377315171,2.137488975,1.013071265,0.897661043,1.131367146,3.961095811,5.205292405,2.640185038,3.377797126,0.038939748,21.76021474,3.061446042,1.269026648,5.629225878,1.018978994,1.019544797,0.021979807,0.033968822,0.849247861,1.181281523,1.019567942,1.007639974,1.032678725,1.069820416,1.427255154,0.651718109,0.944939832,0.006608047,8.477510911,0.805976634,0.467308915,1.340011052,1.041775225,1.04586605,0.059884343,0.092432195,0.53444389,1.393590346,1.037260917,1.007995091,1.077959898,1.995894741,2.615018853,1.230060457,1.689943891,0.029830883,12.19460266,1.587651653,0.795285536,2.662474236,0.132999999999999
2022-03-10 18:46:00,17.133,18.2,30.5,3,0,1,70,36,17,"Condition 1.5-15","1.5","15",2426,1.023435365,1.055052365,0.184492014,0.256403285,0.307088798,2.125348101,1.005186718,0.886679109,1.144739355,4.401147791,5.744447655,2.84028678,3.69245167,0.060041543,28.4117345,3.438805619,1.590326928,6.364307378,1.018134293,1.018713288,0.021552247,0.034348374,0.84632642,1.18124969,1.021142949,1.00744582,1.031533157,1.052546196,1.376246316,0.664398179,0.886862316,0.031823737,6.756719747,0.79736695,0.405492444,1.447221391,1.040947469,1.045329008,0.063494915,0.095628826,0.542551769,1.372211794,1.037872829,1.006243123,1.082237558,2.175410507,2.756647805,1.274795194,1.693481289,0.036756531,12.49050284,1.78757798,0.951225579,2.973021828,0.367000000000001
2022-03-10 18:48:44,19.867,20.267,30.5,3,0,1,70,36,17,"Condition 1.5-15","1.5","15",2411,1.019016252,1.04555389,0.169996139,0.234118664,0.286425541,1.94994854,1.012165513,0.891073818,1.128806473,4.19013289,5.508334946,2.662271994,3.576289591,0.132398551,25.54913752,3.290519062,1.500224611,5.706493823,1.019739214,1.020197271,0.019354138,0.030574427,0.88439568,1.186516265,1.020829557,1.009291111,1.032699156,0.933231846,1.165231331,0.518717302,0.697885714,0.023740025,4.657275644,0.748446908,0.448672833,1.19542299,1.040364406,1.044103866,0.055962063,0.088306394,0.373994168,1.372185057,1.037055801,1.009252136,1.071819382,1.958690556,2.615001907,1.203929607,1.732920177,0.069633389,15.51189837,1.439790052,0.860970913,2.47351599,0.132999999999999
2022-03-10 18:51:12,22.333,22.733,30.5,3,0,1,70,36,17,"Condition 1.5-15","1.5","15",2509,1.0152596,1.044674926,0.172508232,0.246206836,0.443196144,2.147486428,0.999698076,0.900379366,1.126856565,3.578447429,4.744726548,2.397436402,3.116250316,0.062514015,18.51520802,2.673189658,1.242659188,5.058749526,1.019553246,1.020133015,0.021013469,0.034395054,0.82927785,1.146293725,1.021429473,1.009354936,1.032075444,0.956651055,1.238677598,0.585130628,0.787012018,0.043506438,5.245867062,0.70838891,0.409378857,1.266725377,1.040099438,1.043762055,0.054375186,0.087380947,0.435783189,1.38564226,1.038275809,1.010651838,1.070335975,1.711839065,2.349965505,1.095647955,1.610272888,0.055579196,16.1700132,1.312149242,0.652752838,2.222701871,0.167000000000002
2022-03-10 18:53:40,24.8,25.217,30.5,3,0,1,70,36,17,"Condition 1.5-15","1.5","15",2373,1.018535116,1.051798802,0.183132452,0.262480422,0.262888579,2.209855157,1.014434431,0.896654299,1.123022441,3.769752702,4.904735159,2.436907626,3.138398312,0.080369494,18.26676153,2.924558775,1.331843234,5.292553953,1.019662782,1.020156764,0.020253167,0.031749921,0.88670603,1.177307247,1.020681641,1.010381267,1.031883721,0.938989727,1.174477342,0.52791992,0.705623999,0.023134922,5.832714638,0.778494933,0.438382525,1.276166434,1.040616049,1.044805784,0.05971255,0.093493582,0.534854387,1.397870902,1.03539007,1.007132477,1.074759324,1.828775039,2.342741428,1.07114779,1.464555743,0.031585863,12.38289232,1.494036531,0.80329465,2.480682104,0.199999999999999
2022-03-10 18:56:28,27.6,28,30.5,3.45454545454545,0,1,70,36,17,"Condition 1.5-15","1.5","15",2411,1.020424638,1.051029451,0.175331018,0.25183878,0.432936951,2.192690308,1.010109771,0.886843637,1.116560515,3.876348762,5.128027985,2.595467443,3.357866856,0.033127177,21.35699364,2.861955701,1.326918481,5.325019445,1.021764802,1.022293304,0.020433594,0.032874544,0.859315634,1.305226704,1.022629412,1.010202427,1.035111355,1.008426458,1.339667755,0.613062729,0.882104664,0.056126215,9.23858703,0.768363726,0.421255846,1.3300919,1.041152199,1.044835984,0.058111529,0.087678498,0.584576339,1.352557305,1.03727911,1.008812756,1.077632166,1.946856053,2.582073021,1.207211573,1.696480711,0.058021207,13.06195245,1.525014136,0.760502854,2.557002539,0.100000000000001
2022-03-10 18:58:56,30.067,30.483,30.5,4,1,1,70,36,17,"Condition 1.5-15","1.5","15",2386,1.019179481,1.053794327,0.186440795,0.267928638,0.423171294,2.219092605,1.009961131,0.884930795,1.121693988,3.926455446,5.272681596,2.642499114,3.519845667,0.075725112,36.78936885,2.950829941,1.300567824,5.603283819,1.020290478,1.020853308,0.021590187,0.033901283,0.882089757,1.214993731,1.021040394,1.009118446,1.033400831,1.015783056,1.313210911,0.62172266,0.832465161,0.01901371,5.766112302,0.808527406,0.413267729,1.355799888,1.040985315,1.045138831,0.059745133,0.093104152,0.500675073,1.355489418,1.037384944,1.007666577,1.077769285,1.965876437,2.613618537,1.204480262,1.722665365,0.05381089,13.24436629,1.558667438,0.811170262,2.566996645,0.0670000000000002
2022-03-17 19:52:55,2,3,40.5,0.4,0,0,71,36,17,"Condition 2.5-5","2.5","5",5972,1.004028971,1.019350154,0.087050999,0.176084507,0.385985361,2.318390888,0.986961938,0.970257536,1.014160561,2.151358853,4.38777285,2.40375865,3.824481047,0.011900063,54.65333679,0.506745988,0.210503531,2.549381761,1.031480723,1.0318977,0.015885487,0.029334708,0.764371961,1.287133265,1.031390308,1.023023265,1.038803648,0.696987289,1.099029873,0.552043927,0.849821353,0.003813829,8.160801187,0.39618267,0.202860755,0.841708793,1.022633359,1.025137582,0.035918115,0.071616579,0.239076117,1.449874381,1.016816813,1.007376929,1.029675379,1.35109001,2.392609727,1.270328666,1.97478865,0.01954279,22.91109772,0.573440859,0.253224093,1.634597403,0.5
2022-03-17 19:55:55,5,7.4,40.5,1,0,0,71,36,17,"Condition 2.5-5","2.5","5",6005,1.003547226,1.018469044,0.089100631,0.173715811,0.193509312,2.145071682,0.988088082,0.974931668,1.014875695,1.982755771,3.772373528,2.24244074,3.209547836,0.00720186,26.37681324,0.400631031,0.153302461,2.452428102,1.031038083,1.031321039,0.012183162,0.024158936,0.876759521,1.240890635,1.030506761,1.025970505,1.034945126,0.571503511,0.9146565,0.513121781,0.714188493,0.003560805,5.234388328,0.255882171,0.113132966,0.770423949,1.022182232,1.024201967,0.031952514,0.064294971,0.354114961,1.412839445,1.016334975,1.010700282,1.026181198,1.156079272,2.02152875,1.123774931,1.658468364,0.014637907,20.97712287,0.441146405,0.188080746,1.486445194,0
2022-03-17 19:58:19,7.4,9.4,40.5,1,0,0,71,36,17,"Condition 2.5-5","2.5","5",5955,1.005843806,1.020014505,0.089101126,0.169448076,0.271231536,2.03457279,0.988018626,0.977893244,1.011652434,2.252938726,4.301011421,2.558211877,3.664044372,0.005364383,41.26959119,0.400999954,0.147097107,2.954025834,1.031387387,1.031950687,0.015572417,0.034095073,0.669088581,1.410876215,1.031072229,1.025852669,1.036021512,0.712094994,1.359238436,0.676494593,1.157875216,0.003617952,15.4983354,0.288693766,0.121500999,0.864385963,1.022360406,1.02451766,0.035544106,0.066455821,0.556206148,1.717715097,1.015454523,1.009318825,1.028810733,1.370400439,2.622863609,1.373001667,2.236572444,0.007353803,38.33896115,0.435917083,0.166405769,1.783064345,0.0999999999999996
2022-03-17 20:01:19,10.4,11.4,40.5,1,0,0,71,36,17,"Condition 2.5-5","2.5","5",5964,0.99988199,1.012836018,0.085377538,0.161484297,0.356901349,2.101264572,0.986948284,0.96805797,1.015808088,1.917161729,3.549173547,2.061322524,2.98707551,0.011115716,25.7232902,0.52822549,0.213556823,2.520428184,1.031434996,1.031864049,0.016633031,0.029755911,0.829641864,1.260102012,1.030858073,1.023251413,1.038504587,0.654966228,0.981740767,0.523187637,0.731384906,0.00936236,5.914168285,0.386986127,0.169212405,0.872287931,1.022423192,1.024360851,0.033754485,0.062981223,0.501471361,1.447816507,1.016818156,1.008411922,1.032580678,1.15894013,1.85706332,0.999832199,1.451170255,0.018119614,12.56513708,0.596287206,0.244503143,1.527980349,0.4
2022-03-17 20:03:25,12.5,13.6,40.5,1,0,0,71,36,17,"Condition 2.5-5","2.5","5",7295,0.996643702,1.004092691,0.063501327,0.122088112,0.316765329,1.668418424,0.987721277,0.975633684,1.005428774,1.422753401,2.637063768,1.563096361,2.220485093,0.009201083,19.23260447,0.369826064,0.173548469,1.747979042,1.031583546,1.03189193,0.013403409,0.025227552,0.850587913,1.313339145,1.030977186,1.025588758,1.037170794,0.587196307,0.925669368,0.48946402,0.715635724,0.005295066,6.692191676,0.312719074,0.151243605,0.751270031,1.020306937,1.021463032,0.024027887,0.04858809,0.553892461,1.483732083,1.016366995,1.009497699,1.026801918,0.941876015,1.52395025,0.827033821,1.198119669,0.002954274,13.63183443,0.457838038,0.215723673,1.20633382,0
2022-03-17 20:05:31,14.6,16.817,40.5,1,0,0,71,36,17,"Condition 2.5-5","2.5","5",6045,0.998616864,1.008941601,0.079103845,0.143982442,0.50641335,1.981467419,0.987518258,0.967516137,1.015382495,1.793620942,3.117336682,1.842772124,2.549860319,0.007407697,18.84281228,0.531624674,0.257706915,2.386026648,1.032008317,1.032425772,0.015819857,0.029359026,0.862676457,1.293179517,1.031565529,1.023733745,1.039743535,0.63991625,0.916172811,0.451409696,0.65570645,0.012014564,7.318107735,0.410097956,0.231324805,0.797913382,1.023400243,1.025051175,0.031217281,0.058158523,0.577134044,1.428537231,1.01847728,1.008951974,1.032462619,1.14412818,1.775153525,0.948807774,1.357367151,0.007189983,15.69473573,0.612085313,0.293527369,1.512015158,0.4
2022-03-17 20:08:44,17.817,18.817,40.5,1,0,0,71,36,17,"Condition 2.5-5","2.5","5",6123,0.999716601,1.009257406,0.075457817,0.138457071,0.5211944,1.800369219,0.987784014,0.973133128,1.013653797,1.65828221,2.952116801,1.731071946,2.442553633,0.004591991,21.33241833,0.473870112,0.169431937,2.308343607,1.031935771,1.032311167,0.015376511,0.027839485,0.879249696,1.25941932,1.031195649,1.024947957,1.036859597,0.645893696,0.980964795,0.53861628,0.738378168,0.006260872,6.23042362,0.354273578,0.138563177,0.906277259,1.022803358,1.024377054,0.029952841,0.05676413,0.5281321,1.322876519,1.017405851,1.010105372,1.030101747,1.098197215,1.79515271,0.958926412,1.420163925,0.007530608,13.70634135,0.54628255,0.215477591,1.454049257,0.317
2022-03-17 20:10:43,19.8,20.8,40.5,1,0,0,71,36,17,"Condition 2.5-5","2.5","5",6036,1.000424651,1.012650814,0.080526645,0.15689572,0.201267086,2.137415442,0.986760028,0.971798789,1.00704806,1.838225183,3.395422406,2.028742366,2.855025769,0.009544071,26.22471612,0.411575486,0.195877366,2.511660187,1.031536149,1.03187391,0.014867189,0.026401793,0.819251236,1.254860156,1.031108126,1.024617062,1.038125601,0.633816307,0.97044907,0.526527741,0.73494067,0.00729181,6.534539171,0.322282929,0.163949822,0.83464533,1.02218105,1.024178628,0.032933531,0.063940913,0.282490851,1.377182985,1.016167581,1.008052323,1.028026227,1.224223094,2.162568631,1.154227224,1.782836947,0.007618697,22.65616209,0.481270344,0.228383695,1.555821445,0.199999999999999
2022-03-17 20:13:43,22.8,23.8,40.5,1.6,0,0,71,36,17,"Condition 2.5-5","2.5","5",6034,0.998745939,1.00783696,0.071627034,0.135073725,0.285615509,1.794797332,0.988087033,0.976435111,1.00379809,1.70959927,3.286151467,1.893310268,2.806664837,0.007178904,25.4701372,0.358177159,0.164127287,2.332789769,1.03166187,1.031986947,0.013341131,0.025902842,0.898854194,1.24379508,1.031078544,1.025976838,1.036402093,0.596255014,0.941424413,0.503435812,0.728593078,0.007171571,6.447177626,0.288868407,0.155265715,0.771784029,1.022184028,1.023376881,0.0258783,0.049400982,0.543271469,1.37024707,1.017027872,1.010576025,1.027095142,0.987287134,1.625251444,0.89385164,1.291116835,0.00866937,11.09252742,0.431342699,0.213611321,1.280498554,0.300000000000001
2022-03-17 20:16:55,26,27.017,40.5,2,0,0,71,36,17,"Condition 2.5-5","2.5","5",6044,0.998533347,1.006693598,0.073022478,0.127929134,0.365564383,1.725867249,0.986885286,0.973111417,1.012762903,1.68623902,3.021615093,1.792019031,2.507547855,0.003699084,19.71113138,0.433062717,0.189194484,2.301853024,1.031722328,1.032016911,0.013526953,0.024658562,0.883091526,1.242880702,1.031228901,1.025187777,1.037499042,0.584071681,0.912443229,0.481342152,0.701066508,0.011585046,6.120948266,0.315393947,0.152081967,0.714462947,1.022588961,1.024329984,0.029883714,0.059701944,0.394245462,1.508218062,1.017668002,1.010111687,1.030211638,1.082893121,1.842584453,0.981648237,1.490915085,0.014046603,17.34014469,0.496293462,0.215559306,1.368713621,1
2022-03-17 20:17:56,27.017,28.017,40.5,2,0,0,71,36,17,"Condition 2.5-5","2.5","5",6075,0.998337777,1.00760076,0.074402348,0.136323271,0.340318967,1.784848858,0.987545563,0.97297917,1.009420644,1.654271441,3.008176032,1.786878828,2.512677551,0.014348311,19.2244007,0.404594101,0.19517934,2.316283715,1.031662458,1.032008814,0.014163794,0.026737273,0.810752654,1.247815204,1.030891393,1.025153261,1.037863028,0.6094561,0.971157378,0.491739381,0.756177264,0.016834342,8.011302988,0.334915332,0.167974256,0.758707856,1.022403933,1.023636793,0.026889574,0.05022846,0.574890298,1.386195927,1.017256918,1.009867033,1.03078256,1.05004291,1.758789691,0.923795163,1.411055941,0.020171664,13.69968089,0.510168946,0.2402663,1.250682961,0.483000000000001
2022-03-17 20:20:56,30.017,31.017,40.5,2,0,0,71,36,17,"Condition 2.5-5","2.5","5",6025,1.001726203,1.013484956,0.084529154,0.15394903,0.285202699,1.873905397,0.989951501,0.96686122,1.020866192,1.951809243,3.37376596,1.988625258,2.752089158,0.018138403,20.01650309,0.636144958,0.282295623,2.522716649,1.031706521,1.032016077,0.015147285,0.025277335,0.897954803,1.216507426,1.031071581,1.022417835,1.039548744,0.638589669,0.907095516,0.447137703,0.644278213,0.00968554,5.686647928,0.422768192,0.218581043,0.83237768,1.021753284,1.023304548,0.031395903,0.056328948,0.392223752,1.300381319,1.017516936,1.00647652,1.033280869,1.203851429,1.8134172,0.937645468,1.356292389,0.016909748,12.89422737,0.70436278,0.34251997,1.586621297,0.0169999999999995
2022-03-17 20:22:56,32.017,34.233,40.5,2,0,0,71,36,17,"Condition 2.5-5","2.5","5",5993,1.000180925,1.009858325,0.079177045,0.139481904,0.279262143,1.906434673,0.98879399,0.968343606,1.021309747,1.824928959,3.305480676,1.874412718,2.756284577,0.007092232,26.39146656,0.537548418,0.231487794,2.50614656,1.032209797,1.032559378,0.015147291,0.026868647,0.853081068,1.302947833,1.031914395,1.024159956,1.039331227,0.63189091,0.943255441,0.482953779,0.700376019,0.006171885,7.016969291,0.374410818,0.189830407,0.818159377,1.022566794,1.024157501,0.030382437,0.057063856,0.565530945,1.398872125,1.018094252,1.008384475,1.03315052,1.1806359,1.952389926,1.014287012,1.555097711,0.014677434,16.59643832,0.612672558,0.268733484,1.473076643,0.482999999999997
2022-03-17 20:26:09,35.233,36.233,40.5,2,0,0,71,36,17,"Condition 2.5-5","2.5","5",5975,1.001152339,1.013306598,0.082061931,0.156487552,0.363322298,2.249441727,0.988520375,0.972740808,1.012648532,1.818140395,3.33376132,1.964338617,2.794572831,0.013286298,23.48399659,0.452083198,0.193492126,2.438429866,1.032145577,1.032576211,0.014503469,0.029820922,0.813815309,1.376628597,1.031139685,1.025308428,1.037556627,0.63873485,1.077086083,0.55538933,0.867328163,0.008282638,11.39401421,0.321531411,0.149835444,0.771938582,1.023001967,1.024393602,0.028048883,0.053382607,0.650977792,1.497323799,1.017096717,1.009549453,1.028439568,1.095460842,1.801683285,1.000291142,1.430514155,0.006080935,11.3568934,0.483455995,0.217629965,1.422337863,0.232999999999997
2022-03-17 20:28:08,37.217,38.217,40.5,2.4,0,0,71,36,17,"Condition 2.5-5","2.5","5",5984,0.999702844,1.011350676,0.082800872,0.15306315,0.317407355,2.317098101,0.988463287,0.97026721,1.016649581,1.831665212,3.397016279,1.948712425,2.861134456,0.016796222,23.53726208,0.509001267,0.22876229,2.372699271,1.031812866,1.032192944,0.01666798,0.028010974,0.858177533,1.3077968,1.031093704,1.022165203,1.039947186,0.637452023,0.922862194,0.465862502,0.66738594,0.019397203,6.247205613,0.392955988,0.217280724,0.812130432,1.022737792,1.024655909,0.033502113,0.062672141,0.526565409,1.424567481,1.017577939,1.006439368,1.03385829,1.189528518,1.976100189,1.006022185,1.578103327,0.004740679,15.5627396,0.595448846,0.296323154,1.449471592,0.283000000000001
2022-03-17 20:31:08,40.217,40.5,40.5,3,0,0,71,36,17,"Condition 2.5-5","2.5","5",5961,1.001046105,1.010788626,0.079159544,0.140012967,0.357352207,1.840759796,0.988105832,0.967689648,1.022720625,1.962157804,3.383033615,1.970840994,2.756107347,0.00920317,20.66160436,0.681144598,0.229073554,2.764933257,1.031606897,1.03204321,0.016087081,0.030009132,0.829044733,1.26636583,1.031243807,1.02466841,1.038582673,0.700544423,1.128001163,0.578492995,0.884169273,0.007605905,8.482268756,0.403473679,0.161656146,0.886837471,1.021436463,1.022757703,0.028930893,0.051974272,0.442871664,1.338621478,1.016810258,1.00873169,1.031969034,1.168830819,1.909320074,0.989576115,1.509874222,0.004309769,16.10874622,0.648956783,0.235099929,1.500907923,0.216999999999999
2022-04-01 22:45:00,2.433,2.867,31,0.5,0,1,72,36,17,"Condition 2.5-15","2.5","15",2852,1.020390212,1.03997309,0.139850075,0.200902948,0.318582961,1.769796013,1.004084341,0.924301236,1.107648488,3.754248805,5.262994197,2.701808135,3.689105233,0.01786401,26.80497489,2.740272804,1.077032451,5.161627848,1.031167529,1.032283912,0.027778178,0.048004272,0.834762701,1.437666153,1.030763272,1.016231847,1.046213012,1.160952814,1.523004378,0.713300797,0.985937045,0.024658123,7.65661529,0.874360706,0.483881969,1.520222161,1.040797067,1.044687915,0.057285046,0.09009523,0.67631473,1.525921381,1.038040565,1.011846402,1.074516588,1.856869258,2.423271273,1.173833981,1.557283162,0.016452223,9.161370512,1.460265256,0.722820211,2.521255484,0.0670000000000002
2022-04-01 22:47:32,4.967,5.4,31,1,0,1,72,36,17,"Condition 2.5-15","2.5","15",2781,1.028805926,1.058514652,0.170225227,0.249066139,0.156345042,2.22951676,1.005948631,0.897922795,1.122991887,4.219756927,6.075691245,3.134659374,4.372019135,0.097117187,36.16035313,2.930712749,1.109614329,5.642724751,1.031895219,1.032841243,0.026074395,0.044203997,0.827462697,1.322708602,1.031072636,1.019105017,1.045222506,1.144177668,1.485010087,0.709041817,0.94680245,0.016780398,7.375723633,0.890213456,0.443816264,1.556277532,1.041219887,1.046215315,0.064081623,0.102134143,0.418143498,1.432436248,1.036171563,1.007239821,1.076332088,2.084269184,2.97040092,1.455377343,2.116770031,0.022522085,20.69894305,1.470612854,0.665314766,2.726159718,0.0330000000000004
2022-04-01 22:50:00,7.433,7.867,31,1.54545454545455,0,1,72,36,17,"Condition 2.5-15","2.5","15",2774,1.027720787,1.05720726,0.1577003,0.247990612,0.173351041,2.649963807,1.007924866,0.913212695,1.11436764,4.315604447,6.337927166,3.390436836,4.642483316,0.04228843,29.65893088,2.820948554,0.9670371,5.785509442,1.029103629,1.029795783,0.021086088,0.037756982,0.869385791,1.354257031,1.028941775,1.017933455,1.03967769,0.94088762,1.250329355,0.63383964,0.823588848,0.008094228,5.25591946,0.678863945,0.319896332,1.325248374,1.036869444,1.040953815,0.058080734,0.092139359,0.45069539,1.498257414,1.032343116,1.003105189,1.069946908,1.936457459,2.735442131,1.387988861,1.932387839,0.021430594,14.6009708,1.347957116,0.576338408,2.607553095,0.0670000000000002
2022-04-01 22:52:42,10.133,10.533,31,2,0,1,72,36,17,"Condition 2.5-15","2.5","15",2365,1.028339235,1.057091732,0.176986471,0.24492185,0.344062063,2.374153512,1.004635667,0.869229459,1.136617249,4.61783289,6.52264504,3.078578346,4.607547943,0.130926214,48.33993018,3.270215776,1.728815254,5.829268886,1.030973142,1.031952928,0.030225236,0.044967567,0.885308107,1.329148479,1.027193906,1.010861446,1.049100067,1.228241209,1.48141646,0.626666672,0.82843743,0.054615653,5.500575326,1.036802554,0.625440008,1.621451654,1.04237472,1.046623919,0.063106638,0.094235482,0.463059804,1.40667646,1.041150573,1.000908988,1.079721751,2.209125149,2.866345294,1.295109595,1.826776685,0.132050914,13.69866261,1.682598917,0.97788656,2.844577458,0.132999999999999
2022-04-01 22:55:12,12.633,13.067,31,2,0,1,72,36,17,"Condition 2.5-15","2.5","15",2595,1.021688839,1.045337343,0.156023666,0.221135526,0.296931279,2.318624757,0.998169865,0.893993162,1.112516923,4.115137941,5.704203601,3.009834159,3.950898129,0.053653307,24.06291783,2.94039069,1.099962728,5.785586501,1.029906858,1.030743513,0.025138942,0.041529738,0.850361478,1.312559998,1.028709331,1.014958085,1.043182737,1.070040658,1.45697054,0.686794231,0.989016292,0.027383311,8.145798646,0.781934824,0.419771717,1.381416317,1.0391854,1.043193274,0.056102063,0.091373573,0.569142259,1.480392418,1.03498883,1.013985087,1.072474589,1.964950909,2.705182182,1.34821531,1.859653666,0.024334087,13.63968224,1.408974315,0.671014205,2.67537005,0.132999999999999
2022-04-01 22:57:44,15.167,16.083,31,2,0,1,72,36,17,"Condition 2.5-15","2.5","15",2668,1.029667638,1.056700966,0.161187057,0.237534489,0.336052101,2.442896556,1.005930736,0.914355072,1.110403796,4.152966213,6.204995493,3.234518159,4.611161813,0.020737102,34.44064693,2.518296278,1.055577217,5.485402373,1.030313109,1.031395744,0.025968647,0.047253732,0.795971939,1.489030642,1.030796015,1.017158528,1.045061024,1.120273068,1.491686201,0.683632618,0.985129363,0.027112615,9.068285769,0.859386253,0.462947566,1.386270192,1.039489467,1.043673381,0.056270197,0.093375811,0.615492727,1.597860203,1.035640383,1.008623284,1.070907729,1.838759862,2.417752053,1.147804333,1.570162913,0.026955916,12.60969073,1.363525378,0.767393143,2.406794669,0.167
2022-04-01 22:59:26,16.867,18.733,31,2.42857142857143,0,1,72,36,17,"Condition 2.5-15","2.5","15",2379,1.0300046,1.060272182,0.176360308,0.251583444,0.275722428,2.18637626,1.013585887,0.877527265,1.131739349,4.563477789,6.092415608,3.005065178,4.037208504,0.085149,36.34318593,3.259020958,1.679011678,6.187068081,1.030568689,1.031621301,0.0276606,0.046600413,0.764345125,1.352303512,1.02945937,1.01446126,1.042413449,1.136570169,1.491274411,0.711754161,0.96566027,0.022196309,6.238537748,0.838501334,0.447874879,1.49997472,1.041612114,1.046399297,0.066329356,0.099999472,0.631892539,1.474853428,1.038597854,1.003453507,1.077596223,2.076900583,2.658649388,1.251860898,1.660138403,0.089575215,10.39778651,1.606673503,0.875710905,2.823756734,0.632999999999999
2022-04-01 23:02:32,19.967,20.4,31,3,0,1,72,36,17,"Condition 2.5-15","2.5","15",2791,1.021542815,1.050864058,0.162774455,0.246550854,0.207336919,2.404906019,0.999959871,0.900231608,1.10237067,3.744711728,5.474065253,2.935565236,3.993524845,0.07153505,23.79745167,2.392525953,0.908116369,4.97265803,1.029977285,1.030708791,0.023189147,0.038832265,0.886436655,1.278930588,1.029835897,1.018728852,1.041769414,1.000866004,1.377742611,0.698387266,0.946975905,0.025673444,5.486060598,0.68850121,0.347166036,1.305559669,1.039718691,1.044560272,0.060324279,0.100472994,0.312960934,1.479352481,1.034267344,1.015433635,1.075841474,1.873580129,2.795467723,1.384863282,2.075061593,0.014221601,19.64500659,1.27094502,0.545870291,2.426698242,0.0330000000000013
2022-04-01 23:05:02,22.467,22.883,31,3,0,1,72,36,17,"Condition 2.5-15","2.5","15",2495,1.021774222,1.048705547,0.16998188,0.236184505,0.359000834,2.239627092,1.010679973,0.880527938,1.127825725,4.111817194,5.612549285,2.793312287,3.820932177,0.037788425,26.31539796,2.91554194,1.47564002,5.341278443,1.031429184,1.032610517,0.029735918,0.049389225,0.76204842,1.329411538,1.030749117,1.013403054,1.047404206,1.195352849,1.57151954,0.756639925,1.020403216,0.038886438,7.279397732,0.856798987,0.49006634,1.565095017,1.040903691,1.045298997,0.061535563,0.095776696,0.543373148,1.488801077,1.040764769,1.005631138,1.075918032,1.933390932,2.479936455,1.151383648,1.553400099,0.043467243,12.68707244,1.535652953,0.83706021,2.63182265,0.0330000000000013
2022-04-01 23:07:33,24.983,25.417,31,3,0,1,72,36,17,"Condition 2.5-15","2.5","15",2530,1.015474901,1.037157436,0.147982696,0.211006801,0.376199779,2.451401843,1.001853626,0.885872815,1.107848524,3.916552916,5.499318987,2.71002726,3.861219729,0.10571892,34.51118957,2.806824819,1.243552201,5.296001504,1.031924724,1.032912242,0.029010264,0.045164926,0.855565722,1.332187358,1.02970962,1.014714758,1.047400392,1.225671886,1.601911907,0.724270496,1.031635116,0.029788989,7.211390316,0.912150005,0.568630196,1.540479115,1.040749178,1.044385562,0.056705355,0.087093913,0.498460278,1.352518637,1.037375997,1.008344631,1.078030283,1.97184968,2.675466385,1.242594199,1.808652177,0.013841863,13.05348175,1.429630265,0.801858141,2.474281703,0.0169999999999995
2022-04-01 23:09:55,27.35,27.883,31,3.44444444444444,0,1,72,36,17,"Condition 2.5-15","2.5","15",3042,1.02378547,1.052414625,0.153717736,0.243842986,0.359416934,2.498708532,0.991412115,0.923564909,1.09127093,3.852845775,5.803087273,3.259799285,4.340229934,0.0076222,34.02710186,2.383883746,0.601500592,5.546304527,1.03115888,1.031957697,0.023191815,0.040602891,0.868185046,1.32086652,1.029611027,1.020107179,1.041149536,0.958880025,1.356812309,0.698805491,0.960099923,0.011923883,7.082017465,0.669375875,0.262533422,1.303086449,1.038186895,1.041870965,0.05527434,0.087553409,0.574270819,1.399239906,1.030934482,1.013881555,1.067881281,1.833463919,2.593050547,1.370132055,1.833964891,0.010114791,11.27640495,1.32183093,0.41245654,2.566868496,0.149999999999999
2022-04-01 23:12:49,30.25,30.85,31,4,1,1,72,36,17,"Condition 2.5-15","2.5","15",3667,1.007717302,1.021094648,0.106866722,0.164765052,0.251115243,2.145954705,0.99206248,0.945644403,1.061468778,2.709210711,4.298143882,2.33460519,3.337252783,0.02702262,26.86061028,1.570052484,0.399914584,3.853949889,1.030228896,1.030816209,0.019910914,0.034796672,0.837992829,1.324338515,1.029371274,1.020029623,1.040261442,0.849866377,1.241881595,0.624607843,0.905660407,0.017872391,9.696629141,0.54244097,0.267722813,1.129820253,1.035264151,1.03745441,0.038320031,0.067387171,0.515841692,1.442582744,1.031031729,1.018705874,1.056194811,1.387510947,2.112123082,1.096668834,1.592661044,0.012209365,16.24620907,0.856579011,0.319813571,1.884351634,0.25
